geometry,beta,criterion,q_family,dominant_q,n_valid_bands,same_sector_mean,same_shell_mean,deficit_fill_mean,completion_gain_mean,same_sector_outer,same_shell_outer,deficit_fill_outer,completion_gain_outer,outer_level,outer_radius,outer_gap
cubic,0.0,score_q,"1-axis:(1,)",Y1,2,0.964644996201844,0.9741392724233455,-0.0029993736198211073,4.1826140233756914e-06,0.99304561695049,0.9948610927448298,-0.021366183720769587,0.002863206433857339,0.25,9.420721840708387,1.1440036658708426
cubic,0.0,score_iso,"1-axis:(1,)",Y1,2,0.964644996201844,0.9741392724233455,-0.0029993736198211073,4.1826140233756914e-06,0.99304561695049,0.9948610927448298,-0.021366183720769587,0.002863206433857339,0.25,9.420721840708387,1.1440036658708426
cubic,0.0,q_only,"1-axis:(1,)",Y1,2,0.964644996201844,0.9741392724233455,-0.0029993736198211073,4.1826140233756914e-06,0.99304561695049,0.9948610927448298,-0.021366183720769587,0.002863206433857339,0.25,9.420721840708387,1.1440036658708426
cubic,0.0,xyz_only,"1-axis:(1,)",Y1,2,0.964644996201844,0.9741392724233455,-0.0029993736198211073,4.1826140233756914e-06,0.99304561695049,0.9948610927448298,-0.021366183720769587,0.002863206433857339,0.25,9.420721840708387,1.1440036658708426
cubic,1.0,score_q,"1-axis:(1,)",Y1,7,0.9533056365917683,0.9579868220289615,-0.03443016185874699,0.0008780486392968829,0.9998456820302272,0.9998285688402525,-0.05214991565551827,0.00020039954432837966,0.75,11.947803145348521,4.684883622181546
cubic,1.0,score_iso,"1-axis:(1,)",Y1,7,0.9533056365917683,0.9579868220289615,-0.03443016185874699,0.0008780486392968829,0.9998456820302272,0.9998285688402525,-0.05214991565551827,0.00020039954432837966,0.75,11.947803145348521,4.684883622181546
cubic,1.0,q_only,"3-axis:(1, 2, 2)",X1+Y2+Z2,8,0.8319554339227472,0.9843325554762041,-0.01047265940509181,0.005989225949725642,0.864416450900869,0.9805387583616064,0.0028068587203531406,0.00836129321192675,0.15,9.778985563278722,4.2597954690934
cubic,1.0,xyz_only,"1-axis:(1,)",Y1,7,0.9533056365917683,0.9579868220289615,-0.03443016185874699,0.0008780486392968829,0.9998456820302272,0.9998285688402525,-0.05214991565551827,0.00020039954432837966,0.75,11.947803145348521,4.684883622181546
cubic,1.5,score_q,"3-axis:(1, 1, 1)",X1+Y1+Z1,7,0.6703583553738587,0.9449719185801501,-0.012322987521702375,0.0060158556032065495,0.962869878044626,0.9741582582677684,-0.0430683611427083,-0.006295079673855203,0.25,10.598428401095013,3.35284632010676
cubic,1.5,score_iso,"3-axis:(1, 1, 1)",X1+Y1+Z1,7,0.6703583553738587,0.9449719185801501,-0.012322987521702375,0.0060158556032065495,0.962869878044626,0.9741582582677684,-0.0430683611427083,-0.006295079673855203,0.25,10.598428401095013,3.35284632010676
cubic,1.5,q_only,"3-axis:(1, 2, 2)",X1+Y2+Z2,7,0.8072240088692044,0.9795299599913451,0.005826609604687872,0.009463713957487152,0.8001560895823648,0.9964368981226035,0.01168806670898423,0.004589531715307861,0.05,10.394096166519752,4.3211749454341515
cubic,1.5,xyz_only,"3-axis:(1, 1, 1)",X1+Y1+Z1,8,0.8848906066980012,0.9805191677695168,-0.04448224254275332,0.001823150664783615,0.8617925341811691,0.9800194922228094,-0.085773361408564,-0.0009093709955915884,0.65,9.886563301500749,3.232262836700091
cubic,2.0,score_q,"3-axis:(1, 1, 1)",X1+Y1+Z1,9,0.8580928080357363,0.9854749043233048,-0.044617381830149926,-0.0008816321564340708,0.6781155669615121,0.9383798590562755,-0.010342709662319531,-0.003684125993832426,0.05,9.656890715231349,5.637152500115732
cubic,2.0,score_iso,"3-axis:(1, 1, 1)",X1+Y1+Z1,4,0.8150907239997648,0.9611347243769321,0.006793609304065485,0.0004550070032739869,0.8418111048470356,0.9366366179449319,-0.015140635662018401,-0.0038861026252401086,0.25,10.16286444645126,3.5290616561606765
cubic,2.0,q_only,"3-axis:(1, 2, 2)",X1+Y2+Z2,9,0.8479634096166095,0.9804236313245062,-0.04272510142912941,0.003932659087181875,0.9504475402926582,0.9807033144917726,-0.08060836871820755,8.461795316734187e-05,0.05,10.218158847354157,3.7898884189006257
cubic,2.0,xyz_only,"3-axis:(1, 1, 1)",X1+Y1+Z1,4,0.8150907239997648,0.9611347243769321,0.006793609304065485,0.0004550070032739869,0.8418111048470356,0.9366366179449319,-0.015140635662018401,-0.0038861026252401086,0.25,10.16286444645126,3.5290616561606765
cubic,5.0,score_q,"3-axis:(1, 2, 2)",X1+Y2+Z2,5,0.8492921033365247,0.9565691492899099,-0.003876285154586263,0.002623662697178747,0.749646749883938,0.8634750244811191,0.013869035386270906,-0.005855881778882299,0.05,10.596833766682542,4.074180401925145
cubic,5.0,score_iso,"3-axis:(1, 2, 2)",X1+Y2+Z2,5,0.8492921033365247,0.9565691492899099,-0.003876285154586263,0.002623662697178747,0.749646749883938,0.8634750244811191,0.013869035386270906,-0.005855881778882299,0.05,10.596833766682542,4.074180401925145
cubic,5.0,q_only,"3-axis:(1, 2, 2)",X1+Y2+Z2,8,0.740313108894672,0.9791934500143313,-0.016016547871308004,0.008636616179404154,0.8824674803846553,0.9755891278845521,-0.030570410213624784,0.0074861819636235245,0.05,10.179169928788758,3.0373287462615117
cubic,5.0,xyz_only,"3-axis:(1, 2, 2)",X1+Y2+Z2,5,0.8492921033365247,0.9565691492899099,-0.003876285154586263,0.002623662697178747,0.749646749883938,0.8634750244811191,0.013869035386270906,-0.005855881778882299,0.05,10.596833766682542,4.074180401925145
cubic,10.0,score_q,"3-axis:(1, 2, 2)",X1+Y2+Z2,8,0.788589172157764,0.9738472917146849,-0.01856969846388129,0.002602085530957524,0.8021961389799462,0.9440331593946687,-0.02413076417639646,0.007764589434878205,0.05,9.547093651898741,4.428141841248896
cubic,10.0,score_iso,"3-axis:(1, 1, 1)",X1+Y1+Z1,8,0.8018860052179646,0.9706514072595431,-0.016214431452329134,0.004061036181780331,0.6936887423555358,0.8880055328768842,-0.029332382851911164,0.004887280912441794,0.05,9.694667580263427,5.328588930639925
cubic,10.0,q_only,"3-axis:(1, 1, 2)",X1+Y1+Z2,7,0.8120113669137564,0.9809660866893868,-0.025984275897248835,0.005310526792555551,0.9779367030625264,0.9995747959254105,-0.012616857046198436,0.0064828483650163585,0.05,9.152735121984636,3.7140948552010036
cubic,10.0,xyz_only,"3-axis:(1, 2, 2)",X1+Y2+Z2,8,0.788589172157764,0.9738472917146849,-0.01856969846388129,0.002602085530957524,0.8021961389799462,0.9440331593946687,-0.02413076417639646,0.007764589434878205,0.05,9.547093651898741,4.428141841248896
tet_1.05,0.0,score_q,"1-axis:(1,)",Z1,2,0.9646449962018437,0.9741392724233454,-0.0029993736198212512,4.182614023025277e-06,0.9930456169504898,0.9948610927448298,-0.021366183720769812,0.0028632064338573425,0.25,9.420721840708387,1.1440036658708426
tet_1.05,0.0,score_iso,"1-axis:(1,)",Z1,2,0.9646449962018437,0.9741392724233454,-0.0029993736198212512,4.182614023025277e-06,0.9930456169504898,0.9948610927448298,-0.021366183720769812,0.0028632064338573425,0.25,9.420721840708387,1.1440036658708426
tet_1.05,0.0,q_only,"1-axis:(1,)",Z1,2,0.9646449962018437,0.9741392724233454,-0.0029993736198212512,4.182614023025277e-06,0.9930456169504898,0.9948610927448298,-0.021366183720769812,0.0028632064338573425,0.25,9.420721840708387,1.1440036658708426
tet_1.05,0.0,xyz_only,"1-axis:(1,)",Z1,2,0.9646449962018437,0.9741392724233454,-0.0029993736198212512,4.182614023025277e-06,0.9930456169504898,0.9948610927448298,-0.021366183720769812,0.0028632064338573425,0.25,9.420721840708387,1.1440036658708426
tet_1.05,1.0,score_q,"1-axis:(1,)",Z1,5,0.8754746829287292,0.926801263603814,-0.019333196015388847,-0.0005474469119304427,0.8806074443040648,0.9088309904068507,-0.005323151180783553,0.007212359656756713,0.35,9.224897897436414,4.249960711903314
tet_1.05,1.0,score_iso,"1-axis:(1,)",Z1,5,0.8754746829287292,0.926801263603814,-0.019333196015388847,-0.0005474469119304427,0.8806074443040648,0.9088309904068507,-0.005323151180783553,0.007212359656756713,0.35,9.224897897436414,4.249960711903314
tet_1.05,1.0,q_only,"1-axis:(1,)",Z1,9,0.8978196003338711,0.9688890449125306,-0.03477377997936541,0.00014189594734789556,0.7882378304355772,0.8832047253396831,0.0036880722252198364,0.003718866277177792,0.5499999999999999,11.620128893311255,4.123277227899434
tet_1.05,1.0,xyz_only,"1-axis:(1,)",Z1,5,0.8754746829287292,0.926801263603814,-0.019333196015388847,-0.0005474469119304427,0.8806074443040648,0.9088309904068507,-0.005323151180783553,0.007212359656756713,0.35,9.224897897436414,4.249960711903314
tet_1.05,1.5,score_q,"3-axis:(1, 1, 1)",X1+Y1+Z1,7,0.7719061005103678,0.9609314103827833,-0.008184232800446719,0.003977585680843828,0.9536450925076156,0.9662123485149562,-0.03025004160308007,-0.0021616079265203807,0.25,10.883955933044328,4.40165765395353
tet_1.05,1.5,score_iso,"3-axis:(1, 1, 1)",X1+Y1+Z1,7,0.7719061005103678,0.9609314103827833,-0.008184232800446719,0.003977585680843828,0.9536450925076156,0.9662123485149562,-0.03025004160308007,-0.0021616079265203807,0.25,10.883955933044328,4.40165765395353
tet_1.05,1.5,q_only,"3-axis:(1, 2, 2)",X1+Y2+Z2,9,0.7636799152598137,0.9597904505901318,-0.009975133489912713,0.004043470049242268,0.9176971399101831,0.9580668415069434,-0.004178631495221952,0.0016985828754229313,0.15,10.71353000195452,2.82054249407635
tet_1.05,1.5,xyz_only,"3-axis:(1, 1, 1)",X1+Y1+Z1,7,0.7719061005103678,0.9609314103827833,-0.008184232800446719,0.003977585680843828,0.9536450925076156,0.9662123485149562,-0.03025004160308007,-0.0021616079265203807,0.25,10.883955933044328,4.40165765395353
tet_1.05,2.0,score_q,"3-axis:(1, 1, 1)",X1+Y1+Z1,9,0.7982299198613293,0.9666449843662266,-0.03040475298817146,0.0017604481424082373,0.8520119964431841,0.9792256977187853,-0.039561804045055035,-0.0032817158208038348,0.44999999999999996,10.189087147185937,4.10558872585337
tet_1.05,2.0,score_iso,"3-axis:(1, 2, 2)",X1+Y2+Z2,5,0.9014178417297629,0.9196896182297596,-0.0018825701394796501,-0.0033007996080707176,0.9253337654133277,0.9498667120740752,-0.01670064732137606,-0.007182923045818794,0.44999999999999996,11.628239752689314,3.7283477031596712
tet_1.05,2.0,q_only,"3-axis:(1, 1, 2)",X1+Y2+Z1,8,0.8725427915015671,0.9786929330838305,-0.01647893064679751,0.00339213913011062,0.7993648380486064,0.9167550038749926,-0.002197125629329201,0.0010637743878467104,0.05,11.46561123513024,3.7788011245575683
tet_1.05,2.0,xyz_only,"3-axis:(1, 2, 2)",X1+Y2+Z2,5,0.9014178417297629,0.9196896182297596,-0.0018825701394796501,-0.0033007996080707176,0.9253337654133277,0.9498667120740752,-0.01670064732137606,-0.007182923045818794,0.44999999999999996,11.628239752689314,3.7283477031596712
tet_1.05,5.0,score_q,"3-axis:(1, 1, 1)",X1+Y1+Z1,8,0.828182818869571,0.9654016249616808,-0.027514835745191393,0.0016538270043815568,0.7667471315103446,0.8859901602161859,-0.00029216024363126064,-0.0015169881187712276,0.15,10.059783152392892,3.8004747337713463
tet_1.05,5.0,score_iso,"3-axis:(1, 1, 2)",X1+Y1+Z2,6,0.8680599583025086,0.9341392201724529,-0.011951047504050058,0.0005416313301713827,0.8080840272864641,0.8525756419900655,-0.011777231932877393,0.002246048215413448,0.05,11.23514194183676,3.595383247025646
tet_1.05,5.0,q_only,"3-axis:(1, 2, 2)",X1+Y2+Z2,8,0.8281828188695809,0.9654016249616892,-0.027514835745188083,0.0016538270043803007,0.7667471315104312,0.885990160216234,-0.0002921602436606191,-0.0015169881187654163,0.15,10.059783152392892,3.8004747337713463
tet_1.05,5.0,xyz_only,"3-axis:(1, 1, 1)",X1+Y1+Z1,8,0.828182818869571,0.9654016249616808,-0.027514835745191393,0.0016538270043815568,0.7667471315103446,0.8859901602161859,-0.00029216024363126064,-0.0015169881187712276,0.15,10.059783152392892,3.8004747337713463
tet_1.05,10.0,score_q,"3-axis:(1, 2, 2)",X1+Y2+Z2,7,0.8517941672180839,0.9626341671345695,-0.0349490981134177,0.003545277780819938,0.7485177822070065,0.938714599271838,-0.01831332179667013,0.005661570009069918,0.05,9.810897736408627,5.296894934438025
tet_1.05,10.0,score_iso,"3-axis:(1, 1, 1)",X1+Y1+Z1,9,0.8970121206808344,0.9769079233778987,-0.027781700097757076,0.0004454108919050778,0.7730606821347613,0.903822932655782,-0.020691367993507195,0.00567224903709784,0.05,10.816885171304657,2.7025195803037345
tet_1.05,10.0,q_only,"3-axis:(1, 1, 2)",X1+Y2+Z1,7,0.7528548670427133,0.9755042341176651,-0.01788186789824,0.007828123165474241,0.7599784798076106,0.9230713729731868,-0.0026899329750770147,0.010011583085543311,0.05,9.68936944382881,3.0767699887215523
tet_1.05,10.0,xyz_only,"3-axis:(1, 2, 2)",X1+Y2+Z2,7,0.8517941672180839,0.9626341671345695,-0.0349490981134177,0.003545277780819938,0.7485177822070065,0.938714599271838,-0.01831332179667013,0.005661570009069918,0.05,9.810897736408627,5.296894934438025
tet_1.10,0.0,score_q,"1-axis:(1,)",Y1,2,0.9646449962018437,0.9741392724233455,-0.0029993736198211177,4.18261402319528e-06,0.9930456169504895,0.9948610927448296,-0.021366183720769656,0.0028632064338573113,0.25,9.420721840708387,1.1440036658708426
tet_1.10,0.0,score_iso,"1-axis:(1,)",Y1,2,0.9646449962018437,0.9741392724233455,-0.0029993736198211177,4.18261402319528e-06,0.9930456169504895,0.9948610927448296,-0.021366183720769656,0.0028632064338573113,0.25,9.420721840708387,1.1440036658708426
tet_1.10,0.0,q_only,"1-axis:(1,)",Y1,2,0.9646449962018437,0.9741392724233455,-0.0029993736198211177,4.18261402319528e-06,0.9930456169504895,0.9948610927448296,-0.021366183720769656,0.0028632064338573113,0.25,9.420721840708387,1.1440036658708426
tet_1.10,0.0,xyz_only,"1-axis:(1,)",Y1,2,0.9646449962018437,0.9741392724233455,-0.0029993736198211177,4.18261402319528e-06,0.9930456169504895,0.9948610927448296,-0.021366183720769656,0.0028632064338573113,0.25,9.420721840708387,1.1440036658708426
tet_1.10,1.0,score_q,"1-axis:(1,)",Z1,7,0.9165244297536027,0.9554987344241134,-0.02426790229843461,0.0014523221871671958,0.9689819863220458,0.991991608755703,-0.023313010357206728,0.008224102203310253,0.5499999999999999,9.832035009829195,2.8499149879447243
tet_1.10,1.0,score_iso,"1-axis:(1,)",Z1,7,0.9165244297536027,0.9554987344241134,-0.02426790229843461,0.0014523221871671958,0.9689819863220458,0.991991608755703,-0.023313010357206728,0.008224102203310253,0.5499999999999999,9.832035009829195,2.8499149879447243
tet_1.10,1.0,q_only,"1-axis:(1,)",Z1,9,0.8598805401526872,0.9552761279162453,-0.029768209655066206,0.000834101214048488,0.969047181612004,0.978442051637449,-0.02344649794931703,-0.002126630709572296,0.44999999999999996,11.637147013299282,3.1357863597528706
tet_1.10,1.0,xyz_only,"1-axis:(1,)",Z1,7,0.9165244297536027,0.9554987344241134,-0.02426790229843461,0.0014523221871671958,0.9689819863220458,0.991991608755703,-0.023313010357206728,0.008224102203310253,0.5499999999999999,9.832035009829195,2.8499149879447243
tet_1.10,1.5,score_q,"2-axis:(1, 1)",X1+Y1,10,0.8680492594260313,0.9833706948333247,-0.040509976501958464,0.0036912933618402227,0.6910737769027772,0.9540550551154506,0.0026026258187796594,-0.0019408262829448226,0.5499999999999999,10.23860653025921,3.4001807463031692
tet_1.10,1.5,score_iso,"1-axis:(1,)",Z1,7,0.8405197152413574,0.9615440261764492,-0.01927552841314249,0.003230754525872857,0.959977247135561,0.9683682219882447,-0.0380395153270964,-0.0017113137450793254,0.65,11.863810517704673,2.458098951792012
tet_1.10,1.5,q_only,"3-axis:(1, 1, 2)",X1+Y2+Z1,9,0.7059308279176353,0.9511338691289046,0.0016533749742370296,0.003796099149071648,0.9147350456088592,0.9613791384099786,0.013672159330937888,-0.009645027723477726,0.25,10.429734877894703,4.378907810183599
tet_1.10,1.5,xyz_only,"1-axis:(1,)",Z1,7,0.8405197152413574,0.9615440261764492,-0.01927552841314249,0.003230754525872857,0.959977247135561,0.9683682219882447,-0.0380395153270964,-0.0017113137450793254,0.65,11.863810517704673,2.458098951792012
tet_1.10,2.0,score_q,"3-axis:(1, 1, 1)",X1+Y1+Z1,9,0.8532474438283927,0.9706185232775528,-0.02857914804740717,0.0006395340032632242,0.9088068061209027,0.9511350166780032,-0.02341318741276935,-0.004107774473898268,0.25,10.459419013596923,4.157768597294403
tet_1.10,2.0,score_iso,"3-axis:(1, 1, 2)",X1+Y1+Z2,7,0.839450496437962,0.9350375646356534,-0.0030080825397384575,0.001236027719178495,0.9791800661890708,0.9805309481257353,-0.05339518389880597,-0.005980800650946567,0.65,10.956171011390671,3.8635966432834152
tet_1.10,2.0,q_only,"3-axis:(1, 1, 2)",X1+Y2+Z1,8,0.7586361224625569,0.9709412407750317,-0.003923858604181998,0.0025098604030466065,0.8888324037739197,0.9951915096831553,-0.021647520069170298,-0.0021962926739567653,0.05,10.846562428563667,4.317058005194875
tet_1.10,2.0,xyz_only,"3-axis:(1, 1, 2)",X1+Y1+Z2,7,0.839450496437962,0.9350375646356534,-0.0030080825397384575,0.001236027719178495,0.9791800661890708,0.9805309481257353,-0.05339518389880597,-0.005980800650946567,0.65,10.956171011390671,3.8635966432834152
tet_1.10,5.0,score_q,"3-axis:(1, 1, 1)",X1+Y1+Z1,9,0.7845430364011242,0.948422309115045,-0.019049160422918914,0.0034661281509830734,0.817502595576987,0.9020063449851816,-0.0014211427372586988,0.008422110033917237,0.05,9.916888874492207,4.177378926516998
tet_1.10,5.0,score_iso,"3-axis:(1, 1, 1)",X1+Y1+Z1,6,0.8656646742325412,0.9342308694710639,-0.010986954229053244,0.0007409249615732888,0.8027384923158244,0.860310246927485,-0.011687979432611288,0.0032246333050723903,0.05,11.23514194183676,3.8418910207075587
tet_1.10,5.0,q_only,"3-axis:(1, 2, 2)",X1+Y2+Z2,9,0.784543036401124,0.9484223091150449,-0.019049160422919067,0.003466128150983242,0.8175025955769865,0.9020063449851806,-0.0014211427372591845,0.008422110033917346,0.05,9.916888874492205,4.1773789265169965
tet_1.10,5.0,xyz_only,"3-axis:(1, 1, 1)",X1+Y1+Z1,9,0.7845430364011242,0.948422309115045,-0.019049160422918914,0.0034661281509830734,0.817502595576987,0.9020063449851816,-0.0014211427372586988,0.008422110033917237,0.05,9.916888874492207,4.177378926516998
tet_1.10,10.0,score_q,"3-axis:(1, 1, 2)",X1+Y2+Z1,7,0.7949697368212226,0.9641885179792602,-0.0266846895792058,-0.00012956204661072437,0.8151272403559043,0.9010745709387739,-0.026080322473229976,0.002713624612407404,0.05,10.04301352830284,3.7832219140945815
tet_1.10,10.0,score_iso,"3-axis:(1, 1, 1)",X1+Y1+Z1,8,0.9057849897637822,0.9782843445651122,-0.030653385105757266,0.0013756358614339338,0.7466416475669997,0.9086507377345235,-0.018790668848826134,0.007224008035970904,0.05,10.648892239913842,2.852662321179113
tet_1.10,10.0,q_only,"3-axis:(1, 1, 2)",X1+Y2+Z1,7,0.7949697368212226,0.9641885179792602,-0.0266846895792058,-0.00012956204661072437,0.8151272403559043,0.9010745709387739,-0.026080322473229976,0.002713624612407404,0.05,10.04301352830284,3.7832219140945815
tet_1.10,10.0,xyz_only,"3-axis:(1, 1, 2)",X1+Y2+Z1,7,0.7949697368212226,0.9641885179792602,-0.0266846895792058,-0.00012956204661072437,0.8151272403559043,0.9010745709387739,-0.026080322473229976,0.002713624612407404,0.05,10.04301352830284,3.7832219140945815
ortho_1.05_1.20,0.0,score_q,"1-axis:(1,)",Y1,2,0.9646449962018432,0.974139272423345,-0.002999373619820717,4.182614021849135e-06,0.9930456169504895,0.9948610927448298,-0.02136618372076973,0.0028632064338573494,0.25,9.420721840708387,1.1440036658708426
ortho_1.05_1.20,0.0,score_iso,"1-axis:(1,)",Y1,2,0.9646449962018432,0.974139272423345,-0.002999373619820717,4.182614021849135e-06,0.9930456169504895,0.9948610927448298,-0.02136618372076973,0.0028632064338573494,0.25,9.420721840708387,1.1440036658708426
ortho_1.05_1.20,0.0,q_only,"1-axis:(1,)",Y1,2,0.9646449962018432,0.974139272423345,-0.002999373619820717,4.182614021849135e-06,0.9930456169504895,0.9948610927448298,-0.02136618372076973,0.0028632064338573494,0.25,9.420721840708387,1.1440036658708426
ortho_1.05_1.20,0.0,xyz_only,"1-axis:(1,)",Y1,2,0.9646449962018432,0.974139272423345,-0.002999373619820717,4.182614021849135e-06,0.9930456169504895,0.9948610927448298,-0.02136618372076973,0.0028632064338573494,0.25,9.420721840708387,1.1440036658708426
ortho_1.05_1.20,1.0,score_q,"1-axis:(1,)",Z1,8,0.904854161984024,0.9642552420778865,-0.017163618599545245,-0.0010521390185558763,0.9885058202026143,0.9995526352938747,-0.05233244174437543,-0.0005892442941930866,0.75,10.366702572652343,1.7208943397570522
ortho_1.05_1.20,1.0,score_iso,"1-axis:(1,)",Z1,8,0.904854161984024,0.9642552420778865,-0.017163618599545245,-0.0010521390185558763,0.9885058202026143,0.9995526352938747,-0.05233244174437543,-0.0005892442941930866,0.75,10.366702572652343,1.7208943397570522
ortho_1.05_1.20,1.0,q_only,"1-axis:(1,)",Z1,10,0.854671677757169,0.9584003902370932,-0.02783864541882397,0.0008958134468327501,0.9286733448276676,0.9821104514591886,-0.020067751610762057,-0.0038702975618249303,0.44999999999999996,11.481818947274661,2.9804582937282493
ortho_1.05_1.20,1.0,xyz_only,"1-axis:(1,)",Z1,8,0.904854161984024,0.9642552420778865,-0.017163618599545245,-0.0010521390185558763,0.9885058202026143,0.9995526352938747,-0.05233244174437543,-0.0005892442941930866,0.75,10.366702572652343,1.7208943397570522
ortho_1.05_1.20,1.5,score_q,"3-axis:(1, 1, 2)",X1+Y1+Z2,9,0.7424623257227224,0.9430439072613771,-0.0035255469379000984,0.003247535319675413,0.7648039852108289,0.9134088015199727,-0.017577272713749564,0.0017215537139736049,0.15,11.068215178736676,2.899384932829582
ortho_1.05_1.20,1.5,score_iso,"1-axis:(1,)",Z1,6,0.8318891763493198,0.9562137465837656,-0.016167880896365977,-6.581237883225436e-05,0.8605203768386708,0.9819978974465596,-0.001163014980888638,0.006771898192545882,0.65,10.88508192213994,2.211140735861152
ortho_1.05_1.20,1.5,q_only,"3-axis:(1, 1, 2)",X1+Y1+Z2,9,0.7424623257227224,0.9430439072613771,-0.0035255469379000984,0.003247535319675413,0.7648039852108289,0.9134088015199727,-0.017577272713749564,0.0017215537139736049,0.15,11.068215178736676,2.899384932829582
ortho_1.05_1.20,1.5,xyz_only,"1-axis:(1,)",Z1,6,0.8318891763493198,0.9562137465837656,-0.016167880896365977,-6.581237883225436e-05,0.8605203768386708,0.9819978974465596,-0.001163014980888638,0.006771898192545882,0.65,10.88508192213994,2.211140735861152
ortho_1.05_1.20,2.0,score_q,"3-axis:(1, 2, 2)",X1+Y2+Z2,8,0.6631138070383694,0.9456142375043235,0.016040398265657677,0.005495807185061368,0.8073088372757453,0.9821982189663182,0.015337717505945245,0.006730096978549456,0.25,10.820206858056078,3.9555977114107854
ortho_1.05_1.20,2.0,score_iso,"3-axis:(1, 1, 1)",X1+Y1+Z1,7,0.8438787512363846,0.9377692921792393,-0.00018290417039137224,-0.0003398103616595738,0.861729167948636,0.9402192949123163,-0.005092278837029486,-0.004668357965362021,0.35,11.397892871449345,5.036160500702255
ortho_1.05_1.20,2.0,q_only,"3-axis:(1, 2, 2)",X1+Y2+Z2,8,0.6631138070383694,0.9456142375043235,0.016040398265657677,0.005495807185061368,0.8073088372757453,0.9821982189663182,0.015337717505945245,0.006730096978549456,0.25,10.820206858056078,3.9555977114107854
ortho_1.05_1.20,2.0,xyz_only,"3-axis:(1, 1, 1)",X1+Y1+Z1,7,0.8438787512363846,0.9377692921792393,-0.00018290417039137224,-0.0003398103616595738,0.861729167948636,0.9402192949123163,-0.005092278837029486,-0.004668357965362021,0.35,11.397892871449345,5.036160500702255
ortho_1.05_1.20,5.0,score_q,"3-axis:(1, 2, 2)",X1+Y2+Z2,7,0.8369105804274959,0.9412079496052054,-0.006538213593602228,0.003392004854128552,0.7444789983637665,0.7964836367288533,0.012335259878932425,0.0018277559825046284,0.05,11.190409927357107,3.6013668898854636
ortho_1.05_1.20,5.0,score_iso,"3-axis:(1, 1, 2)",X1+Y2+Z1,5,0.8215055140653662,0.92633308542809,-0.0006269624592836184,0.003960473024019483,0.8211567636154339,0.8636200027737123,0.0006200982128884286,0.0030560380782839007,0.05,11.11224470836535,3.4565653250946387
ortho_1.05_1.20,5.0,q_only,"3-axis:(1, 1, 2)",X1+Y2+Z1,7,0.6696042104669695,0.9224855000463793,-0.0019001955101900741,0.006778303688408092,0.7066565460668657,0.898523295017317,-0.0055313806874609205,0.00564467360580738,0.05,10.755167710174328,3.24988386287004
ortho_1.05_1.20,5.0,xyz_only,"3-axis:(1, 2, 2)",X1+Y2+Z2,7,0.8369105804274959,0.9412079496052054,-0.006538213593602228,0.003392004854128552,0.7444789983637665,0.7964836367288533,0.012335259878932425,0.0018277559825046284,0.05,11.190409927357107,3.6013668898854636
ortho_1.05_1.20,10.0,score_q,"3-axis:(1, 2, 2)",X1+Y2+Z2,6,0.8437189896908118,0.9383205966906463,-0.015395330030419036,0.003526883878717407,0.774510174387633,0.905101578164784,-0.0031212948720378726,0.0018873533243567173,0.25,10.712142642814277,2.24960115271163
ortho_1.05_1.20,10.0,score_iso,"3-axis:(1, 2, 2)",X1+Y2+Z2,6,0.8437189896908118,0.9383205966906463,-0.015395330030419036,0.003526883878717407,0.774510174387633,0.905101578164784,-0.0031212948720378726,0.0018873533243567173,0.25,10.712142642814277,2.24960115271163
ortho_1.05_1.20,10.0,q_only,"3-axis:(1, 2, 2)",X1+Y2+Z2,8,0.7939247368316715,0.9551207557179429,-0.0016855426322688587,0.008993952433580513,0.5858026015297096,0.8282633092635845,0.014655046044632681,0.008856724334017789,0.05,10.018584418438047,2.592534056859
ortho_1.05_1.20,10.0,xyz_only,"3-axis:(1, 2, 2)",X1+Y2+Z2,6,0.8437189896908118,0.9383205966906463,-0.015395330030419036,0.003526883878717407,0.774510174387633,0.905101578164784,-0.0031212948720378726,0.0018873533243567173,0.25,10.712142642814277,2.24960115271163
tet_1.20,0.0,score_q,"1-axis:(1,)",Z1,2,0.9646449962018435,0.9741392724233455,-0.002999373619821241,4.182614022874356e-06,0.9930456169504894,0.9948610927448298,-0.0213661837207697,0.002863206433857353,0.25,9.420721840708387,1.1440036658708426
tet_1.20,0.0,score_iso,"1-axis:(1,)",Z1,2,0.9646449962018435,0.9741392724233455,-0.002999373619821241,4.182614022874356e-06,0.9930456169504894,0.9948610927448298,-0.0213661837207697,0.002863206433857353,0.25,9.420721840708387,1.1440036658708426
tet_1.20,0.0,q_only,"1-axis:(1,)",Z1,2,0.9646449962018435,0.9741392724233455,-0.002999373619821241,4.182614022874356e-06,0.9930456169504894,0.9948610927448298,-0.0213661837207697,0.002863206433857353,0.25,9.420721840708387,1.1440036658708426
tet_1.20,0.0,xyz_only,"1-axis:(1,)",Z1,2,0.9646449962018435,0.9741392724233455,-0.002999373619821241,4.182614022874356e-06,0.9930456169504894,0.9948610927448298,-0.0213661837207697,0.002863206433857353,0.25,9.420721840708387,1.1440036658708426
tet_1.20,1.0,score_q,"1-axis:(1,)",Z1,8,0.9014935338965566,0.9660615503114074,-0.023141994441474786,-0.002546915156538172,0.8714952952349925,0.9495279148941674,-0.022481914268873877,0.0006702547011956349,0.44999999999999996,10.897247358851684,5.351979105646976
tet_1.20,1.0,score_iso,"1-axis:(1,)",Z1,8,0.9014935338965566,0.9660615503114074,-0.023141994441474786,-0.002546915156538172,0.8714952952349925,0.9495279148941674,-0.022481914268873877,0.0006702547011956349,0.44999999999999996,10.897247358851684,5.351979105646976
tet_1.20,1.0,q_only,"1-axis:(1,)",Z1,10,0.8450033387031824,0.9565184357513887,-0.03021679619384766,0.0009529985420355496,0.9292970880974586,0.985307811722677,-0.073500530330021,-0.0009618822890783973,0.75,10.55531515688228,2.8500214460874664
tet_1.20,1.0,xyz_only,"1-axis:(1,)",Z1,8,0.9014935338965566,0.9660615503114074,-0.023141994441474786,-0.002546915156538172,0.8714952952349925,0.9495279148941674,-0.022481914268873877,0.0006702547011956349,0.44999999999999996,10.897247358851684,5.351979105646976
tet_1.20,1.5,score_q,"3-axis:(1, 1, 2)",X1+Y1+Z2,7,0.7716646831264671,0.9763502037143204,-0.005222417001129623,7.692122279609347e-05,0.8954124918174419,0.9730737228236886,-0.04311268196202808,-0.006210695439099306,0.25,10.920364311127472,4.242441181233095
tet_1.20,1.5,score_iso,"1-axis:(1,)",Z1,6,0.7835596627033651,0.9590121516852911,-0.01597609222384704,0.003294692321631574,0.6941444290592879,0.9741503704832318,-0.00014312040556958144,0.00992359916580439,0.65,11.12202653838095,2.83046456249245
tet_1.20,1.5,q_only,"3-axis:(1, 1, 2)",X1+Y1+Z2,7,0.7716646831264671,0.9763502037143204,-0.005222417001129623,7.692122279609347e-05,0.8954124918174419,0.9730737228236886,-0.04311268196202808,-0.006210695439099306,0.25,10.920364311127472,4.242441181233095
tet_1.20,1.5,xyz_only,"1-axis:(1,)",Z1,6,0.7835596627033651,0.9590121516852911,-0.01597609222384704,0.003294692321631574,0.6941444290592879,0.9741503704832318,-0.00014312040556958144,0.00992359916580439,0.65,11.12202653838095,2.83046456249245
tet_1.20,2.0,score_q,"3-axis:(1, 1, 2)",X1+Y1+Z2,9,0.840325303074971,0.9775355321179422,-0.03356675700702404,0.003550822999184657,0.894876935031299,0.9710569408991779,-0.07551535647099143,2.8707201748279102e-05,0.05,10.034595600409897,3.534695063765131
tet_1.20,2.0,score_iso,"3-axis:(1, 1, 2)",X1+Y1+Z2,8,0.8534394777216949,0.9523050797365689,-0.0026680066829770283,-0.00154658049552369,0.7459817146266595,0.9888077391510305,0.015802196728901412,0.006356391673508648,0.5499999999999999,10.935294153917404,1.8845428432693279
tet_1.20,2.0,q_only,"3-axis:(1, 1, 2)",X1+Y1+Z2,9,0.840325303074971,0.9775355321179422,-0.03356675700702404,0.003550822999184657,0.894876935031299,0.9710569408991779,-0.07551535647099143,2.8707201748279102e-05,0.05,10.034595600409897,3.534695063765131
tet_1.20,2.0,xyz_only,"3-axis:(1, 1, 2)",X1+Y1+Z2,8,0.8534394777216949,0.9523050797365689,-0.0026680066829770283,-0.00154658049552369,0.7459817146266595,0.9888077391510305,0.015802196728901412,0.006356391673508648,0.5499999999999999,10.935294153917404,1.8845428432693279
tet_1.20,5.0,score_q,"3-axis:(1, 1, 1)",X1+Y1+Z1,7,0.8373062375797616,0.9657570857303792,-0.01760039525113246,0.0005713330230151332,0.7871205811947147,0.9338325640642923,-0.034086530702541126,0.0029460166796266077,0.05,10.37105615575468,4.131981648221898
tet_1.20,5.0,score_iso,"3-axis:(1, 1, 2)",X1+Y1+Z2,6,0.9039908706516409,0.9579073609515275,-0.002621588466626655,0.005239227315956091,0.7806759477075187,0.8367230740160776,0.029429164187426575,0.009938430420490262,0.25,9.921039974775947,4.02612691350015
tet_1.20,5.0,q_only,"3-axis:(1, 1, 2)",X1+Y2+Z1,8,0.7093188630043807,0.9651772195411759,-0.012202772661587646,0.007653857137404439,0.7781304879165634,0.9994517075920093,-0.032004802670696574,0.006894062535505126,0.05,9.756239964271176,4.194376216375419
tet_1.20,5.0,xyz_only,"3-axis:(1, 1, 2)",X1+Y1+Z2,6,0.9039908706516409,0.9579073609515275,-0.002621588466626655,0.005239227315956091,0.7806759477075187,0.8367230740160776,0.029429164187426575,0.009938430420490262,0.25,9.921039974775947,4.02612691350015
tet_1.20,10.0,score_q,"3-axis:(1, 1, 1)",X1+Y1+Z1,8,0.6878370672282332,0.9359680665283012,-0.005651431259423327,0.0007139357810085772,0.49185287997909605,0.8634282298292926,0.054291622041739984,-0.0060236728253398285,0.35,9.184307420048908,2.5169339416050756
tet_1.20,10.0,score_iso,"3-axis:(1, 2, 2)",X1+Y2+Z2,6,0.8526895948653562,0.9352670495175167,-0.015941493996666018,0.004654686058152053,0.7543251190485315,0.8162309483978554,0.023816835562406474,0.010033033208310081,0.05,10.286161684337598,4.447970117815113
tet_1.20,10.0,q_only,"3-axis:(1, 2, 2)",X1+Y2+Z2,8,0.6878370718950817,0.9359680690092136,-0.005651431763185038,0.0007139354553412267,0.49185287578633297,0.8634282360861432,0.05429162221588352,-0.0060236720282670075,0.35,9.184307420048908,2.5169339416050738
tet_1.20,10.0,xyz_only,"3-axis:(1, 2, 2)",X1+Y2+Z2,6,0.8526895948653562,0.9352670495175167,-0.015941493996666018,0.004654686058152053,0.7543251190485315,0.8162309483978554,0.023816835562406474,0.010033033208310081,0.05,10.286161684337598,4.447970117815113
ortho_1.10_1.30,0.0,score_q,"1-axis:(1,)",Y1,2,0.9646449962018411,0.9741392724233428,-0.0029993736198277356,4.1826140073156215e-06,0.9930456169504908,0.9948610927448306,-0.021366183720781685,0.0028632064338552123,0.25,9.420721840708387,1.1440036658708426
ortho_1.10_1.30,0.0,score_iso,"1-axis:(1,)",Y1,2,0.9646449962018411,0.9741392724233428,-0.0029993736198277356,4.1826140073156215e-06,0.9930456169504908,0.9948610927448306,-0.021366183720781685,0.0028632064338552123,0.25,9.420721840708387,1.1440036658708426
ortho_1.10_1.30,0.0,q_only,"1-axis:(1,)",Y1,2,0.9646449962018411,0.9741392724233428,-0.0029993736198277356,4.1826140073156215e-06,0.9930456169504908,0.9948610927448306,-0.021366183720781685,0.0028632064338552123,0.25,9.420721840708387,1.1440036658708426
ortho_1.10_1.30,0.0,xyz_only,"1-axis:(1,)",Y1,2,0.9646449962018411,0.9741392724233428,-0.0029993736198277356,4.1826140073156215e-06,0.9930456169504908,0.9948610927448306,-0.021366183720781685,0.0028632064338552123,0.25,9.420721840708387,1.1440036658708426
ortho_1.10_1.30,1.0,score_q,"1-axis:(1,)",Z1,7,0.9209866806244232,0.9697081086303108,-0.0311155167622399,-0.0029866895119722557,0.918703909973818,0.9938983455650431,-0.04091199448193013,-0.004373267707458604,0.65,11.252284776569207,2.9090744864593443
ortho_1.10_1.30,1.0,score_iso,"1-axis:(1,)",Z1,7,0.9209866806244232,0.9697081086303108,-0.0311155167622399,-0.0029866895119722557,0.918703909973818,0.9938983455650431,-0.04091199448193013,-0.004373267707458604,0.65,11.252284776569207,2.9090744864593443
ortho_1.10_1.30,1.0,q_only,"1-axis:(1,)",Z1,10,0.8940914305384536,0.9642697784201939,-0.03883640259264234,-4.0762086772365525e-05,0.7268052012314064,0.8799790145292398,-0.0341463287801969,0.004091915624912673,0.35,12.079767504305458,5.035376787533288
ortho_1.10_1.30,1.0,xyz_only,"1-axis:(1,)",Z1,7,0.9209866806244232,0.9697081086303108,-0.0311155167622399,-0.0029866895119722557,0.918703909973818,0.9938983455650431,-0.04091199448193013,-0.004373267707458604,0.65,11.252284776569207,2.9090744864593443
ortho_1.10_1.30,1.5,score_q,"3-axis:(1, 1, 2)",X1+Y2+Z1,9,0.6940540035121472,0.9713546980292475,0.009174339660734481,0.004923907990407572,0.8371606096406045,0.9461485040255992,-0.03868186635715347,0.0012116147632844308,0.15,10.926991184814227,2.8821739532691257
ortho_1.10_1.30,1.5,score_iso,"1-axis:(1,)",Z1,7,0.8509704571376139,0.9569043290825743,-0.018208190974476197,0.0006854969583643076,0.9617346611419044,0.9908616635502466,-0.05364724580890237,0.0012767037431660926,0.75,10.798470267190256,1.7953577143717077
ortho_1.10_1.30,1.5,q_only,"3-axis:(1, 1, 2)",X1+Y2+Z1,9,0.6940540035121472,0.9713546980292475,0.009174339660734481,0.004923907990407572,0.8371606096406045,0.9461485040255992,-0.03868186635715347,0.0012116147632844308,0.15,10.926991184814227,2.8821739532691257
ortho_1.10_1.30,1.5,xyz_only,"1-axis:(1,)",Z1,7,0.8509704571376139,0.9569043290825743,-0.018208190974476197,0.0006854969583643076,0.9617346611419044,0.9908616635502466,-0.05364724580890237,0.0012767037431660926,0.75,10.798470267190256,1.7953577143717077
ortho_1.10_1.30,2.0,score_q,"3-axis:(1, 1, 1)",X1+Y1+Z1,9,0.6813688578108921,0.9614306132465286,0.007515666259375079,0.0068556665101787,0.652591716195741,0.93227435459642,0.03834812291176015,0.009675637287779634,0.15,10.44485579555391,5.139863922549536
ortho_1.10_1.30,2.0,score_iso,"3-axis:(1, 2, 2)",X1+Y2+Z2,9,0.9069796960784734,0.9722488870705638,-0.01202766060101445,0.0017166219740709242,0.8647828644974886,0.9507682815230262,0.025085225976384472,-0.0011368689683716737,0.35,11.281251333899476,4.933197220327658
ortho_1.10_1.30,2.0,q_only,"3-axis:(1, 1, 1)",X1+Y1+Z1,9,0.6813688578108921,0.9614306132465286,0.007515666259375079,0.0068556665101787,0.652591716195741,0.93227435459642,0.03834812291176015,0.009675637287779634,0.15,10.44485579555391,5.139863922549536
ortho_1.10_1.30,2.0,xyz_only,"3-axis:(1, 2, 2)",X1+Y2+Z2,9,0.9069796960784734,0.9722488870705638,-0.01202766060101445,0.0017166219740709242,0.8647828644974886,0.9507682815230262,0.025085225976384472,-0.0011368689683716737,0.35,11.281251333899476,4.933197220327658
ortho_1.10_1.30,5.0,score_q,"3-axis:(1, 1, 2)",X1+Y1+Z2,7,0.8781840105544483,0.9552971315089661,-0.007242709657641845,0.0037429985481237282,0.7699436209323597,0.8300795245462605,0.03323342662144227,0.005561351067570074,0.25,9.906355642970535,4.011442581694737
ortho_1.10_1.30,5.0,score_iso,"3-axis:(1, 1, 2)",X1+Y1+Z2,7,0.8781840105544483,0.9552971315089661,-0.007242709657641845,0.0037429985481237282,0.7699436209323597,0.8300795245462605,0.03323342662144227,0.005561351067570074,0.25,9.906355642970535,4.011442581694737
ortho_1.10_1.30,5.0,q_only,"3-axis:(1, 2, 2)",X1+Y2+Z2,8,0.7385284350630958,0.9260102993283956,-0.016593109880504067,0.0038718970439575494,0.7322317815566097,0.8966698912645553,-0.010009341772298778,0.005028714395095382,0.05,10.725901084366573,3.2206172370622843
ortho_1.10_1.30,5.0,xyz_only,"3-axis:(1, 1, 2)",X1+Y1+Z2,7,0.8781840105544483,0.9552971315089661,-0.007242709657641845,0.0037429985481237282,0.7699436209323597,0.8300795245462605,0.03323342662144227,0.005561351067570074,0.25,9.906355642970535,4.011442581694737
ortho_1.10_1.30,10.0,score_q,"3-axis:(1, 2, 2)",X1+Y2+Z2,8,0.8453839629272093,0.9741944166225212,-0.007059949433819281,0.0032721508338681674,0.7564908287251906,0.9091006055188154,-0.018172724504209467,0.005696244977405173,0.05,10.55763675803995,2.6783064783643606
ortho_1.10_1.30,10.0,score_iso,"3-axis:(1, 1, 1)",X1+Y1+Z1,9,0.8839920634323851,0.9762630174134976,-0.02789100122466855,0.002566644352039082,0.7623355286297809,0.9143401219275261,-0.02639734016637781,0.0054351312441507545,0.05,10.496409806896732,2.671042708329428
ortho_1.10_1.30,10.0,q_only,"3-axis:(1, 2, 2)",X1+Y2+Z2,8,0.8141649293997932,0.958279039718945,-0.005636485310942912,0.009452692118344172,0.6119114904260948,0.8347500579384831,0.009840096827037102,0.008162384519588069,0.05,10.00257254237943,2.564179743312754
ortho_1.10_1.30,10.0,xyz_only,"3-axis:(1, 2, 2)",X1+Y2+Z2,8,0.8453839629272093,0.9741944166225212,-0.007059949433819281,0.0032721508338681674,0.7564908287251906,0.9091006055188154,-0.018172724504209467,0.005696244977405173,0.05,10.55763675803995,2.6783064783643606
tet_1.35,0.0,score_q,"1-axis:(1,)",Z1,2,0.9646449962018437,0.9741392724233453,-0.002999373619821135,4.182614022496187e-06,0.9930456169504898,0.9948610927448298,-0.02136618372076987,0.0028632064338573147,0.25,9.420721840708387,1.1440036658708426
tet_1.35,0.0,score_iso,"1-axis:(1,)",Z1,2,0.9646449962018437,0.9741392724233453,-0.002999373619821135,4.182614022496187e-06,0.9930456169504898,0.9948610927448298,-0.02136618372076987,0.0028632064338573147,0.25,9.420721840708387,1.1440036658708426
tet_1.35,0.0,q_only,"1-axis:(1,)",Z1,2,0.9646449962018437,0.9741392724233453,-0.002999373619821135,4.182614022496187e-06,0.9930456169504898,0.9948610927448298,-0.02136618372076987,0.0028632064338573147,0.25,9.420721840708387,1.1440036658708426
tet_1.35,0.0,xyz_only,"1-axis:(1,)",Z1,2,0.9646449962018437,0.9741392724233453,-0.002999373619821135,4.182614022496187e-06,0.9930456169504898,0.9948610927448298,-0.02136618372076987,0.0028632064338573147,0.25,9.420721840708387,1.1440036658708426
tet_1.35,1.0,score_q,"2-axis:(1, 1)",X1+Z1,9,0.8092335990627209,0.967558737161063,-0.013960377671231317,0.0013681739763634637,0.8027448951240221,0.9186394015745678,-0.03245634209223171,-0.0020419183560460574,0.65,11.251627699053495,3.742512986462949
tet_1.35,1.0,score_iso,"1-axis:(1,)",Z1,8,0.9278869453930901,0.9781127960661145,-0.030450219510395227,-5.110797359158094e-06,0.9912113518660016,0.9933744752536384,-0.05055971588992865,-0.002605180746712475,0.75,11.118897995706256,1.645808170198194
tet_1.35,1.0,q_only,"1-axis:(1,)",Z1,9,0.8399833650493167,0.9615957196710413,-0.018684874133784408,0.0020684483950074726,0.9520021234242856,0.9681757154623931,-0.019878318708484374,0.002547406505348038,0.44999999999999996,11.241911035525307,2.608526026268196
tet_1.35,1.0,xyz_only,"2-axis:(1, 1)",X1+Z1,9,0.8092335990627209,0.967558737161063,-0.013960377671231317,0.0013681739763634637,0.8027448951240221,0.9186394015745678,-0.03245634209223171,-0.0020419183560460574,0.65,11.251627699053495,3.742512986462949
tet_1.35,1.5,score_q,"2-axis:(1, 2)",Y1+Z2,8,0.7139166006065112,0.9786399999582842,0.0020208684847245312,0.006646966525759189,0.8627465452749713,0.9709850741066525,-0.0066232056457370785,0.0009522985676166046,0.5499999999999999,10.106350672170782,3.172574466130187
tet_1.35,1.5,score_iso,"1-axis:(1,)",Z1,8,0.8955687324384266,0.9674777488835697,-0.03132912550668526,-0.000982483564323774,0.7836300704478323,0.9891608363532275,-0.000782125522761145,-0.0031484623485222418,0.44999999999999996,11.169153951844338,3.3176353797832965
tet_1.35,1.5,q_only,"3-axis:(1, 1, 1)",X1+Y1+Z1,8,0.6127829063221342,0.9395085665681717,0.0209021354843413,0.010322756992722993,0.8456506455801531,0.9924487051892533,0.01262217462364195,0.006781824213098988,0.35,10.581985822674204,2.8412403576473704
tet_1.35,1.5,xyz_only,"1-axis:(1,)",Z1,8,0.8955687324384266,0.9674777488835697,-0.03132912550668526,-0.000982483564323774,0.7836300704478323,0.9891608363532275,-0.000782125522761145,-0.0031484623485222418,0.44999999999999996,11.169153951844338,3.3176353797832965
tet_1.35,2.0,score_q,"3-axis:(1, 1, 1)",X1+Y1+Z1,7,0.8268063622469921,0.982090166028952,-0.015184852068403478,0.0016468750751809944,0.5899815027567071,0.9650304807493078,0.0338318233785968,0.011749416151726718,0.35,9.859741559052528,3.3841489665131457
tet_1.35,2.0,score_iso,"3-axis:(1, 1, 1)",X1+Y1+Z1,8,0.9115298499615416,0.9746052077459568,-0.007347591752973474,0.00043939923559335563,0.835557899522473,0.9700942542559269,0.039718079677393124,0.002538326240040127,0.35,10.70194934853685,4.5605564526544455
tet_1.35,2.0,q_only,"3-axis:(1, 1, 1)",X1+Y1+Z1,8,0.826640708440177,0.9745434828743167,-0.026652878452409455,0.0061927817931827925,0.8630204836226938,0.9419297354219328,-0.02487120263508052,0.005111716830595016,0.15,9.909695129209238,4.297729181297678
tet_1.35,2.0,xyz_only,"3-axis:(1, 1, 1)",X1+Y1+Z1,7,0.8268063622469921,0.982090166028952,-0.015184852068403478,0.0016468750751809944,0.5899815027567071,0.9650304807493078,0.0338318233785968,0.011749416151726718,0.35,9.859741559052528,3.3841489665131457
tet_1.35,5.0,score_q,"3-axis:(1, 1, 1)",X1+Y1+Z1,8,0.8608344240135937,0.9768936889070882,-0.017266517624148058,0.0021240724206260156,0.8011363101194326,0.9353735323344394,-0.008851396537107124,0.0037872134985725836,0.05,10.180299282138021,4.196813998658672
tet_1.35,5.0,score_iso,"3-axis:(1, 1, 2)",X1+Y2+Z1,8,0.9442914843002066,0.96811256969879,-0.014963583072390733,0.001995730468259132,0.8023785239211969,0.8569662180131532,0.02186622524002752,0.004763770464396456,0.25,9.98945086189895,3.4800426190672997
tet_1.35,5.0,q_only,"3-axis:(1, 2, 2)",X1+Y2+Z2,7,0.7121405841936704,0.9759197999697111,0.0004645735698051573,0.010490563499053616,0.4848631651044591,0.9629297686671543,0.0520768967904865,0.017886801958046237,0.15,9.56804011304958,2.9901965938034607
tet_1.35,5.0,xyz_only,"3-axis:(1, 1, 2)",X1+Y2+Z1,8,0.9442914843002066,0.96811256969879,-0.014963583072390733,0.001995730468259132,0.8023785239211969,0.8569662180131532,0.02186622524002752,0.004763770464396456,0.25,9.98945086189895,3.4800426190672997
tet_1.35,10.0,score_q,"3-axis:(1, 1, 2)",X1+Y1+Z2,8,0.8688712309405269,0.9822536169230016,-0.026622443926038658,0.002865047581947739,0.9060823636958395,0.993163922919307,-0.024726024199124817,0.0055071918584199825,0.05,9.518687614875597,4.522127325564334
tet_1.35,10.0,score_iso,"3-axis:(1, 1, 2)",X1+Y1+Z2,6,0.8685049467233972,0.9363913931951862,-0.01699603383126579,0.004292721733110713,0.7560811877675141,0.8181643715392759,0.023413996952959103,0.009913294396794576,0.05,10.286161684337598,4.447970117815113
tet_1.35,10.0,q_only,"3-axis:(1, 2, 2)",X1+Y2+Z2,8,0.8688712288966299,0.9822536159875765,-0.026622442313411387,0.0028650478748161396,0.9060823685371296,0.9931639269719469,-0.02472602107816729,0.005507191779040908,0.05,9.518687614875597,4.522127325564333
tet_1.35,10.0,xyz_only,"3-axis:(1, 1, 2)",X1+Y1+Z2,6,0.8685049467233972,0.9363913931951862,-0.01699603383126579,0.004292721733110713,0.7560811877675141,0.8181643715392759,0.023413996952959103,0.009913294396794576,0.05,10.286161684337598,4.447970117815113
ortho_1.20_1.50,0.0,score_q,"1-axis:(1,)",Y1,2,0.9646449962018433,0.9741392724233451,-0.0029993736198211662,4.182614022282816e-06,0.9930456169504894,0.9948610927448298,-0.02136618372076994,0.0028632064338573494,0.25,9.420721840708387,1.1440036658708426
ortho_1.20_1.50,0.0,score_iso,"1-axis:(1,)",Y1,2,0.9646449962018433,0.9741392724233451,-0.0029993736198211662,4.182614022282816e-06,0.9930456169504894,0.9948610927448298,-0.02136618372076994,0.0028632064338573494,0.25,9.420721840708387,1.1440036658708426
ortho_1.20_1.50,0.0,q_only,"1-axis:(1,)",Y1,2,0.9646449962018433,0.9741392724233451,-0.0029993736198211662,4.182614022282816e-06,0.9930456169504894,0.9948610927448298,-0.02136618372076994,0.0028632064338573494,0.25,9.420721840708387,1.1440036658708426
ortho_1.20_1.50,0.0,xyz_only,"1-axis:(1,)",Y1,2,0.9646449962018433,0.9741392724233451,-0.0029993736198211662,4.182614022282816e-06,0.9930456169504894,0.9948610927448298,-0.02136618372076994,0.0028632064338573494,0.25,9.420721840708387,1.1440036658708426
ortho_1.20_1.50,1.0,score_q,"2-axis:(1, 1)",X1+Z1,9,0.7070250652441467,0.9423675018198886,-0.002663812663399155,0.007138291953591735,0.901690986713201,0.9963051111778624,-0.022761548989083034,0.0019209332139665785,0.44999999999999996,10.762712386556972,4.915746425267331
ortho_1.20_1.50,1.0,score_iso,"1-axis:(1,)",Z1,10,0.9143462507582034,0.971981382443236,-0.036316731391023635,0.0010677215428944258,0.9239035996130692,0.9784363103755851,-0.02276262756349143,-0.0040136240778114885,0.44999999999999996,10.850576763874129,2.250147850851075
ortho_1.20_1.50,1.0,q_only,"2-axis:(1, 1)",Y1+Z1,9,0.8231711505044605,0.9307316518439317,-0.04934742288173873,0.0016653605531390713,0.8659500168793934,0.9490443082641924,-0.0042292162653454896,0.005091040565023167,0.35,10.60351516252967,4.236240941747582
ortho_1.20_1.50,1.0,xyz_only,"2-axis:(1, 1)",X1+Z1,9,0.7070250652441467,0.9423675018198886,-0.002663812663399155,0.007138291953591735,0.901690986713201,0.9963051111778624,-0.022761548989083034,0.0019209332139665785,0.44999999999999996,10.762712386556972,4.915746425267331
ortho_1.20_1.50,1.5,score_q,"3-axis:(1, 1, 2)",X1+Y1+Z2,8,0.7791962312185315,0.9573775582708182,-0.013486665942832054,0.0038982088130540687,0.875831418607038,0.983155640734619,-0.017520499934392437,0.005718117814693337,0.25,10.548219259976715,3.774837678219537
ortho_1.20_1.50,1.5,score_iso,"2-axis:(1, 2)",Y1+Z2,9,0.7816280622739905,0.9413740665803323,-0.022846683134060804,0.0010210266457548328,0.9168463807066306,0.9526133999768984,-0.03179258349252217,-0.0002517944345725182,0.25,11.175428810942051,3.4506747939909594
ortho_1.20_1.50,1.5,q_only,"3-axis:(1, 2, 2)",X1+Y2+Z2,9,0.7261010891211384,0.9457056056748154,-0.00553044789427778,0.0011353128309257922,0.7856797973939743,0.8852333227813938,-0.0061501593365137185,0.0009327120404496879,0.15,10.383483131140627,2.9392699046038837
ortho_1.20_1.50,1.5,xyz_only,"3-axis:(1, 1, 2)",X1+Y1+Z2,8,0.7791962312185315,0.9573775582708182,-0.013486665942832054,0.0038982088130540687,0.875831418607038,0.983155640734619,-0.017520499934392437,0.005718117814693337,0.25,10.548219259976715,3.774837678219537
ortho_1.20_1.50,2.0,score_q,"3-axis:(1, 1, 2)",X1+Y2+Z1,8,0.6835099631223764,0.9519705303752015,0.001748772721119327,0.005008991508735896,0.7401061178582015,0.8983073895337284,-0.05830539259867295,0.003971264382331957,0.05,10.25099524602928,2.6764511344277118
ortho_1.20_1.50,2.0,score_iso,"3-axis:(1, 1, 2)",X1+Y2+Z1,7,0.8367624025361282,0.9349157821438911,-0.020476177745873257,0.0009737419009939128,0.565739614074995,0.7604736600710609,0.037574487692254785,-0.0006066723347190155,0.15,11.085106634245573,5.8378368864884855
ortho_1.20_1.50,2.0,q_only,"3-axis:(1, 1, 1)",X1+Y1+Z1,9,0.6962462402679501,0.9754689033148731,0.00662904656456435,0.005223799174195082,0.8777962982574832,0.9886816580371325,-0.0681431047948934,-0.0007788569292825384,0.05,10.347705212093782,1.8147454927214266
ortho_1.20_1.50,2.0,xyz_only,"3-axis:(1, 1, 2)",X1+Y2+Z1,8,0.6835099631223764,0.9519705303752015,0.001748772721119327,0.005008991508735896,0.7401061178582015,0.8983073895337284,-0.05830539259867295,0.003971264382331957,0.05,10.25099524602928,2.6764511344277118
ortho_1.20_1.50,5.0,score_q,"3-axis:(1, 1, 2)",X1+Y1+Z2,7,0.8361294017473625,0.9416305111638464,-0.001242928610330646,0.0019477081499777497,0.7574586810298377,0.823955329616876,0.0027911088124511,0.007216152533038795,0.05,10.980170382564316,3.3847892716714076
ortho_1.20_1.50,5.0,score_iso,"3-axis:(1, 1, 2)",X1+Y2+Z1,7,0.865121897719165,0.9632414958217407,-0.021990387907340925,0.0026444997402875247,0.846905427984324,0.9002144904655739,-0.024305418992771794,0.002961333586834397,0.05,10.606246640882702,2.86114006482726
ortho_1.20_1.50,5.0,q_only,"3-axis:(1, 1, 1)",X1+Y1+Z1,8,0.8076982218474065,0.9426162355460894,-0.016705760061775824,0.0022834773988994568,0.7285528934265316,0.8788054351432915,-0.011889710100623539,0.004691258300191405,0.05,10.750320651950332,3.245036804646044
ortho_1.20_1.50,5.0,xyz_only,"3-axis:(1, 1, 2)",X1+Y1+Z2,7,0.8361294017473625,0.9416305111638464,-0.001242928610330646,0.0019477081499777497,0.7574586810298377,0.823955329616876,0.0027911088124511,0.007216152533038795,0.05,10.980170382564316,3.3847892716714076
ortho_1.20_1.50,10.0,score_q,"3-axis:(1, 1, 2)",X1+Y1+Z2,7,0.7941215393633326,0.9690973841939979,-0.0016006178974343358,0.006033450505154491,0.7888198239165215,0.9170093008067044,-0.01674518185016027,0.005736409475353926,0.05,10.469022507609855,2.5169893214614785
ortho_1.20_1.50,10.0,score_iso,"3-axis:(1, 1, 2)",X1+Y2+Z1,9,0.8614392649623922,0.9700254858805617,-0.02398774897062797,0.003519826511667721,0.8024213486597336,0.9265677307175907,-0.019581720750302737,0.0052798708573554565,0.05,10.41449720820278,2.480078373525844
ortho_1.20_1.50,10.0,q_only,"3-axis:(1, 1, 2)",X1+Y1+Z2,7,0.7941215393633326,0.9690973841939979,-0.0016006178974343358,0.006033450505154491,0.7888198239165215,0.9170093008067044,-0.01674518185016027,0.005736409475353926,0.05,10.469022507609855,2.5169893214614785
ortho_1.20_1.50,10.0,xyz_only,"3-axis:(1, 1, 2)",X1+Y1+Z2,7,0.7941215393633326,0.9690973841939979,-0.0016006178974343358,0.006033450505154491,0.7888198239165215,0.9170093008067044,-0.01674518185016027,0.005736409475353926,0.05,10.469022507609855,2.5169893214614785
tet_1.50,0.0,score_q,"1-axis:(1,)",Z1,2,0.9646449962018435,0.9741392724233454,-0.0029993736198211662,4.182614022922929e-06,0.9930456169504892,0.9948610927448297,-0.021366183720769615,0.002863206433857339,0.25,9.420721840708387,1.1440036658708426
tet_1.50,0.0,score_iso,"1-axis:(1,)",Z1,2,0.9646449962018435,0.9741392724233454,-0.0029993736198211662,4.182614022922929e-06,0.9930456169504892,0.9948610927448297,-0.021366183720769615,0.002863206433857339,0.25,9.420721840708387,1.1440036658708426
tet_1.50,0.0,q_only,"1-axis:(1,)",Z1,2,0.9646449962018435,0.9741392724233454,-0.0029993736198211662,4.182614022922929e-06,0.9930456169504892,0.9948610927448297,-0.021366183720769615,0.002863206433857339,0.25,9.420721840708387,1.1440036658708426
tet_1.50,0.0,xyz_only,"1-axis:(1,)",Z1,2,0.9646449962018435,0.9741392724233454,-0.0029993736198211662,4.182614022922929e-06,0.9930456169504892,0.9948610927448297,-0.021366183720769615,0.002863206433857339,0.25,9.420721840708387,1.1440036658708426
tet_1.50,1.0,score_q,"1-axis:(1,)",Z1,9,0.8788113341904037,0.9830319775582426,-0.018887170783419758,0.0027007331718378316,0.982010480896048,0.9847540702394872,-0.042589454431812265,-0.00048513680231617763,0.65,12.016288187031265,3.8297015363679883
tet_1.50,1.0,score_iso,"1-axis:(1,)",Z1,8,0.8453436825744722,0.9710570320993275,-0.02521790900799803,0.0018721853558068295,0.6262084163417393,0.9926978432082156,0.02705526511769735,0.010859149949377185,0.25,10.897247358851684,7.778867782001281
tet_1.50,1.0,q_only,"1-axis:(1,)",Z1,8,0.8453436825744722,0.9710570320993275,-0.02521790900799803,0.0018721853558068295,0.6262084163417393,0.9926978432082156,0.02705526511769735,0.010859149949377185,0.25,10.897247358851684,7.778867782001281
tet_1.50,1.0,xyz_only,"1-axis:(1,)",Z1,9,0.8788113341904037,0.9830319775582426,-0.018887170783419758,0.0027007331718378316,0.982010480896048,0.9847540702394872,-0.042589454431812265,-0.00048513680231617763,0.65,12.016288187031265,3.8297015363679883
tet_1.50,1.5,score_q,"3-axis:(1, 2, 2)",X1+Y2+Z2,7,0.8240246353384003,0.951847392964207,0.001947182146374439,0.0031512698083623245,0.8624155131712978,0.923966654108615,-0.03377559043921351,0.0017740858720672857,0.15,10.774108475929529,3.2431494022599647
tet_1.50,1.5,score_iso,"3-axis:(1, 1, 2)",X1+Y1+Z2,6,0.8338335795180986,0.974330225778588,-0.019572267686509964,0.005874868593816137,0.9579315472424701,0.9797150662864761,-0.028251629994985865,-0.0024701766596997524,0.25,10.252642354760308,3.7086192821479758
tet_1.50,1.5,q_only,"3-axis:(1, 2, 2)",X1+Y2+Z2,8,0.8561479783858352,0.9748524793126477,-0.04620896439802658,0.003442834538083717,0.9053275688852939,0.9682973961468938,-0.07748400934412164,4.0761987993509973e-05,0.05,10.131652639428431,2.5097961606490333
tet_1.50,1.5,xyz_only,"3-axis:(1, 2, 2)",X1+Y2+Z2,7,0.8240246353384003,0.951847392964207,0.001947182146374439,0.0031512698083623245,0.8624155131712978,0.923966654108615,-0.03377559043921351,0.0017740858720672857,0.15,10.774108475929529,3.2431494022599647
tet_1.50,2.0,score_q,"3-axis:(1, 1, 2)",X1+Y2+Z1,9,0.7341473512485174,0.9523764589359366,-0.01713193098001735,0.0009695670229174165,0.7794535864413908,0.9719938895565969,-0.011658637991231978,-0.0016636558168148848,0.44999999999999996,10.355382381887287,3.0027915363169537
tet_1.50,2.0,score_iso,"3-axis:(1, 1, 2)",X1+Y1+Z2,8,0.9107095766659947,0.9662174870945115,-0.03319967724332539,0.0014551778474349187,0.9296140836993418,0.9501705315322225,-0.02814380986934319,0.003995505325074589,0.25,10.89945377791075,2.725597830754559
tet_1.50,2.0,q_only,"3-axis:(1, 1, 2)",X1+Y1+Z2,10,0.8729102166138759,0.9824158398053644,-0.05146916674553179,0.003507855357427041,0.8392739210760815,0.9379392582979343,-0.028408217507497332,0.0029640940270711834,0.15,9.8762763259565,3.871373259086633
tet_1.50,2.0,xyz_only,"3-axis:(1, 1, 2)",X1+Y2+Z1,9,0.9052211502770301,0.9703384043473372,-0.021247355904063188,-0.00044663437774542284,0.9199084688415279,0.9404607834753018,-0.01894448645655625,-0.007341587063974579,0.35,11.712691032963214,4.968470806539393
tet_1.50,5.0,score_q,"3-axis:(1, 2, 2)",X1+Y2+Z2,7,0.9006873904930026,0.9667312107369623,-0.014902299012291358,0.0029951941570609784,0.8975263529330779,0.9527092220677151,-0.05512144619258866,-0.0076539686938008455,0.44999999999999996,10.03545126584118,2.586255787409156
tet_1.50,5.0,score_iso,"3-axis:(1, 1, 1)",X1+Y1+Z1,7,0.8340273166120769,0.951685165458934,-0.01631859877425927,0.003941830578324966,0.8503624113247175,0.913307175456676,-0.04025067716930693,0.0021014222179911255,0.05,10.566974467835037,3.1555840712186125
tet_1.50,5.0,q_only,"3-axis:(1, 1, 2)",X1+Y2+Z1,8,0.6589467186417918,0.9589658111897601,-0.001923592508464805,0.009821127748294346,0.8575171637212317,0.9539077198115888,-0.027366178611042527,0.007449049267585272,0.05,10.064783982333552,3.461125678520241
tet_1.50,5.0,xyz_only,"3-axis:(1, 2, 2)",X1+Y2+Z2,7,0.9006873904930026,0.9667312107369623,-0.014902299012291358,0.0029951941570609784,0.8975263529330779,0.9527092220677151,-0.05512144619258866,-0.0076539686938008455,0.44999999999999996,10.03545126584118,2.586255787409156
tet_1.50,10.0,score_q,"3-axis:(1, 1, 2)",X1+Y1+Z2,6,0.8574619409947161,0.9314244200654406,-0.00965484686204132,0.0026884938295064138,0.8048356913410473,0.9206851416273567,-0.016845240633535315,0.004482980179449235,0.25,10.237797362340094,2.4198040992498138
tet_1.50,10.0,score_iso,"3-axis:(1, 1, 1)",X1+Y1+Z1,9,0.9060914952221614,0.9762710848543945,-0.02739122657629022,0.0021580956940409806,0.79853755843391,0.9263747248612867,-0.024275815068451802,0.005745371288151434,0.05,10.428697518523048,2.549555203844494
tet_1.50,10.0,q_only,"3-axis:(1, 1, 1)",X1+Y1+Z1,6,0.7670651384269712,0.9503248186824412,-0.006457178973207106,0.005079416757808857,0.8581372131627868,0.9989635844261932,0.01058703493616912,-0.0026006388351016117,0.05,9.45154326821868,3.811483288518568
tet_1.50,10.0,xyz_only,"3-axis:(1, 1, 2)",X1+Y1+Z2,6,0.8574619409947161,0.9314244200654406,-0.00965484686204132,0.0026884938295064138,0.8048356913410473,0.9206851416273567,-0.016845240633535315,0.004482980179449235,0.25,10.237797362340094,2.4198040992498138
