geometry,beta,criterion,winner_family,support_degree,mean_boundary,center_frac,opp_edge,neck_floor_z,pred_support_degree,correct,distance
cubic,0.0,score_q,"1-axis:(1,)",1,3.678406307863791,0.139909754780879,0.9791666666666666,0.02625443174647143,1,True,1.3333430854889925
cubic,0.0,score_iso,"1-axis:(1,)",1,3.713972400291809,0.139909754780879,1.0,0.02625443174647143,1,True,1.3938290405139928
cubic,0.0,q_only,"1-axis:(1,)",1,3.678406307863791,0.139909754780879,1.0,0.02625443174647143,1,True,1.3768060171613197
cubic,0.0,xyz_only,"1-axis:(1,)",1,3.678406307863791,0.139909754780879,1.0,0.02625443174647143,1,True,1.3768060171613197
cubic,1.0,score_q,"1-axis:(1,)",1,2.5944796550877816,0.0064749946780977,0.1458333333333333,-1.6791713566214503,2,False,2.761568226556586
cubic,1.0,score_iso,"1-axis:(1,)",1,2.5944796550877816,0.0064749946780977,0.1041666666666666,-1.6791713566214503,2,False,2.8161622523002214
cubic,1.0,q_only,"3-axis:(1, 2, 2)",3,2.4077492921143904,0.0040822591220541,1.0,-0.26850662311517626,2,False,1.8851850059241402
cubic,1.0,xyz_only,"2-axis:(1, 1)",2,2.5944795215212544,0.0529956470421811,0.125,-1.6791713566214503,2,True,2.726571937134908
cubic,1.5,score_q,"3-axis:(1, 1, 1)",3,2.1407906936084067,0.0073486428659786,1.0,-0.3827600982289831,3,True,1.7891686909432927
cubic,1.5,score_iso,"3-axis:(1, 1, 1)",3,2.1407906936084067,0.0073486428659786,0.7291666666666666,0.9806908027460941,3,True,1.7699529166248507
cubic,1.5,q_only,"3-axis:(1, 2, 2)",3,1.5148362139307696,0.0028070564463714,1.0,-0.3827600982289831,3,True,1.5045965277296427
cubic,1.5,xyz_only,"3-axis:(1, 1, 1)",3,2.1407906936084067,0.055941462476642,0.6458333333333334,2.7888601963281063,1,False,3.029530750214715
cubic,2.0,score_q,"3-axis:(1, 1, 2)",3,1.7647058381249272,0.0557343078537231,0.7916666666666666,0.8840704934702417,3,True,1.3744842543410505
cubic,2.0,score_iso,"3-axis:(1, 2, 2)",3,1.4279593146044147,0.0081829212755136,0.9791666666666666,-0.46013816718915906,3,True,1.4372259979090363
cubic,2.0,q_only,"3-axis:(1, 1, 1)",3,1.3345160152663895,0.0011910599901093,1.0,-0.16736261545762796,3,True,1.391873904902173
cubic,2.0,xyz_only,"3-axis:(1, 2, 2)",3,1.7647058381249283,0.0081829212755136,0.8125,-0.46013816718915906,3,True,1.3489415506476312
cubic,5.0,score_q,"3-axis:(1, 1, 1)",3,0.6330845939103601,0.0527388943995191,0.0208333333333333,0.31072847810167487,3,True,1.6487866801333497
cubic,5.0,score_iso,"3-axis:(1, 1, 1)",3,0.4605724989647946,0.193139245946764,0.2708333333333333,-0.4063218091430576,2,False,1.7264975901193234
cubic,5.0,q_only,"3-axis:(1, 1, 2)",3,0.2329686023065433,0.0527388943995191,1.0,1.0007033394640077,3,True,1.586104020685503
cubic,5.0,xyz_only,"3-axis:(1, 1, 1)",3,0.6330845939103601,0.193139245946764,0.1458333333333333,0.31072847810167487,2,False,1.8578854741825652
cubic,10.0,score_q,"3-axis:(1, 1, 2)",3,0.2070766612284846,0.0501833200116122,0.5,0.05933989256249598,3,True,0.6467916516030835
cubic,10.0,score_iso,"3-axis:(1, 1, 2)",3,0.1427258765234964,0.0069764915843611,0.5208333333333334,-0.5585807425786283,3,True,1.1687343361752505
cubic,10.0,q_only,"3-axis:(1, 2, 2)",3,0.0715936916674584,0.0133209264013171,1.0,-0.29003377139676956,3,True,1.4180829876334116
cubic,10.0,xyz_only,"3-axis:(1, 1, 2)",3,0.1427258765234964,0.0501833200116122,0.5625,-0.5585807425786283,3,True,0.9331586306034985
ortho_1.05_1.20,0.0,score_q,"1-axis:(1,)",1,3.4190503040074485,0.1399097547808787,1.0,0.02625443174667549,1,True,1.2706226172771191
ortho_1.05_1.20,0.0,score_iso,"1-axis:(1,)",1,3.4190503040074485,0.1399097547808787,0.9791666666666666,0.02625443174667549,1,True,1.2233931544135135
ortho_1.05_1.20,0.0,q_only,"1-axis:(1,)",1,3.4190503040074485,0.1399097547808787,1.0,0.02625443174667549,1,True,1.2706226172771191
ortho_1.05_1.20,0.0,xyz_only,"1-axis:(1,)",1,3.4190503040074485,0.1399097547808787,1.0,0.02625443174667549,1,True,1.2706226172771191
ortho_1.05_1.20,1.0,score_q,"1-axis:(1,)",1,2.322050074004382,0.2773187228651181,0.1458333333333333,1.4616433328902945,1,True,2.240443151219463
ortho_1.05_1.20,1.0,score_iso,"1-axis:(1,)",1,2.322050074004382,0.2773187228651181,0.0416666666666666,1.4616433328902945,1,True,2.408699105412185
ortho_1.05_1.20,1.0,q_only,"1-axis:(1,)",1,2.322050074004382,0.0667808922502762,0.0,0.8744030744143324,1,True,2.0608681300821763
ortho_1.05_1.20,1.0,xyz_only,"1-axis:(1,)",1,2.3458733541790195,0.2773187228651181,0.0625,1.4616433328902945,1,True,2.3689024671348946
ortho_1.05_1.20,1.5,score_q,"3-axis:(1, 1, 2)",3,1.27293776006404,0.0075087318597973,0.9375,0.8807381711059618,3,True,1.5198395827495577
ortho_1.05_1.20,1.5,score_iso,"2-axis:(1, 1)",2,1.91176209740348,0.261135113882581,0.8958333333333334,-0.2597403968085478,2,True,1.588783554853253
ortho_1.05_1.20,1.5,q_only,"3-axis:(1, 2, 2)",3,1.2522057779884268,0.0075087318597973,0.8958333333333334,0.8807381711059618,3,True,1.4543921310539292
ortho_1.05_1.20,1.5,xyz_only,"2-axis:(1, 1)",2,1.91176209740348,0.261135113882581,0.8541666666666666,-0.2597403968085478,2,True,1.5371305693103336
ortho_1.05_1.20,2.0,score_q,"3-axis:(1, 2, 2)",3,1.085468641367416,0.0081006350176881,0.9583333333333334,0.7897443149926022,3,True,1.449602357005913
ortho_1.05_1.20,2.0,score_iso,"3-axis:(1, 1, 1)",3,1.5590002189595988,0.2472118140207229,0.6458333333333334,0.8152821595050955,2,False,1.5603386519723363
ortho_1.05_1.20,2.0,q_only,"3-axis:(1, 1, 2)",3,1.0385114538485702,0.0081006350176881,0.9791666666666666,0.7897443149926022,3,True,1.478915059539162
ortho_1.05_1.20,2.0,xyz_only,"3-axis:(1, 1, 1)",3,1.5590002189595988,0.2472118140207229,0.5625,0.8152821595050955,2,False,1.5722956949851712
ortho_1.05_1.20,5.0,score_q,"3-axis:(1, 2, 2)",3,0.38494893370328,0.0551517420704641,0.2291666666666666,-0.7608702836487644,3,True,1.4399167994583597
ortho_1.05_1.20,5.0,score_iso,"3-axis:(1, 2, 2)",3,0.38494893370328,0.0564989113427564,0.0833333333333333,-0.05644237788815503,3,True,1.4901284038015434
ortho_1.05_1.20,5.0,q_only,"3-axis:(1, 1, 2)",3,0.1705190423108815,0.0147077424817233,0.625,-0.4805514998596337,3,True,1.0220273988330917
ortho_1.05_1.20,5.0,xyz_only,"3-axis:(1, 2, 2)",3,0.38494893370328,0.0551517420704641,0.1041666666666666,-0.7608702836487644,3,True,1.6995103334438275
ortho_1.05_1.20,10.0,score_q,"3-axis:(1, 1, 2)",3,0.1174333084752019,0.1583035928071149,0.4791666666666667,-0.5575094152200767,3,True,1.379911835065264
ortho_1.05_1.20,10.0,score_iso,"3-axis:(1, 1, 2)",3,0.1174333084752019,0.1583035928071149,0.375,-0.5575094152200767,3,True,1.4789834467577758
ortho_1.05_1.20,10.0,q_only,"3-axis:(1, 1, 2)",3,0.0508668242680639,0.0144791853623227,0.7083333333333334,-0.5323445672662,3,True,1.1440104562327764
ortho_1.05_1.20,10.0,xyz_only,"3-axis:(1, 1, 2)",3,0.1174333084752019,0.1583035928071149,0.5416666666666666,-0.5575094152200767,3,True,1.3449782024982522
ortho_1.10_1.30,0.0,score_q,"1-axis:(1,)",1,3.2883790649251226,0.1399097547808787,0.9166666666666666,1.8158584227677892,1,True,1.8760787303265483
ortho_1.10_1.30,0.0,score_iso,"1-axis:(1,)",1,3.2883790649251226,0.1399097547808787,0.9791666666666666,1.8158584227677892,1,True,1.9581520466574982
ortho_1.10_1.30,0.0,q_only,"1-axis:(1,)",1,3.283404786031469,0.1399097547808787,0.9791666666666666,1.8158584227677892,1,True,1.9573181341053647
ortho_1.10_1.30,0.0,xyz_only,"1-axis:(1,)",1,3.2883790649251226,0.1399097547808787,1.0,1.8158584227677892,1,True,1.9880016255273179
ortho_1.10_1.30,1.0,score_q,"1-axis:(1,)",1,2.1887706508179305,0.2769331001552149,0.0,-0.9451756363633802,2,False,2.46025925300135
ortho_1.10_1.30,1.0,score_iso,"1-axis:(1,)",1,2.219553863102356,0.2769331001552149,0.0,-0.9451756363633802,2,False,2.4630914080597783
ortho_1.10_1.30,1.0,q_only,"1-axis:(1,)",1,2.1887706508179305,0.0673053620230215,0.0,0.8598628886749305,1,True,2.0852604168198368
ortho_1.10_1.30,1.0,xyz_only,"1-axis:(1,)",1,2.219553863102356,0.2769331001552149,0.0,-0.9451756363633802,2,False,2.4630914080597783
ortho_1.10_1.30,1.5,score_q,"3-axis:(1, 1, 2)",3,1.168860909245636,0.0076329165268372,0.9791666666666666,0.8675803000926159,3,True,1.554067286393314
ortho_1.10_1.30,1.5,score_iso,"2-axis:(1, 1)",2,1.7941878662975062,0.2589914010765522,0.9375,-0.38569373617280517,2,True,1.6554646425764663
ortho_1.10_1.30,1.5,q_only,"3-axis:(1, 1, 2)",3,1.2152395262650202,0.0076329165268372,1.0,0.8675803000926159,3,True,1.5987261051486383
ortho_1.10_1.30,1.5,xyz_only,"2-axis:(1, 1)",2,1.7941878662975062,0.2589914010765522,0.9791666666666666,-0.38569373617280517,2,True,1.7201927154051477
ortho_1.10_1.30,2.0,score_q,"3-axis:(1, 1, 1)",3,0.9813761996039888,0.0081638788988593,0.9791666666666666,0.7711844042229332,3,True,1.4600105796743554
ortho_1.10_1.30,2.0,score_iso,"3-axis:(1, 1, 2)",3,1.4525032183048716,0.2454905378608115,0.1875,0.8219478662020238,2,False,1.9738398325774003
ortho_1.10_1.30,2.0,q_only,"3-axis:(1, 1, 2)",3,1.009823167590249,0.0081638788988593,0.9791666666666666,0.7711844042229332,3,True,1.4630928976539483
ortho_1.10_1.30,2.0,xyz_only,"3-axis:(1, 1, 2)",3,1.4525032183048716,0.2454905378608115,0.1875,0.8219478662020238,2,False,1.9738398325774003
ortho_1.10_1.30,5.0,score_q,"3-axis:(1, 1, 2)",3,0.3513482615026932,0.185699536903761,0.1875,-0.6304223514284223,3,True,1.9225355354437497
ortho_1.10_1.30,5.0,score_iso,"3-axis:(1, 1, 2)",3,0.3513482615026932,0.185699536903761,0.3125,-0.6304223514284223,3,True,1.742114043158967
ortho_1.10_1.30,5.0,q_only,"3-axis:(1, 1, 2)",3,0.1481734558481923,0.0146203871223123,0.6041666666666666,-0.48909299723430555,3,True,1.0393931082957282
ortho_1.10_1.30,5.0,xyz_only,"3-axis:(1, 1, 2)",3,0.3513482615026932,0.185699536903761,0.2708333333333333,-0.6304223514284223,3,True,1.7971966677529883
ortho_1.10_1.30,10.0,score_q,"3-axis:(1, 1, 2)",3,0.1347902326999982,0.0501591079008191,0.375,-0.9413274650680638,3,True,1.436356870111305
ortho_1.10_1.30,10.0,score_iso,"3-axis:(1, 1, 1)",3,0.1065145624444277,0.0510432003956219,0.4583333333333333,-0.13458934355142171,3,True,0.7983582038648284
ortho_1.10_1.30,10.0,q_only,"3-axis:(1, 1, 1)",3,0.0437699814845914,0.0144387003834434,0.8958333333333334,-0.5365681460471766,3,True,1.3495425919189175
ortho_1.10_1.30,10.0,xyz_only,"3-axis:(1, 1, 2)",3,0.1347902326999982,0.0501591079008191,0.5208333333333334,-0.9413274650680638,3,True,1.3077509312162934
ortho_1.20_1.50,0.0,score_q,"1-axis:(1,)",1,3.065338590133157,0.1399097547808784,1.0,0.02625443174674442,1,True,1.186212028738152
ortho_1.20_1.50,0.0,score_iso,"1-axis:(1,)",1,3.0712662721284576,0.1399097547808784,0.9375,0.02625443174674442,1,True,1.0367763689792753
ortho_1.20_1.50,0.0,q_only,"1-axis:(1,)",1,3.065338590133157,0.1399097547808784,0.9791666666666666,0.02625443174674442,1,True,1.1354769710798953
ortho_1.20_1.50,0.0,xyz_only,"1-axis:(1,)",1,3.065338590133157,0.1399097547808784,1.0,0.02625443174674442,1,True,1.186212028738152
ortho_1.20_1.50,1.0,score_q,"1-axis:(1,)",1,1.9688936507664363,0.0334573816294984,0.0833333333333333,-0.3345060884904495,3,False,1.8530652941618535
ortho_1.20_1.50,1.0,score_iso,"1-axis:(1,)",1,1.9688936507664363,0.0673914400161595,0.0,0.8723313005956649,1,True,2.1536021291086125
ortho_1.20_1.50,1.0,q_only,"2-axis:(1, 1)",2,1.7419647909924283,0.0150000577789196,0.0625,0.5388462995295754,3,False,1.8875637886437941
ortho_1.20_1.50,1.0,xyz_only,"2-axis:(1, 1)",2,1.6036798950585518,0.0334573816294984,0.0208333333333333,-0.3345060884904495,3,False,1.83944900964537
ortho_1.20_1.50,1.5,score_q,"3-axis:(1, 1, 1)",3,1.416460170210019,0.0356180220294456,0.875,-0.556391288293408,3,True,1.181181289434846
ortho_1.20_1.50,1.5,score_iso,"2-axis:(1, 1)",2,1.537264330846554,0.0661231057111011,0.8958333333333334,0.6674422022279592,3,False,1.2115469621477324
ortho_1.20_1.50,1.5,q_only,"3-axis:(1, 1, 1)",3,1.416460170210019,0.0078684105282291,1.0,0.8411334303261296,3,True,1.6312573386501423
ortho_1.20_1.50,1.5,xyz_only,"3-axis:(1, 2, 2)",3,1.2984852137608542,0.0356180220294456,0.9375,-0.556391288293408,3,True,1.245448465085461
ortho_1.20_1.50,2.0,score_q,"3-axis:(1, 1, 2)",3,1.0497185599209948,0.036612568440934,0.5208333333333334,-0.5342246599723458,3,True,0.831049206116457
ortho_1.20_1.50,2.0,score_iso,"3-axis:(1, 1, 2)",3,1.204746170183191,0.0647191013028853,0.5833333333333334,0.2838770067936053,3,True,0.46757815311248196
ortho_1.20_1.50,2.0,q_only,"3-axis:(1, 2, 2)",3,0.9662515145100518,0.0082823494971512,1.0,0.7336858955982452,3,True,1.47277192102182
ortho_1.20_1.50,2.0,xyz_only,"3-axis:(1, 1, 2)",3,1.0497185599209948,0.036612568440934,0.5208333333333334,-0.5342246599723458,3,True,0.831049206116457
ortho_1.20_1.50,5.0,score_q,"3-axis:(1, 1, 1)",3,0.3353613845744549,0.0533471995400923,0.1458333333333333,-0.8087156222427521,3,True,1.653601439293494
ortho_1.20_1.50,5.0,score_iso,"3-axis:(1, 1, 2)",3,0.3021277529533313,0.0560161124603676,0.1458333333333333,-0.05796674512840721,3,True,1.3508818201531954
ortho_1.20_1.50,5.0,q_only,"3-axis:(1, 2, 2)",3,0.1169666489924256,0.0144848568785891,0.7291666666666666,-0.5027279979705871,3,True,1.1056216416285598
ortho_1.20_1.50,5.0,xyz_only,"3-axis:(1, 1, 1)",3,0.3353613845744549,0.0533471995400923,0.125,-0.8087156222427521,3,True,1.6970254827272573
ortho_1.20_1.50,10.0,score_q,"3-axis:(1, 1, 2)",3,0.0972194272089028,0.0496444035630671,0.4375,-0.9615920102865461,3,True,1.4033928222298024
ortho_1.20_1.50,10.0,score_iso,"3-axis:(1, 1, 1)",3,0.0909233892439605,0.0509136289278829,0.3958333333333333,-0.13634056366055503,3,True,0.9087159747507867
ortho_1.20_1.50,10.0,q_only,"3-axis:(1, 1, 2)",3,0.0553572968139658,0.0496444035630671,0.5833333333333334,-0.9615920102865461,3,True,1.3396130946592903
ortho_1.20_1.50,10.0,xyz_only,"3-axis:(1, 1, 2)",3,0.0972194272089028,0.0496444035630671,0.5416666666666666,-0.9615920102865461,3,True,1.3340745386192605
tet_1.05,0.0,score_q,"1-axis:(1,)",1,3.621147988472528,0.139909754780879,1.0,1.8158584227682777,1,True,2.0644198712997284
tet_1.05,0.0,score_iso,"1-axis:(1,)",1,3.621147988472528,0.139909754780879,1.0,1.8158584227682777,1,True,2.0644198712997284
tet_1.05,0.0,q_only,"1-axis:(1,)",1,3.621147988472528,0.139909754780879,1.0,1.8158584227682777,1,True,2.0644198712997284
tet_1.05,0.0,xyz_only,"1-axis:(1,)",1,3.621147988472528,0.139909754780879,1.0,1.8158584227682777,1,True,2.0644198712997284
tet_1.05,1.0,score_q,"1-axis:(1,)",1,2.532314012267361,0.2763067103939587,0.1041666666666666,1.485823620439437,1,True,2.280575899013875
tet_1.05,1.0,score_iso,"1-axis:(1,)",1,2.532314012267361,0.2763067103939587,0.125,1.485823620439437,1,True,2.2474907630656484
tet_1.05,1.0,q_only,"1-axis:(1,)",1,2.532314012267361,0.0661184454085287,0.0,0.8884771941934707,1,True,2.0324113784466262
tet_1.05,1.0,xyz_only,"2-axis:(1, 1)",2,2.540545726619672,0.2763067103939587,0.0416666666666666,1.485823620439437,1,False,2.349935300435634
tet_1.05,1.5,score_q,"3-axis:(1, 1, 2)",3,1.717744372399212,0.0073682542240976,1.0,2.7627857444653032,3,True,3.4762822960827444
tet_1.05,1.5,score_iso,"1-axis:(1,)",1,2.0776062421427697,0.2643548733401893,1.0,-0.4327221136471034,2,False,1.699606549332148
tet_1.05,1.5,q_only,"3-axis:(1, 1, 2)",3,1.3128211274701145,0.0073682542240976,0.9375,-0.22225684040683105,3,True,1.2387042859092399
tet_1.05,1.5,xyz_only,"2-axis:(1, 1)",2,2.092217892206085,0.2643548733401893,1.0,-0.4327221136471034,2,True,1.82224722688653
tet_1.05,2.0,score_q,"3-axis:(1, 1, 1)",3,1.7220336576569804,0.0591376900956668,1.0,0.8695019281309424,3,True,1.6181609432522654
tet_1.05,2.0,score_iso,"3-axis:(1, 2, 2)",3,1.70284400679672,0.0644338147022148,1.0,0.28702015874967124,3,True,1.3338795814727749
tet_1.05,2.0,q_only,"3-axis:(1, 1, 1)",3,1.3708503828761749,0.0133371788296967,0.2083333333333333,0.03022772011063018,3,True,1.3662226802624704
tet_1.05,2.0,xyz_only,"3-axis:(1, 1, 1)",3,1.7220336576569804,0.0591376900956668,1.0,-0.36877357373664077,2,False,1.3914506835694849
tet_1.05,5.0,score_q,"3-axis:(1, 2, 2)",3,0.6151303606642549,0.0534740638061023,0.1041666666666666,0.0877041059037984,3,True,1.3992170329280265
tet_1.05,5.0,score_iso,"3-axis:(1, 1, 2)",3,0.4426182657176618,0.1920286555166111,0.1041666666666666,-0.05581901557007193,3,True,1.9550502605759694
tet_1.05,5.0,q_only,"3-axis:(1, 1, 2)",3,0.2281883743295177,0.0137528438203903,0.9166666666666666,-0.43781330844757116,3,True,1.2617032252624185
tet_1.05,5.0,xyz_only,"3-axis:(1, 1, 2)",3,0.4426182657176618,0.1920286555166111,0.0208333333333333,0.0877041059037984,3,True,2.1178784019393815
tet_1.05,10.0,score_q,"3-axis:(1, 1, 1)",3,0.1010521340868562,0.049907342300099,0.6458333333333334,-0.618252468855437,3,True,0.9991310594497802
tet_1.05,10.0,score_iso,"3-axis:(1, 1, 1)",3,0.136618226515087,0.0511488396409903,0.4583333333333333,-0.13228704887057532,3,True,0.7771937888548104
tet_1.05,10.0,q_only,"3-axis:(1, 2, 2)",3,0.1010521340868563,0.0499073422996043,0.3541666666666667,0.2950735874272943,3,True,1.0016210528986682
tet_1.05,10.0,xyz_only,"3-axis:(1, 1, 1)",3,0.136618226515087,0.049907342300099,0.4166666666666667,-0.09813029211644715,3,True,0.8386213220170845
tet_1.10,0.0,score_q,"1-axis:(1,)",1,3.569094970843511,0.1399097547808798,0.9791666666666666,0.026254431746873724,1,True,1.2829228251367513
tet_1.10,0.0,score_iso,"1-axis:(1,)",1,3.569094970843511,0.1399097547808798,0.9791666666666666,0.026254431746873724,1,True,1.2829228251367513
tet_1.10,0.0,q_only,"1-axis:(1,)",1,3.569094970843511,0.1399097547808798,1.0,0.026254431746873724,1,True,1.3280368972762664
tet_1.10,0.0,xyz_only,"1-axis:(1,)",1,3.5658616896621327,0.1399097547808798,0.9791666666666666,0.026254431746873724,1,True,1.2815178596128582
tet_1.10,1.0,score_q,"1-axis:(1,)",1,2.4756160402716323,0.2775059995878023,0.0,-1.271116167906733,2,False,2.6668492443664835
tet_1.10,1.0,score_iso,"1-axis:(1,)",1,2.4756160402716323,0.2775059995878023,0.0,-1.271116167906733,2,False,2.6668492443664835
tet_1.10,1.0,q_only,"1-axis:(1,)",1,2.4756160402716323,0.0662402434430134,0.0,0.8891766086335711,1,True,2.0401321845480713
tet_1.10,1.0,xyz_only,"1-axis:(1,)",1,2.491942671887975,0.2775059995878023,0.0,-1.271116167906733,2,False,2.6695581695509127
tet_1.10,1.5,score_q,"2-axis:(1, 2)",2,2.048836180850415,0.0570780251058251,0.9791666666666666,0.9837564336049155,1,False,1.7882841905327356
tet_1.10,1.5,score_iso,"1-axis:(1,)",1,2.020214447117877,0.263523264845016,0.9166666666666666,-0.3606294029346325,2,False,1.5539154826741826
tet_1.10,1.5,q_only,"3-axis:(1, 2, 2)",3,1.296884534611292,0.0029044846981582,1.0,0.9837564336049155,3,True,1.7193583375883477
tet_1.10,1.5,xyz_only,"2-axis:(1, 2)",2,2.048836180850415,0.263523264845016,0.7916666666666666,-0.3606294029346325,2,True,1.5284877318639358
tet_1.10,2.0,score_q,"3-axis:(1, 1, 2)",3,1.4056585454385464,0.0311128932176316,1.0,0.9410057164061972,3,True,1.6043892308181364
tet_1.10,2.0,score_iso,"3-axis:(1, 1, 2)",3,1.6470551197630054,0.2491660458751073,1.0,0.8067678119245256,2,False,1.832922153077079
tet_1.10,2.0,q_only,"3-axis:(1, 1, 2)",3,1.4056585454385464,0.0311128932176316,0.9375,0.009238640146669065,3,True,1.1064558494248682
tet_1.10,2.0,xyz_only,"3-axis:(1, 1, 2)",3,1.6842810133946715,0.2491660458751073,1.0,0.8067678119245256,2,False,1.8291193356416224
tet_1.10,5.0,score_q,"3-axis:(1, 1, 2)",3,0.5998296033201849,0.0547585121440381,0.2708333333333333,0.5830352831414448,3,True,1.1365907663589354
tet_1.10,5.0,score_iso,"3-axis:(1, 2, 2)",3,0.4273175083726647,0.0566808130339193,0.2708333333333333,-0.05585073128279757,3,True,1.000105397716024
tet_1.10,5.0,q_only,"3-axis:(1, 1, 2)",3,0.2241427027234935,0.0139924982216651,0.9583333333333334,-0.06386019253447216,3,True,1.2251442998686963
tet_1.10,5.0,xyz_only,"3-axis:(1, 2, 2)",3,0.4273175083726647,0.0547585121440381,0.2083333333333333,0.5830352831414448,3,True,1.3065977144533398
tet_1.10,10.0,score_q,"3-axis:(1, 1, 2)",3,0.1315070887677511,0.0503389535416494,0.7708333333333334,-0.9028981396055272,3,True,1.3113273486408914
tet_1.10,10.0,score_iso,"3-axis:(1, 1, 2)",3,0.1315070887677511,0.0511874216641788,0.4791666666666667,-0.13240935749426144,3,True,0.7516828419528973
tet_1.10,10.0,q_only,"3-axis:(1, 2, 2)",3,0.0959409963393278,0.0140413072925052,0.9583333333333334,0.11983506824464606,3,True,1.2728837604503542
tet_1.10,10.0,xyz_only,"3-axis:(1, 1, 2)",3,0.1315070887677511,0.0503389535416494,0.2291666666666666,-0.9028981396055272,3,True,1.6216151797788727
tet_1.20,0.0,score_q,"1-axis:(1,)",1,3.4780021899913764,0.1399097547808783,0.9791666666666666,0.026254431746884528,1,True,1.2453634857846156
tet_1.20,0.0,score_iso,"1-axis:(1,)",1,3.4780021899913764,0.1399097547808783,1.0,0.026254431746884528,1,True,1.2917899353207232
tet_1.20,0.0,q_only,"1-axis:(1,)",1,3.4780021899913764,0.1399097547808783,1.0,0.026254431746884528,1,True,1.2917899353207232
tet_1.20,0.0,xyz_only,"1-axis:(1,)",1,3.4780021899913764,0.1399097547808783,0.9583333333333334,0.026254431746884528,1,True,1.1998329805340657
tet_1.20,1.0,score_q,"1-axis:(1,)",1,2.37598386775205,0.2761024584201009,0.1666666666666666,1.4995887618776693,1,True,2.2156452057728973
tet_1.20,1.0,score_iso,"1-axis:(1,)",1,2.37598386775205,0.2761024584201009,0.1458333333333333,1.4995887618776693,1,True,2.2462757048483035
tet_1.20,1.0,q_only,"1-axis:(1,)",1,2.37598386775205,0.0664719727683411,0.0,-0.03306688502597238,2,False,1.9448633158417123
tet_1.20,1.0,xyz_only,"1-axis:(1,)",1,2.4080388828770407,0.2761024584201009,0.2291666666666666,1.4995887618776693,1,True,2.1245362397796375
tet_1.20,1.5,score_q,"3-axis:(1, 1, 1)",3,1.5151380809623118,0.0074102795515502,1.0,0.9178059041061172,3,True,1.7137434529260092
tet_1.20,1.5,score_iso,"1-axis:(1,)",1,1.9200613258999428,0.2620140929931591,0.75,-0.24606051692945993,2,False,1.3544308033411896
tet_1.20,1.5,q_only,"3-axis:(1, 2, 2)",3,1.27032885427038,0.0074102795515502,0.9583333333333334,-0.02587522384460415,3,True,1.2309405981854105
tet_1.20,1.5,xyz_only,"3-axis:(1, 1, 2)",3,1.9749467106655068,0.2620140929931591,0.8541666666666666,-0.24606051692945993,2,False,1.4427427643635333
tet_1.20,2.0,score_q,"3-axis:(1, 1, 2)",3,1.6208620429025429,0.0082083534510659,1.0,3.231282218629702,1,False,3.9682713280057547
tet_1.20,2.0,score_iso,"3-axis:(1, 1, 1)",3,1.5507831146466085,0.2479469935756567,0.5833333333333334,0.8163249345384154,2,False,1.5745746981855384
tet_1.20,2.0,q_only,"3-axis:(1, 1, 2)",3,1.3849675938760475,0.013308486692985,1.0,3.231282218629702,3,True,3.9398390270717143
tet_1.20,2.0,xyz_only,"3-axis:(1, 1, 2)",3,1.6208620429025429,0.2479469935756567,0.6041666666666666,0.8163249345384154,1,False,1.5493399518289699
tet_1.20,5.0,score_q,"3-axis:(1, 1, 2)",3,0.5754152619006726,0.0527276593955141,0.1875,2.2731375420342115,3,True,2.8182338903353545
tet_1.20,5.0,score_iso,"3-axis:(1, 1, 2)",3,0.4029031669515125,0.1892532658471744,0.2083333333333333,-0.635380890497608,3,True,1.9100261300342298
tet_1.20,5.0,q_only,"3-axis:(1, 1, 2)",3,0.217742062997036,0.0141174097267675,0.8958333333333334,-0.1636243273978191,3,True,1.1254581388628775
tet_1.20,5.0,xyz_only,"3-axis:(1, 1, 2)",3,0.4029031669515125,0.1892532658471744,0.1875,-0.635380890497608,3,True,1.9427672566256269
tet_1.20,10.0,score_q,"3-axis:(1, 1, 2)",3,0.1235409584839692,0.0497628433920855,0.375,-0.5577376614967279,3,True,1.1354581975881541
tet_1.20,10.0,score_iso,"3-axis:(1, 1, 2)",3,0.1235409584839692,0.0512557925179062,0.4375,-0.5577376614967279,3,True,1.0455453019793628
tet_1.20,10.0,q_only,"3-axis:(1, 1, 2)",3,0.1223812371329315,0.0142535432594875,1.0,0.09900375445110486,3,True,1.3426946181277688
tet_1.20,10.0,xyz_only,"3-axis:(1, 1, 2)",3,0.1235409584839692,0.0497628433920855,0.375,-0.5577376614967279,3,True,1.1354581975881541
tet_1.35,0.0,score_q,"1-axis:(1,)",1,3.3666665689475384,0.1399097547808792,0.9791666666666666,0.02625443174684652,1,True,1.2055018480230648
tet_1.35,0.0,score_iso,"1-axis:(1,)",1,3.3666665689475384,0.1399097547808792,0.9791666666666666,0.02625443174684652,1,True,1.2055018480230648
tet_1.35,0.0,q_only,"1-axis:(1,)",1,3.3666665689475384,0.1399097547808792,1.0,0.02625443174684652,1,True,1.253405652954116
tet_1.35,0.0,xyz_only,"1-axis:(1,)",1,3.3666665689475384,0.1399097547808792,1.0,0.02625443174684652,1,True,1.253405652954116
tet_1.35,1.0,score_q,"1-axis:(1,)",1,2.2535822554313376,0.028659784280634,0.5833333333333334,0.3096175788567854,2,False,1.3885948677241504
tet_1.35,1.0,score_iso,"1-axis:(1,)",1,2.2535822554313376,0.273795222658761,0.0416666666666666,-1.1500777781882132,2,False,2.472935430278215
tet_1.35,1.0,q_only,"1-axis:(1,)",1,2.2535822554313376,0.0667923565958049,0.0,0.8923438148479083,1,True,2.081563718433464
tet_1.35,1.0,xyz_only,"2-axis:(1, 2)",2,1.887047270361642,0.028659784280634,0.0416666666666666,-1.1500777781882132,3,False,2.3034050253874825
tet_1.35,1.5,score_q,"2-axis:(1, 2)",2,1.568281383029168,0.0311761272025929,0.9375,0.6569296921446574,3,False,1.3607342103696851
tet_1.35,1.5,score_iso,"1-axis:(1,)",1,1.7986794067439595,0.2600802500071319,0.75,-0.4138250344608207,2,False,1.3747832760300795
tet_1.35,1.5,q_only,"3-axis:(1, 1, 2)",3,1.6453326197519529,0.0311761272025929,0.9791666666666666,0.6569296921446574,3,True,1.4773367680320701
tet_1.35,1.5,xyz_only,"2-axis:(1, 2)",2,1.568281383029168,0.0311761272025929,0.9791666666666666,-0.4138250344608207,3,False,1.3578358303262885
tet_1.35,2.0,score_q,"3-axis:(1, 2, 2)",3,1.2996297675510844,0.0328767825707114,0.8125,0.11690703236663795,3,True,0.8106433977165385
tet_1.35,2.0,score_iso,"3-axis:(1, 1, 2)",3,1.4363964225294876,0.2464306766175263,0.2083333333333333,-0.38633211183541166,2,False,1.6923863950339353
tet_1.35,2.0,q_only,"3-axis:(1, 1, 1)",3,0.8798412609418299,0.0328767825707114,0.8958333333333334,1.498158262474993,3,True,1.8649479510958349
tet_1.35,2.0,xyz_only,"3-axis:(1, 2, 2)",3,1.2996297675510844,0.2464306766175263,0.1458333333333333,0.11690703236663795,2,False,1.8242762633734773
tet_1.35,5.0,score_q,"3-axis:(1, 1, 1)",3,0.4550888552722047,0.0520690336768485,0.125,-0.10163660440112532,3,True,1.3788500289310588
tet_1.35,5.0,score_iso,"3-axis:(1, 1, 2)",3,0.377162931519394,0.1871014122895744,0.1875,-0.6227341005051407,3,True,1.9250451835330031
tet_1.35,5.0,q_only,"3-axis:(1, 1, 2)",3,0.3466235448237689,0.035892840204008,0.9791666666666666,-0.09383093562765803,3,True,1.1271785942077832
tet_1.35,5.0,xyz_only,"3-axis:(1, 1, 1)",3,0.4550888552722047,0.1871014122895744,0.1875,-0.6227341005051407,2,False,1.908115842028916
tet_1.35,10.0,score_q,"3-axis:(1, 1, 2)",3,0.1370021673494922,0.0492578751471627,0.5833333333333334,-0.13437028760296163,3,True,0.6651033915384915
tet_1.35,10.0,score_iso,"3-axis:(1, 1, 2)",3,0.1154150624838775,0.1578643171421014,0.5208333333333334,-0.5572535687823068,3,True,1.351571930863302
tet_1.35,10.0,q_only,"3-axis:(1, 2, 2)",3,0.079848970054706,0.0492578820617747,0.7916666666666666,-0.13437028760296163,3,True,0.8450417704670158
tet_1.35,10.0,xyz_only,"3-axis:(1, 1, 2)",3,0.1370021673494922,0.1578643171421014,0.4791666666666667,-0.5572535687823068,3,True,1.3688628209417273
tet_1.50,0.0,score_q,"1-axis:(1,)",1,3.2775980721106004,0.139909754780879,1.0,1.8158584227681558,1,True,1.986233686559138
tet_1.50,0.0,score_iso,"1-axis:(1,)",1,3.2775980721106004,0.139909754780879,1.0,1.8158584227681558,1,True,1.986233686559138
tet_1.50,0.0,q_only,"1-axis:(1,)",1,3.2775980721106004,0.139909754780879,1.0,1.8158584227681558,1,True,1.986233686559138
tet_1.50,0.0,xyz_only,"1-axis:(1,)",1,3.2775980721106004,0.139909754780879,0.9583333333333334,1.8158584227681558,1,True,1.9276934927014837
tet_1.50,1.0,score_q,"1-axis:(1,)",1,2.155334289504186,0.0287612566224758,0.6666666666666666,-0.6475796422615336,2,False,1.4364632497775836
tet_1.50,1.0,score_iso,"1-axis:(1,)",1,2.155334289504186,0.0670836130892015,0.0,0.8940125190179286,1,True,2.105361175359291
tet_1.50,1.0,q_only,"1-axis:(1,)",1,2.155334289504186,0.0670836130892015,0.0,0.8940125190179286,1,True,2.105361175359291
tet_1.50,1.0,xyz_only,"3-axis:(1, 1, 1)",3,1.7901207978277256,0.2717876051748573,0.0,-0.6475796422615336,2,False,2.3021194032347942
tet_1.50,1.5,score_q,"3-axis:(1, 1, 1)",3,1.4643291771326188,0.009183420247062,0.8958333333333334,0.3172535808298797,3,True,1.2133014627023737
tet_1.50,1.5,score_iso,"3-axis:(1, 1, 2)",3,1.6236335919409144,0.0668631190192065,0.5208333333333334,0.6606995006867857,3,True,1.0458879603346343
tet_1.50,1.5,q_only,"3-axis:(1, 1, 1)",3,0.8797059025326149,0.0131803883285104,0.9583333333333334,-0.09827213986670143,3,True,1.1298079993558194
tet_1.50,1.5,xyz_only,"3-axis:(1, 1, 1)",3,1.4643291771326188,0.009183420247062,0.7291666666666666,-0.4926092623284284,3,True,1.1311427859685557
tet_1.50,2.0,score_q,"3-axis:(1, 1, 1)",3,1.1935623456326028,0.0332373992863764,0.75,-0.6590087527831927,3,True,1.030012015914868
tet_1.50,2.0,score_iso,"3-axis:(1, 2, 2)",3,1.3485899653808526,0.0653301555389594,0.9791666666666666,0.2880048819576599,3,True,1.1233799535846387
tet_1.50,2.0,q_only,"3-axis:(1, 1, 2)",3,1.345989758779864,0.0332373992863764,0.75,-0.6590087527831927,3,True,1.0836233701658993
tet_1.50,2.0,xyz_only,"3-axis:(1, 1, 1)",3,1.1935623456326028,0.0332373992863764,0.8958333333333334,-0.6590087527831927,3,True,1.2212224983097695
tet_1.50,5.0,score_q,"3-axis:(1, 1, 2)",3,0.3930308158048463,0.0518414977414305,0.9791666666666666,-0.2148404430130322,3,True,1.0935186026554313
tet_1.50,5.0,score_iso,"3-axis:(1, 2, 2)",3,0.3204118743324657,0.0571052934002713,0.0625,-0.05604169188141809,3,True,1.5581672923970087
tet_1.50,5.0,q_only,"3-axis:(1, 1, 2)",3,0.2066099259985983,0.0139268366077071,0.0,-0.615436558272549,3,True,1.994813189477031
tet_1.50,5.0,xyz_only,"3-axis:(1, 1, 2)",3,0.3930308158048463,0.0099604457911505,0.9166666666666666,-0.6780599863292744,3,True,1.3767307392967651
tet_1.50,10.0,score_q,"3-axis:(1, 1, 2)",3,0.1519704320712168,0.0487587940578127,0.7708333333333334,-0.05430865051093773,3,True,0.750035630284803
tet_1.50,10.0,score_iso,"3-axis:(1, 1, 2)",3,0.1519704320712168,0.0514100956971411,0.4791666666666667,-0.13311611850393706,3,True,0.7371109105712118
tet_1.50,10.0,q_only,"3-axis:(1, 2, 2)",3,0.0745422148562596,0.048758799646716,0.7083333333333334,0.09163475622935625,3,True,0.7254062787850063
tet_1.50,10.0,xyz_only,"3-axis:(1, 1, 2)",3,0.1519704320712168,0.0487587940578127,0.6458333333333334,-0.5898995708863682,3,True,0.9505553714351233
