geometry,beta,criterion,winner_mode_index,winner_q,winner_family,winner_q_contrast,winner_xyz,real_triad_all,sur_triad_all_mean,sur_triad_all_std,triad_all_z,triad_all_exceed,sur_triad_all_p95,real_triad_topk,sur_triad_topk_mean,sur_triad_topk_std,triad_topk_z,triad_topk_exceed,sur_triad_topk_p95
cubic,0.0,score_q,8,Y1,"1-axis:(1,)",0.151399214399411,0.00011271220073669298,0.4527102990715227,0.20232959463065492,0.13049642691798385,1.9186786209580415,0.96875,0.43289006037796673,0.6145678105858732,0.2698848705321605,0.18597375860932852,1.8533955684356958,0.921875,0.6647761866395909
cubic,0.0,score_iso,8,Y1,"1-axis:(1,)",0.151399214399411,0.00011271220073669298,0.4527102990715227,0.2293260372000599,0.13219655490804694,1.68978883016395,0.921875,0.48055091882258233,0.6145678105858732,0.3141994789184901,0.2013015850166143,1.492130981686509,0.921875,0.6641385255404083
cubic,0.0,q_only,8,Y1,"1-axis:(1,)",0.151399214399411,0.00011271220073669298,0.4527102990715227,0.18596505206255748,0.13273227590048192,2.0096487097603295,0.96875,0.42828113796190054,0.6145678105858732,0.25225562311060223,0.184751860977867,1.9610746303481854,0.953125,0.562330320726846
cubic,0.0,xyz_only,8,Y1,"1-axis:(1,)",0.151399214399411,0.00011271220073669298,0.4527102990715227,0.2205706841963052,0.13234386208597682,1.7540640813599242,0.953125,0.44173606881230587,0.6145678105858732,0.3131502959382696,0.21167180985325051,1.4239851535031929,0.9375,0.7257260409113414
cubic,1.0,score_q,9,X1+Y1+Z1,"3-axis:(1, 1, 1)",0.12882601848740413,3.90236708588167e-05,0.47574022871048094,0.22496546627975933,0.16272346290053594,1.5411100400589777,0.9375,0.5152038989538807,0.5178184766591679,0.259855984284575,0.19809768292923216,1.3021984334135017,0.90625,0.5933479592061391
cubic,1.0,score_iso,10,X1,"1-axis:(1,)",0.08101503670650763,5.99903250447288e-05,0.07652333861628406,0.09152461698301173,0.053951206383387004,-0.27805269561254714,0.46875,0.17594568996663565,0.3206090357216355,0.2662339585273457,0.2134992864220895,0.2546850535440911,0.65625,0.6575796101200839
cubic,1.0,q_only,8,X1+Y2+Z1,"3-axis:(1, 1, 2)",0.20166804938929603,6.383596512797944e-06,0.018329675783566222,0.39161248918279923,0.23156069344432692,-1.6120301241340325,0.0,0.7575823447957182,0.018329675783566222,0.39161248918279923,0.23156069344432692,-1.6120301241340325,0.0,0.7575823447957182
cubic,1.0,xyz_only,10,X1,"1-axis:(1,)",0.08101503670650763,5.99903250447288e-05,0.07652333861628406,0.08712236575551102,0.05886476518951679,-0.18005723975833476,0.53125,0.20075919493041813,0.3206090357216355,0.24886080184886328,0.18794583714980262,0.3817495240142159,0.765625,0.6422324401359756
cubic,1.5,score_q,9,X1+Y1+Z1,"3-axis:(1, 1, 1)",0.13147317584902388,6.127265493809863e-05,0.4429593444488181,0.24988151673891762,0.1892744853100554,1.0200943217074117,0.8125,0.5990744270331967,0.48289420128080324,0.2799232654300438,0.21951439229267874,0.9246361194359113,0.8125,0.6962494215730524
cubic,1.5,score_iso,10,X1,"1-axis:(1,)",0.04895680482788125,7.075993741760492e-05,0.016795784404729373,0.07423044247303766,0.04236106929811713,-1.3558358893812277,0.0625,0.15284074966088368,0.6573541370430716,0.23125309862182342,0.18405132190101403,2.315120771846982,0.984375,0.5517997491875232
cubic,1.5,q_only,8,X1+Y1+Z2,"3-axis:(1, 1, 2)",0.20170483370584136,1.7290405257470935e-05,0.3131281696317801,0.28026191670361167,0.13791332590815236,0.23831092979237117,0.5625,0.49580802678959696,0.2931828968165813,0.394147180319021,0.21612566313625783,-0.4671554596379376,0.328125,0.7029079481477603
cubic,1.5,xyz_only,10,X1,"1-axis:(1,)",0.04895680482788125,7.075993741760492e-05,0.016795784404729373,0.07920788063646877,0.035565299158725645,-1.7548593068609764,0.015625,0.14455253853267802,0.6573541370430716,0.24985866388981048,0.21350875072916353,1.9085656759252068,0.9375,0.684676380602019
cubic,2.0,score_q,6,X1+Y1+Z1,"3-axis:(1, 1, 1)",0.14294686300076143,7.169060678315721e-05,0.09211994373034964,0.12517386209644749,0.06708267147724967,-0.49273407927433205,0.34375,0.24122304359805563,0.09798889516073044,0.2744113635212139,0.20064579370806693,-0.8792731963087804,0.265625,0.6440646965234731
cubic,2.0,score_iso,10,X1+Y1+Z1,"3-axis:(1, 1, 1)",0.12810757453806393,5.908487933696066e-05,0.39639739520979067,0.2840578145095826,0.17692874614186982,0.6349425017091,0.71875,0.6062034645060836,0.44563050085406625,0.3399649203738979,0.21683439074318767,0.4873100623822549,0.6875,0.7244284885181482
cubic,2.0,q_only,2,X1+Y1+Z2,"3-axis:(1, 1, 2)",0.2488480293027638,3.837453715387383e-05,0.1535632412451238,0.272668113231761,0.12487595501066724,-0.9537854743574065,0.203125,0.43887543237411436,0.4812163976555039,0.580116252719087,0.2554846990577799,-0.38710676384118403,0.328125,0.8666672666384149
cubic,2.0,xyz_only,6,X1+Y1+Z1,"3-axis:(1, 1, 1)",0.14294686300076143,7.169060678315721e-05,0.09211994373034964,0.12318253524423572,0.06080278779618538,-0.5108744621628024,0.359375,0.23838076787910736,0.09798889516073044,0.2897431703804146,0.18496053843068327,-1.0367307364349514,0.125,0.6671913916565305
cubic,5.0,score_q,5,X1+Y2+Z2,"3-axis:(1, 2, 2)",0.31122437714016327,0.00018294704434149435,0.4533341073858879,0.3664081622592773,0.1742180068483106,0.49894925730494083,0.625,0.5959507272224815,0.5214045832164755,0.5051909799626777,0.21392820141355923,0.07578992926873826,0.46875,0.824610589824734
cubic,5.0,score_iso,9,X1+Y1+Z1,"3-axis:(1, 1, 1)",0.10509127349505216,0.00024789725002803865,0.14654286130278268,0.15995711381674027,0.10048555858811214,-0.1334943319448398,0.546875,0.3110173258017901,0.330484706512284,0.31154666528921443,0.211212776312468,0.0896633317056682,0.53125,0.7618775155066484
cubic,5.0,q_only,5,X1+Y2+Z2,"3-axis:(1, 2, 2)",0.31122437714016327,0.00018294704434149435,0.4533341073858879,0.3967906606057485,0.1817069638717565,0.3111793052672155,0.515625,0.6371404892273235,0.5214045832164755,0.5135171420658603,0.2555903504485,0.030859698485266773,0.421875,0.8884725112115834
cubic,5.0,xyz_only,9,X1+Y1+Z1,"3-axis:(1, 1, 1)",0.10509127349505216,0.00024789725002803865,0.14654286130278268,0.143569952956015,0.07816009829722585,0.038036138790720736,0.5625,0.2854484768698877,0.330484706512284,0.2894817148837613,0.2077670643233461,0.19735077723634178,0.578125,0.6558737331361425
cubic,10.0,score_q,7,X1+Y1+Z1,"3-axis:(1, 1, 1)",0.28257358334533605,0.00029350977585523863,0.497657821955411,0.3815565818287927,0.20777766502021486,0.5587763252357462,0.625,0.7337942827337651,0.5967746045842116,0.45328763593503346,0.24597402018846784,0.5833419665160312,0.671875,0.8787492622606247
cubic,10.0,score_iso,6,X1+Y2+Z1,"3-axis:(1, 1, 2)",0.2029394975977126,0.0002694505932443792,0.0869406859636234,0.25137351995384694,0.1692963262888442,-0.9712723104735651,0.171875,0.6416928298363899,0.03951416867900417,0.3315293122498076,0.2194268669789076,-1.3308085176166808,0.046875,0.7956681005046149
cubic,10.0,q_only,4,X1+Y1+Z1,"3-axis:(1, 1, 1)",0.3234921692595452,0.0001668813574747427,0.8241520574514922,0.4640550760829585,0.20211107900418035,1.7816785855628627,1.0,0.7406683500620921,0.9340989969456934,0.5399136067955972,0.23038560538359576,1.710980985517998,1.0,0.8701985306630065
cubic,10.0,xyz_only,7,X1+Y1+Z1,"3-axis:(1, 1, 1)",0.28257358334533605,0.00029350977585523863,0.497657821955411,0.38453123356731955,0.2280529751173587,0.49605399065449207,0.65625,0.7178326260101099,0.5967746045842116,0.4601887678474187,0.27649519476231904,0.49398991130283815,0.640625,0.8923866415305771
tet_1.05,0.0,score_q,8,Y1,"1-axis:(1,)",0.15139921439941914,0.0001127122007366943,0.45271029907149335,0.23094357614114636,0.12877156387764258,1.7221715435509137,0.96875,0.4383785046570693,0.7530638144635036,0.3228965920205196,0.21409144230234547,2.009268646214646,0.96875,0.6963319916086625
tet_1.05,0.0,score_iso,8,Y1,"1-axis:(1,)",0.15139921439941914,0.0001127122007366943,0.45271029907149335,0.2309926331607196,0.16380862822908038,1.3535164069584673,0.890625,0.5613033657294293,0.7530638144635036,0.32852257426228343,0.25548696497295165,1.661694326536403,0.890625,0.7679686142437715
tet_1.05,0.0,q_only,8,Y1,"1-axis:(1,)",0.15139921439941914,0.0001127122007366943,0.45271029907149335,0.19643074678440214,0.11559418641031671,2.217062641672794,0.96875,0.40202731305878,0.7530638144635036,0.28012722782768795,0.18273505264951762,2.5880999828769085,1.0,0.6413371334443975
tet_1.05,0.0,xyz_only,8,Y1,"1-axis:(1,)",0.15139921439941914,0.0001127122007366943,0.45271029907149335,0.2206472375259243,0.12554686883791605,1.8484177557890311,0.953125,0.4382254578536013,0.7530638144635036,0.28244833557780125,0.2088590219701042,2.253268613652765,0.953125,0.6570652149883368
tet_1.05,1.0,score_q,9,Z1,"1-axis:(1,)",0.08367645829554861,5.9334873195656675e-05,0.07313289092746184,0.10008692388645714,0.05487665388769276,-0.49117486306046687,0.3125,0.2068612523482191,0.30630989988050783,0.3223369175207276,0.19946605374315976,-0.08034960004160108,0.546875,0.6690877947880891
tet_1.05,1.0,score_iso,9,Z1,"1-axis:(1,)",0.08367645829554861,5.9334873195656675e-05,0.07313289092746184,0.08744544430520833,0.050851950927123746,-0.28145534471187644,0.5,0.19361966276027726,0.30630989988050783,0.25650131669594567,0.18030743106216887,0.276242542477976,0.703125,0.5783072294014009
tet_1.05,1.0,q_only,7,Z1,"1-axis:(1,)",0.14821682355612,2.590681502616611e-05,0.18796547515122747,0.13705976229750017,0.09862370053727103,0.5161610502941256,0.71875,0.31299827471809527,0.032497166772429815,0.3114792542844612,0.229824407864858,-1.2138923367741923,0.03125,0.770840611516243
tet_1.05,1.0,xyz_only,9,Z1,"1-axis:(1,)",0.08367645829554861,5.9334873195656675e-05,0.07313289092746184,0.0854479722735339,0.050503939841586805,-0.24384397305351474,0.515625,0.18125723308040043,0.30630989988050783,0.22851223057610093,0.15971398201455092,0.4871061902196637,0.71875,0.5183797670192067
tet_1.05,1.5,score_q,10,X1+Y1+Z1,"3-axis:(1, 1, 1)",0.12890825119873275,5.260391535850479e-05,0.4438240787036514,0.22795210140874214,0.14849893449907497,1.4536937791617641,0.90625,0.4664655651754085,0.48129440294930587,0.2574363772125211,0.17278132651056505,1.2956146955024153,0.875,0.5309220784032751
tet_1.05,1.5,score_iso,10,X1+Y1+Z1,"3-axis:(1, 1, 1)",0.12890825119873275,5.260391535850479e-05,0.4438240787036514,0.25882412699157353,0.17223975343156414,1.074083932571987,0.84375,0.5832863248042184,0.48129440294930587,0.29474923790605895,0.191286113077192,0.9752154092178812,0.84375,0.6540302375613233
tet_1.05,1.5,q_only,9,X1+Y2+Z2,"3-axis:(1, 2, 2)",0.16494840579726497,1.5719142234752713e-05,0.3483821505288819,0.22810275996534016,0.1550568244725727,0.7757116848735779,0.75,0.5099885869869516,0.3891910121526927,0.3360688666645989,0.23513727042358798,0.225919716564588,0.6875,0.7450911668000225
tet_1.05,1.5,xyz_only,10,X1+Y1+Z1,"3-axis:(1, 1, 1)",0.12890825119873275,5.260391535850479e-05,0.4438240787036514,0.31710928462181676,0.18165595964860443,0.6975537401924737,0.796875,0.5868316538199998,0.48129440294930587,0.3712207449693362,0.20470026001597835,0.5377309143175483,0.703125,0.6768040762271658
tet_1.05,2.0,score_q,5,X1+Y1+Z2,"3-axis:(1, 1, 2)",0.12453916455145728,6.809710828560379e-05,0.11300474689087613,0.12837282625116092,0.08809736149149969,-0.1744442637092279,0.546875,0.3000946119768242,0.0029582247931207555,0.2534383023278566,0.23789792417681713,-1.05288887408498,0.046875,0.7766351718087843
tet_1.05,2.0,score_iso,9,X1+Y1+Z2,"3-axis:(1, 1, 2)",0.1294720987419297,6.360292352676029e-05,0.3964426123679917,0.22961757038459749,0.1546320708359484,1.0788515026698613,0.890625,0.49781500532823475,0.4437605902337201,0.27209904080955893,0.18984380097862966,0.904225202710625,0.84375,0.6102043655721119
tet_1.05,2.0,q_only,10,X1+Y2+Z2,"3-axis:(1, 2, 2)",0.13833678139402245,3.028097286701692e-05,0.4043279893400557,0.20412403246187155,0.1578857155368571,1.2680308424113274,0.84375,0.5423610677820456,0.4587129369755483,0.2975952565555735,0.24081578769206913,0.6690494919931361,0.765625,0.7954700300194073
tet_1.05,2.0,xyz_only,5,X1+Y1+Z2,"3-axis:(1, 1, 2)",0.12453916455145728,6.809710828560379e-05,0.11300474689087613,0.13446491958448725,0.09074984924444318,-0.23647612499685453,0.46875,0.3037787192447379,0.0029582247931207555,0.26137667313446145,0.21561682283781522,-1.198507820210865,0.0,0.6941655154204008
tet_1.05,5.0,score_q,3,X1+Y1+Z1,"3-axis:(1, 1, 1)",0.2155131717826017,9.97431075521631e-05,0.6081736315827387,0.26079374634753194,0.19510097096751958,1.780513359368458,0.953125,0.5928100886721367,0.8194898222862004,0.3302038141356598,0.25387499631766003,1.927271354979741,0.96875,0.767925977547024
tet_1.05,5.0,score_iso,7,X1+Y1+Z2,"3-axis:(1, 1, 2)",0.11014031038247064,0.00014111842370895605,0.2497633328476231,0.18805103182362937,0.0983983578012632,0.6271679975392264,0.71875,0.3554851785768193,0.40736965307009027,0.30972539297105717,0.18791884676076864,0.519608659704155,0.71875,0.6621402032652338
tet_1.05,5.0,q_only,4,X1+Y2+Z2,"3-axis:(1, 2, 2)",0.218928377064078,9.080473745915495e-05,0.11700547539631,0.30502775057715,0.22078486423785607,-0.8516085367945698,0.265625,0.7126379418315059,0.026442730355545382,0.38472659187962943,0.2787712504572316,-1.2852252911128863,0.078125,0.9031379395864758
tet_1.05,5.0,xyz_only,5,X1+Y2+Z1,"3-axis:(1, 1, 2)",0.12014552957831558,0.00014483114816745045,0.21000069938627608,0.1671947396734873,0.10880158300665105,0.39343140540316046,0.671875,0.3647443396781029,0.3665602533996581,0.28603656413582557,0.20048806988286114,0.4016383085062285,0.671875,0.6339428618877325
tet_1.05,10.0,score_q,6,X1+Y1+Z2,"3-axis:(1, 1, 2)",0.23315517095731986,0.0002985533803803074,0.559040308616669,0.3428059002336693,0.24861870638309413,0.8697431159863588,0.75,0.770053513321778,0.6569652392970776,0.395601124089936,0.28988611564256195,0.9016096360010206,0.765625,0.8855243115274952
tet_1.05,10.0,score_iso,7,X1+Y1+Z1,"3-axis:(1, 1, 1)",0.1204001645306562,0.0002473444758083818,0.32026141218679405,0.19111016450834406,0.1377215150916954,0.9377710344786937,0.84375,0.4923961287400077,0.3949720893578526,0.24779958663916754,0.1914793075922393,0.7686078697930355,0.765625,0.6270358656289132
tet_1.05,10.0,q_only,5,X1+Y2+Z1,"3-axis:(1, 1, 2)",0.23940072449101377,0.0002647115737857647,0.014246438208425942,0.4253337064176498,0.2631897294766609,-1.5619426678430333,0.015625,0.8558072398262343,0.003848692784942146,0.4392038681072469,0.27187453119891036,-1.6013091531629584,0.0,0.8802915421682281
tet_1.05,10.0,xyz_only,6,X1+Y1+Z2,"3-axis:(1, 1, 2)",0.23315517095731986,0.0002985533803803074,0.559040308616669,0.39154697912972447,0.24651875751337082,0.6794344218499497,0.671875,0.7808575707112175,0.6569652392970776,0.4587352149709718,0.2956305422928661,0.6705329658701465,0.671875,0.895356529324543
tet_1.10,0.0,score_q,8,Z1,"1-axis:(1,)",0.15139921439940826,0.00011271220073669353,0.45271029907149496,0.23155675073145968,0.14777050003817443,1.4966014751347987,0.921875,0.46501344085503027,0.6145678105858645,0.33940408723479787,0.21897434158194867,1.2566025834895964,0.84375,0.7385105834561272
tet_1.10,0.0,score_iso,8,Z1,"1-axis:(1,)",0.15139921439940826,0.00011271220073669353,0.45271029907149496,0.2072308892157489,0.13462774466286642,1.8233939108810742,0.921875,0.46846667932418923,0.6145678105858645,0.26782674622950015,0.19146858191939767,1.8109554104313608,0.9375,0.6319482610478655
tet_1.10,0.0,q_only,8,Z1,"1-axis:(1,)",0.15139921439940826,0.00011271220073669353,0.45271029907149496,0.19524926865359338,0.13486205078465877,1.9090695189493587,0.921875,0.4700063367411437,0.6145678105858645,0.2841284991978805,0.207221692742455,1.5946173733706301,0.90625,0.7174958043425254
tet_1.10,0.0,xyz_only,8,Z1,"1-axis:(1,)",0.15139921439940826,0.00011271220073669353,0.45271029907149496,0.23708763733152105,0.15013971536242326,1.4361467331814555,0.859375,0.5231415801060255,0.6145678105858645,0.32482110600210357,0.2117940000608758,1.368059078628815,0.84375,0.7212674053144627
tet_1.10,1.0,score_q,9,Z1,"1-axis:(1,)",0.08624517398137238,5.8686073929619696e-05,0.06997217534415755,0.09386374614554996,0.0574729529574895,-0.4157011180310915,0.390625,0.1869352321482414,0.2927892383671519,0.2651527527874875,0.2164882621442543,0.12765812476762148,0.5625,0.64278504422609
tet_1.10,1.0,score_iso,9,Z1,"1-axis:(1,)",0.08624517398137238,5.8686073929619696e-05,0.06997217534415755,0.09367645539974745,0.05669122712696209,-0.4181295988193229,0.421875,0.1996852473179157,0.2927892383671519,0.2863706551991029,0.20155829208192624,0.03184479835445461,0.5,0.5734463729628012
tet_1.10,1.0,q_only,7,Z1,"1-axis:(1,)",0.14822329005046256,2.6756523851222664e-05,0.187906169866342,0.1693418720294667,0.09223199692560141,0.2012782814585359,0.59375,0.3135976488131224,0.3087028397450196,0.3603497403107083,0.20716295183840727,-0.24930567993511404,0.4375,0.7222802556250507
tet_1.10,1.0,xyz_only,9,Z1,"1-axis:(1,)",0.08624517398137238,5.8686073929619696e-05,0.06997217534415755,0.09294818673360149,0.066461356154133,-0.3457048233534945,0.46875,0.19881034870977332,0.2927892383671519,0.23894654798010606,0.19838606900753647,0.271403585222151,0.65625,0.632739596512669
tet_1.10,1.5,score_q,5,X1+Y1,"2-axis:(1, 1)",0.10379627243438744,5.1508259652032936e-05,0.03566188355402896,0.10911792402449313,0.06505950935856547,-1.129059244275782,0.09375,0.2382882024039098,0.1612471094543809,0.23771742951148667,0.2261895607561586,-0.33808067799913083,0.453125,0.7183025729085029
tet_1.10,1.5,score_iso,10,Z1,"1-axis:(1,)",0.05171921574656307,7.259465875603311e-05,0.014841538777047832,0.07543728152281476,0.04732173617764604,-1.2805054851962678,0.03125,0.15581823522500388,0.07626236477140089,0.25493512184625194,0.18533670302427876,-0.9640441108444732,0.203125,0.6370903614198258
tet_1.10,1.5,q_only,9,X1+Y1+Z2,"3-axis:(1, 1, 2)",0.1232537176712391,4.1272660481813875e-05,0.42816405281502173,0.20490135803833515,0.13973080260185133,1.5978058568177915,0.921875,0.46245777833778373,0.48498754164444785,0.25439419143673486,0.18090631468108198,1.2746561700344687,0.875,0.5789148335244074
tet_1.10,1.5,xyz_only,10,Z1,"1-axis:(1,)",0.05171921574656307,7.259465875603311e-05,0.014841538777047832,0.0804848714864361,0.041101810600143736,-1.5970910222519885,0.015625,0.14695026391555016,0.07626236477140089,0.2795646186024769,0.20088260542538816,-1.012045086728898,0.109375,0.6447619949797054
tet_1.10,2.0,score_q,6,X1+Y1+Z2,"3-axis:(1, 1, 2)",0.113570016422399,6.497677387070181e-05,0.0911422592329948,0.11803956249133467,0.07967682212862368,-0.3375800206311129,0.5,0.3018066076418551,0.03253030135531615,0.2805563904179048,0.215908358894972,-1.1487563072168572,0.0625,0.7678780478508354
tet_1.10,2.0,score_iso,10,X1+Y2+Z2,"3-axis:(1, 2, 2)",0.05081668655891174,9.156003529009037e-05,0.009686250162812573,0.07690547787011023,0.0453924772569068,-1.4808451040329356,0.015625,0.15741218645282926,0.355636486818599,0.29602436922173553,0.21006087912699675,0.2837849572196635,0.671875,0.7967702857138858
tet_1.10,2.0,q_only,4,X1+Y1+Z2,"3-axis:(1, 1, 2)",0.13129461391462813,3.4986468640682515e-05,0.30312648215981186,0.17196914198975666,0.1111526980330495,1.179974417983787,0.859375,0.4162060879218675,0.4620129151906513,0.3190664765798219,0.2328912314391623,0.6137905567627917,0.765625,0.7370658167856077
tet_1.10,2.0,xyz_only,10,X1+Y2+Z2,"3-axis:(1, 2, 2)",0.05081668655891174,9.156003529009037e-05,0.009686250162812573,0.07525035150416413,0.04176572654423015,-1.569806316438647,0.0,0.13819298136685998,0.355636486818599,0.2980957528913444,0.2305671709964096,0.24956169466077666,0.65625,0.7375822552271104
tet_1.10,5.0,score_q,5,X1+Y1+Z2,"3-axis:(1, 1, 2)",0.20338829206773673,0.00018011175076201747,0.42756480453893975,0.24888994627817357,0.16306733531567127,1.095712135810557,0.8125,0.5113214711777708,0.6597987726476487,0.36267839186352246,0.28140200497844403,1.0558573696226168,0.796875,0.8836851343712814
tet_1.10,5.0,score_iso,7,X1+Y1+Z1,"3-axis:(1, 1, 1)",0.11014477498540948,0.00014270528119905378,0.2497297284206028,0.14601461509110847,0.09714222625821686,1.0676625122090386,0.828125,0.2986778243373487,0.4072946840596271,0.25931400700381624,0.1795305405130357,0.82426464395478,0.71875,0.6013749713900227
tet_1.10,5.0,q_only,6,X1+Y2+Z1,"3-axis:(1, 1, 2)",0.20626023352862502,0.00016615673323351678,0.05464447272710637,0.26877918624872865,0.19977451135017857,-1.0718820537881344,0.125,0.6183080429546922,0.02757280476015398,0.33590946138051725,0.2658496577796986,-1.1598158868976711,0.078125,0.878979449624405
tet_1.10,5.0,xyz_only,5,X1+Y1+Z2,"3-axis:(1, 1, 2)",0.20338829206773673,0.00018011175076201747,0.42756480453893975,0.2875043948276668,0.18403775174036047,0.7610417340248125,0.765625,0.5623196075171584,0.6597987726476487,0.40575956269433433,0.2864839520412423,0.886748483265325,0.75,0.8493792807235476
tet_1.10,10.0,score_q,5,X1+Y2+Z1,"3-axis:(1, 1, 2)",0.183566451691485,0.00027280702547916274,0.14513636308777716,0.31374755469422,0.20768042996148717,-0.8118780938430197,0.34375,0.6564485907482336,0.16005566724267262,0.40578144605381705,0.27912603132441954,-0.8803398867684421,0.28125,0.8262222502629866
tet_1.10,10.0,score_iso,7,X1+Y2+Z2,"3-axis:(1, 2, 2)",0.12040306155870506,0.00024880058523611177,0.32023309322210824,0.22722779464473808,0.15708632579798146,0.5920648923725301,0.78125,0.5302054299515744,0.39492738187298726,0.29606685005952343,0.21136047576452807,0.4677342414914621,0.75,0.7281007871653339
tet_1.10,10.0,q_only,3,X1+Y2+Z2,"3-axis:(1, 2, 2)",0.2302444018222361,0.0001413361935533088,0.060586841546009074,0.3206946396851529,0.2397082477565384,-1.085101578992139,0.140625,0.728587275379175,0.04188444060729796,0.37421621621741497,0.2798463115854218,-1.1875510301570895,0.078125,0.8692947116260463
tet_1.10,10.0,xyz_only,5,X1+Y2+Z1,"3-axis:(1, 1, 2)",0.183566451691485,0.00027280702547916274,0.14513636308777716,0.2955045799505961,0.17228392766079376,-0.8727930626123348,0.21875,0.5759775328707732,0.16005566724267262,0.37799265605795473,0.2385297680569812,-0.9136678855207143,0.21875,0.796178449116918
ortho_1.05_1.20,0.0,score_q,8,Y1,"1-axis:(1,)",0.15139921439944007,0.00011271220073671473,0.4527102990712282,0.21452753217776271,0.15395880294978365,1.5470552013164578,0.90625,0.5257657261208145,0.7530638144631463,0.3049247599086907,0.23813283082940134,1.8818868989703526,0.9375,0.7852001719937306
ortho_1.05_1.20,0.0,score_iso,8,Y1,"1-axis:(1,)",0.15139921439944007,0.00011271220073671473,0.4527102990712282,0.2556137630530043,0.16970695396959778,1.1613933984836673,0.84375,0.5522889647323389,0.7530638144631463,0.35262532464817875,0.23095418140877355,1.7338438618891432,0.921875,0.7662804880348827
ortho_1.05_1.20,0.0,q_only,8,Y1,"1-axis:(1,)",0.15139921439944007,0.00011271220073671473,0.4527102990712282,0.24030552599726762,0.1490145936180724,1.4253957811470006,0.875,0.5234916132825758,0.7530638144631463,0.34320867376892833,0.23390026204675257,1.7522645639898549,0.953125,0.7492830181682827
ortho_1.05_1.20,0.0,xyz_only,8,Y1,"1-axis:(1,)",0.15139921439944007,0.00011271220073671473,0.4527102990712282,0.2155027574948034,0.1562854642726904,1.517783772654774,0.890625,0.5298675437535345,0.7530638144631463,0.30533262968442987,0.22527042434446615,1.9875275952430085,0.9375,0.772185601601757
ortho_1.05_1.20,1.0,score_q,9,Z1,"1-axis:(1,)",0.08764787052786459,5.912802245707572e-05,0.06109532916209905,0.08782177452084167,0.05123122418945806,-0.5216827390144716,0.34375,0.1992288433440246,0.7024963997310579,0.277812843304002,0.20148692694901518,2.1077474497013458,0.984375,0.648775951908634
ortho_1.05_1.20,1.0,score_iso,9,Z1,"1-axis:(1,)",0.08764787052786459,5.912802245707572e-05,0.06109532916209905,0.09296521083169301,0.06680886519807154,-0.4770307290002714,0.421875,0.22917259601245835,0.7024963997310579,0.24473867703554547,0.1819731798248064,2.5155230190168707,0.953125,0.6011001963647307
ortho_1.05_1.20,1.0,q_only,7,Z1,"1-axis:(1,)",0.14337273649405738,2.806706203022492e-05,0.1817708662072946,0.14990228212074924,0.09241726871940324,0.3448336498989137,0.640625,0.31287357143242106,0.007944223557348225,0.3411591840622686,0.2298070651956918,-1.449977006667405,0.03125,0.7573024418100588
ortho_1.05_1.20,1.0,xyz_only,9,Z1,"1-axis:(1,)",0.08764787052786459,5.912802245707572e-05,0.06109532916209905,0.10033961332410019,0.07305529479815256,-0.5371860351791553,0.28125,0.23185900622351097,0.7024963997310579,0.282171666174593,0.20915615827243175,2.009621600560145,0.9375,0.7039389051997627
ortho_1.05_1.20,1.5,score_q,9,X1+Y2+Z1,"3-axis:(1, 1, 2)",0.12156328637036809,4.0484544851534354e-05,0.4202245278470528,0.2119934190681181,0.13658772861398025,1.5245228168769542,0.875,0.4694302395252831,0.48087673589277824,0.25794740304468067,0.17457102784595124,1.2770122029844648,0.875,0.5601391286055761
ortho_1.05_1.20,1.5,score_iso,10,Z1,"1-axis:(1,)",0.051274624713857415,7.529750637244808e-05,0.012894606097597757,0.08368223407604541,0.05290603289815932,-1.3379878267072352,0.0,0.18815761258887514,0.23386050589837107,0.18648761226697064,0.17060394932134013,0.2776775908152853,0.734375,0.558705288267325
ortho_1.05_1.20,1.5,q_only,9,X1+Y2+Z1,"3-axis:(1, 1, 2)",0.12156328637036809,4.0484544851534354e-05,0.4202245278470528,0.22021597974312193,0.14724088580757927,1.3583764251727761,0.90625,0.4626171850702147,0.48087673589277824,0.27906410099370416,0.19153520917125197,1.053658153878013,0.828125,0.6175553970569344
ortho_1.05_1.20,1.5,xyz_only,10,Z1,"1-axis:(1,)",0.051274624713857415,7.529750637244808e-05,0.012894606097597757,0.07670014319783713,0.05360866611513447,-1.1902093770066027,0.015625,0.16440069582554184,0.23386050589837107,0.21035171112413892,0.18784347659997602,0.12515097782272414,0.671875,0.5572264224070124
ortho_1.05_1.20,2.0,score_q,9,X1+Y1+Z1,"3-axis:(1, 1, 1)",0.12117512475419846,5.207329272110408e-05,0.38065631765559177,0.24939722566449113,0.16225215272661275,0.8089821292630678,0.78125,0.5389381191292086,0.4440658496233998,0.32433038040951245,0.22486535394677917,0.5324762890849503,0.671875,0.7134107980306897
ortho_1.05_1.20,2.0,score_iso,10,X1+Y2+Z2,"3-axis:(1, 2, 2)",0.053895761346042036,9.490243915299861e-05,0.010762780089820125,0.07504072157058388,0.043793930942189044,-1.4677362843757336,0.015625,0.1481389849948586,0.3542795566903325,0.3205858452875443,0.21848590078855698,0.1542145798929222,0.59375,0.7829418003680614
ortho_1.05_1.20,2.0,q_only,9,X1+Y1+Z1,"3-axis:(1, 1, 1)",0.12117512475419846,5.207329272110408e-05,0.38065631765559177,0.17839183171622688,0.14792570393877494,1.3673383364240261,0.890625,0.49032863369186874,0.4440658496233998,0.22342216264994053,0.2045283934197637,1.078792451664853,0.84375,0.652081533645101
ortho_1.05_1.20,2.0,xyz_only,10,X1+Y2+Z2,"3-axis:(1, 2, 2)",0.053895761346042036,9.490243915299861e-05,0.010762780089820125,0.0841982093540348,0.05053789535952362,-1.4530765228814193,0.015625,0.17555385626872644,0.3542795566903325,0.29998110507264086,0.20260441926298295,0.2680023062426077,0.65625,0.6686580527736697
ortho_1.05_1.20,5.0,score_q,5,X1+Y2+Z2,"3-axis:(1, 2, 2)",0.11277990437000321,0.0001528100367426076,0.24498245819835743,0.1795329701663823,0.11103146875251296,0.5894679118158053,0.796875,0.4163606669552981,0.40519525706807774,0.288747744138936,0.20108480673788487,0.579096525578646,0.75,0.702604733374301
ortho_1.05_1.20,5.0,score_iso,8,X1+Y1+Z1,"3-axis:(1, 1, 1)",0.11076382783320861,0.00014852944451233005,0.25356092869707997,0.18008842315495527,0.10961079163983166,0.6703035754260084,0.78125,0.3728036216265665,0.4066711790847718,0.3111682736552298,0.19314994372925098,0.49444956382135563,0.703125,0.614348047964138
ortho_1.05_1.20,5.0,q_only,2,X1+Y1+Z1,"3-axis:(1, 1, 1)",0.11756080852952078,8.524160750199605e-05,0.3692675195553989,0.19740931881868878,0.13980407509329146,1.2292789077914903,0.8125,0.47016725184480335,0.5000415109994653,0.2640280116725109,0.21050437812419337,1.121180953236944,0.828125,0.601842479447136
ortho_1.05_1.20,5.0,xyz_only,5,X1+Y2+Z2,"3-axis:(1, 2, 2)",0.11277990437000321,0.0001528100367426076,0.24498245819835743,0.19126410123489285,0.12777938976446382,0.4203992291876132,0.734375,0.443866743651607,0.40519525706807774,0.3140795172793053,0.22066911444460213,0.4129066272717277,0.71875,0.7327447648572138
ortho_1.05_1.20,10.0,score_q,10,X1+Y1+Z1,"3-axis:(1, 1, 1)",0.12068915582671551,0.0004991377571367081,0.24416008350413151,0.20630350710080667,0.13651795963708127,0.2773010708897591,0.640625,0.4376571617112054,0.31544385472429093,0.2671617657113558,0.18657157068842264,0.25878588487261095,0.578125,0.5724202433483465
ortho_1.05_1.20,10.0,score_iso,10,X1+Y1+Z1,"3-axis:(1, 1, 1)",0.12068915582671551,0.0004991377571367081,0.24416008350413151,0.20724195283356805,0.15305277754639932,0.2412117653933473,0.640625,0.5290442587131382,0.31544385472429093,0.2717049334982957,0.21048904844133784,0.2077966599672154,0.59375,0.6929840239242808
ortho_1.05_1.20,10.0,q_only,2,X1+Y2+Z2,"3-axis:(1, 2, 2)",0.12131159576231851,0.00013242792911095103,0.4136049421559109,0.24678031003849427,0.15713612579928798,1.0616567722271724,0.859375,0.5399731409744672,0.49147769917483247,0.3271153720006339,0.21615125970561783,0.7604042067452561,0.78125,0.7254918367375904
ortho_1.05_1.20,10.0,xyz_only,10,X1+Y1+Z1,"3-axis:(1, 1, 1)",0.12068915582671551,0.0004991377571367081,0.24416008350413151,0.2200461649398992,0.159496707865706,0.15118756297079627,0.640625,0.5094223480967781,0.31544385472429093,0.2824609463465544,0.218505131396425,0.15094798079476696,0.59375,0.6543291930170333
tet_1.20,0.0,score_q,8,X1,"1-axis:(1,)",0.1513992143994152,0.00011271220073669288,0.45271029907151156,0.2612513776301512,0.1597496073368043,1.198493846914465,0.90625,0.6153798775413191,0.6145678105858634,0.3704014401911433,0.217660654685207,1.1217754111174818,0.875,0.8046667736133746
tet_1.20,0.0,score_iso,8,X1,"1-axis:(1,)",0.1513992143994152,0.00011271220073669288,0.45271029907151156,0.23809823689977133,0.13249472562257503,1.6197781546524739,0.90625,0.48338214660961226,0.6145678105858634,0.346018239391059,0.2125734170669644,1.2633262187667764,0.859375,0.7258881321889045
tet_1.20,0.0,q_only,8,X1,"1-axis:(1,)",0.1513992143994152,0.00011271220073669288,0.45271029907151156,0.25140100570277657,0.14329877363804094,1.4048221646042711,0.90625,0.47855965992636335,0.6145678105858634,0.3656549300638491,0.22510186316093023,1.1057788550730712,0.859375,0.7501271701881552
tet_1.20,0.0,xyz_only,8,X1,"1-axis:(1,)",0.1513992143994152,0.00011271220073669288,0.45271029907151156,0.22010263277384234,0.1530941659501128,1.5193764233442264,0.890625,0.5340966100665899,0.6145678105858634,0.3042043513234295,0.21264281227064297,1.459553022022473,0.859375,0.7465235643138209
tet_1.20,1.0,score_q,9,Z1,"1-axis:(1,)",0.09110346527533894,5.978119274100659e-05,0.06430283144763392,0.09230947786294422,0.0529468508360252,-0.5289577372886082,0.359375,0.18572732348772203,0.7053065099146837,0.28136590660006305,0.19299446549021254,2.196646428360525,0.984375,0.6037540695590388
tet_1.20,1.0,score_iso,9,Z1,"1-axis:(1,)",0.09110346527533894,5.978119274100659e-05,0.06430283144763392,0.08216674139391983,0.042128007877090264,-0.4240388009321582,0.40625,0.15686076016257583,0.7053065099146837,0.269085996488364,0.19697543197836118,2.2145935106872936,0.984375,0.6593276805702417
tet_1.20,1.0,q_only,7,Z1,"1-axis:(1,)",0.1482355364554127,2.837710916983702e-05,0.1877908218976913,0.12677630368016074,0.06670001003291727,0.9147602554557996,0.84375,0.23406433501705104,0.30885829597295134,0.2772856152713007,0.16964758938939722,0.18610745260278833,0.625,0.5573990176205516
tet_1.20,1.0,xyz_only,9,Z1,"1-axis:(1,)",0.09110346527533894,5.978119274100659e-05,0.06430283144763392,0.08089327561373857,0.052031986741124615,-0.3188508685691447,0.484375,0.18448663889923278,0.7053065099146837,0.250383966716184,0.18945222292786434,2.4012520738239864,0.984375,0.6076043561224351
tet_1.20,1.5,score_q,10,X1+Y1+Z1,"3-axis:(1, 1, 1)",0.1280272541082648,5.3841239355556976e-05,0.4430533963565876,0.2432099486126557,0.1944435282968685,1.027771145140872,0.8125,0.6103689976204822,0.48163889187738274,0.2832347795147921,0.22634694430383942,0.8765486672326535,0.8125,0.723219191034241
tet_1.20,1.5,score_iso,9,Z1,"1-axis:(1,)",0.05416379596080027,7.431906719539529e-05,0.013607602434215004,0.07256055397313102,0.051056562760977905,-1.154659623558102,0.078125,0.166309626830863,0.0344010216840174,0.2265264452698289,0.18536729956165848,-1.036458016268768,0.171875,0.558348910180224
tet_1.20,1.5,q_only,3,X1+Y1+Z2,"3-axis:(1, 1, 2)",0.137091475019373,2.7788997892329304e-05,0.21068620516300746,0.18380589463679464,0.11657285147579108,0.23058808449550977,0.65625,0.4344976600917443,0.43602605112355863,0.34803354800624153,0.25313449496492146,0.3476116644203833,0.65625,0.8087814239618027
tet_1.20,1.5,xyz_only,9,Z1,"1-axis:(1,)",0.05416379596080027,7.431906719539529e-05,0.013607602434215004,0.08222499652874664,0.05117355283054367,-1.3408761029434617,0.03125,0.17616550032495107,0.0344010216840174,0.2729546526649962,0.21223604139860486,-1.1240015098652463,0.09375,0.7530343603140424
tet_1.20,2.0,score_q,6,X1+Y1+Z1,"3-axis:(1, 1, 1)",0.13644455109588932,7.171382437705704e-05,0.1461491788585724,0.1474643855627609,0.10827092258357963,-0.012147367666153196,0.609375,0.38477451759150005,0.082596292134468,0.26863192441077544,0.2517287527765203,-0.7390321138274065,0.3125,0.7832240398943768
tet_1.20,2.0,score_iso,10,X1+Y2+Z2,"3-axis:(1, 2, 2)",0.05265634406899408,9.367258670012436e-05,0.010121329788167113,0.07769471166883203,0.04957302926937778,-1.3631077800816016,0.078125,0.17166288932676563,0.3547609873192418,0.30378919449203945,0.22859628506350477,0.22297734546656905,0.609375,0.7628954426249808
tet_1.20,2.0,q_only,9,X1+Y2+Z1,"3-axis:(1, 1, 2)",0.1552114227168788,2.6946691969062398e-05,0.39836154659544953,0.21548340652598325,0.1138053235888279,1.6069383601824072,0.953125,0.39287703142442165,0.4268155686829299,0.3583383485690823,0.20987157970104245,0.3262815299292341,0.578125,0.6897163815999536
tet_1.20,2.0,xyz_only,10,X1+Y2+Z2,"3-axis:(1, 2, 2)",0.05265634406899408,9.367258670012436e-05,0.010121329788167113,0.07981012068580777,0.047547724783447196,-1.4656598441580064,0.015625,0.1754537283248607,0.3547609873192418,0.27057733587790084,0.1935471297526616,0.4349516913450811,0.703125,0.6653639549055698
tet_1.20,5.0,score_q,5,X1+Y1+Z2,"3-axis:(1, 1, 2)",0.21096556132392363,0.00018896153034096707,0.45110424548754763,0.27107926076717115,0.1783593549343819,1.0093386174535002,0.8125,0.6208980326714878,0.44472383676080857,0.3380516582475061,0.24819741114416422,0.429787635661166,0.671875,0.7907481151442178
tet_1.20,5.0,score_iso,10,X1+Y2+Z1,"3-axis:(1, 1, 2)",0.10701604615513227,0.00026628044503599593,0.15681339510308062,0.1610508739065562,0.08551375690167039,-0.0495531825165695,0.578125,0.31925370896145133,0.3290500710005054,0.29558101306040285,0.19450188212594827,0.17207575358195146,0.59375,0.6151512946752616
tet_1.20,5.0,q_only,6,X1+Y2+Z1,"3-axis:(1, 1, 2)",0.21443283671134503,0.0001710721067478936,0.029312486022669205,0.2545236071891662,0.20332050149807718,-1.1076655797424304,0.046875,0.6293445567673639,0.013349993228180475,0.3195722821132666,0.25233868609386784,-1.2135368287126633,0.015625,0.8027739333195433
tet_1.20,5.0,xyz_only,10,X1+Y2+Z1,"3-axis:(1, 1, 2)",0.10701604615513227,0.00026628044503599593,0.15681339510308062,0.15698081492169186,0.08769128722688607,-0.0019091955871985006,0.609375,0.3248380417044401,0.3290500710005054,0.2923498487946684,0.19526111746396327,0.18795458451896996,0.5625,0.61562226684217
tet_1.20,10.0,score_q,10,X1+Y1+Z1,"3-axis:(1, 1, 1)",0.12052944848943524,0.0004939328823561478,0.24287826033138807,0.20908702552505215,0.15023049230390634,0.22492926893798335,0.625,0.48479437826628113,0.31569099478591517,0.27294290502338137,0.20288490605610265,0.21070118321420228,0.609375,0.6948852721551898
tet_1.20,10.0,score_iso,10,X1+Y1+Z1,"3-axis:(1, 1, 1)",0.12052944848943524,0.0004939328823561478,0.24287826033138807,0.22577084069532805,0.13558048298491873,0.12617907282301674,0.53125,0.4699002450083203,0.31569099478591517,0.30741376426611755,0.19549530540611737,0.04233979175387539,0.53125,0.6600893267596823
tet_1.20,10.0,q_only,3,X1+Y2+Z2,"3-axis:(1, 2, 2)",0.20952579143778108,0.00014354316718128088,0.12829144303397863,0.3014137977924748,0.20795925529762338,-0.8324820865024619,0.265625,0.6373099298273567,0.1046038715637308,0.37017659808583453,0.2611637719738699,-1.0168819530897957,0.234375,0.7755068059522726
tet_1.20,10.0,xyz_only,10,X1+Y1+Z1,"3-axis:(1, 1, 1)",0.12052944848943524,0.0004939328823561478,0.24287826033138807,0.20280144089545812,0.1387088099544972,0.288927714460156,0.640625,0.40396893260085315,0.31569099478591517,0.26667323833640083,0.1876129402649749,0.2612706585165335,0.59375,0.5589295647104613
ortho_1.10_1.30,0.0,score_q,9,Y1,"1-axis:(1,)",0.15139921439943305,0.00011271220073669517,0.4527102990716755,0.2054246509616741,0.11973289422157987,2.065310871466155,0.96875,0.3738471710674039,0.6145678105859631,0.29094075963490124,0.18174591494590903,1.7806565338516613,0.921875,0.6784050625725183
ortho_1.10_1.30,0.0,score_iso,9,Y1,"1-axis:(1,)",0.15139921439943305,0.00011271220073669517,0.4527102990716755,0.23893308126130985,0.14932458945044372,1.4316276950480427,0.9375,0.49469606519535136,0.6145678105859631,0.3304867872295163,0.21484253882799342,1.3222754902489986,0.875,0.6922213618169781
ortho_1.10_1.30,0.0,q_only,9,Y1,"1-axis:(1,)",0.15139921439943305,0.00011271220073669517,0.4527102990716755,0.1888485744341729,0.11988739012234083,2.200913076563266,0.953125,0.43018816651800446,0.6145678105859631,0.2797892179697953,0.17805906347461978,1.8801547423729228,0.953125,0.5891688491065227
ortho_1.10_1.30,0.0,xyz_only,9,Y1,"1-axis:(1,)",0.15139921439943305,0.00011271220073669517,0.4527102990716755,0.2253977446363492,0.15357486210525698,1.4801416802057805,0.921875,0.5485922771187316,0.6145678105859631,0.323292787665063,0.23012424603067094,1.2657293959403708,0.84375,0.7348582600857655
ortho_1.10_1.30,1.0,score_q,9,Z1,"1-axis:(1,)",0.08853444831448191,5.970387601173057e-05,0.05330677886835243,0.08943705233680116,0.05003721339261888,-0.722068057312247,0.25,0.17039173196689264,0.6939185817264947,0.24682294227679463,0.16412737171124606,2.724077250402596,1.0,0.5697474899150831
ortho_1.10_1.30,1.0,score_iso,9,Z1,"1-axis:(1,)",0.08853444831448191,5.970387601173057e-05,0.05330677886835243,0.07064015910785906,0.03414785477591433,-0.507597925338047,0.359375,0.13175171442397118,0.6939185817264947,0.21409268080329466,0.1523743552203833,3.148993806904484,1.0,0.46686699792981695
ortho_1.10_1.30,1.0,q_only,7,Z1,"1-axis:(1,)",0.13863210588519964,2.924896756800822e-05,0.1758509227844171,0.14019452401729393,0.09397454770760956,0.37942612799461745,0.734375,0.33705594141402073,0.016142534289983194,0.3242628781796377,0.2054797757864872,-1.4995166444425216,0.015625,0.7465062870096117
ortho_1.10_1.30,1.0,xyz_only,9,Z1,"1-axis:(1,)",0.08853444831448191,5.970387601173057e-05,0.05330677886835243,0.09424105747148329,0.0521720797525832,-0.7846012425893272,0.265625,0.19529388860292513,0.6939185817264947,0.28579646451736224,0.18563128212164687,2.198563262303417,0.984375,0.6242999224970301
ortho_1.10_1.30,1.5,score_q,9,X1+Y2+Z2,"3-axis:(1, 2, 2)",0.1215178779685194,4.193762556784587e-05,0.414769942833034,0.23391384254343345,0.17143680639791553,1.0549432417025273,0.828125,0.5608346909799249,0.47579156809983875,0.2813407999844063,0.22802820664188994,0.8527487497191854,0.828125,0.7354028458139308
ortho_1.10_1.30,1.5,score_iso,10,Z1,"1-axis:(1,)",0.05050924501996686,7.790806530606454e-05,0.011838574173392302,0.07912449397645073,0.050763262919538976,-1.325484532158281,0.03125,0.17427128257963573,0.05231480609843766,0.2637316376416488,0.22394296943973327,-0.9440655005655929,0.125,0.7359780300833418
ortho_1.10_1.30,1.5,q_only,9,X1+Y2+Z2,"3-axis:(1, 2, 2)",0.1215178779685194,4.193762556784587e-05,0.414769942833034,0.2414983690681663,0.17365530841320997,0.9977902509698868,0.796875,0.5179265072296048,0.47579156809983875,0.2966633814192281,0.21548881383685223,0.8312644331292218,0.765625,0.6719458376884143
ortho_1.10_1.30,1.5,xyz_only,10,Z1,"1-axis:(1,)",0.05050924501996686,7.790806530606454e-05,0.011838574173392302,0.07662823951915096,0.03997435357198018,-1.6207808145658635,0.03125,0.14589532759541374,0.05231480609843766,0.19920694625759056,0.17035374002497794,-0.8622771659533434,0.140625,0.5435369633940282
ortho_1.10_1.30,2.0,score_q,9,X1+Y2+Z2,"3-axis:(1, 2, 2)",0.12107766518439815,5.341586895174338e-05,0.37431681086530366,0.23207974766579637,0.17248504105357162,0.8246341962750594,0.828125,0.5761654904242246,0.43685540148844215,0.28839226762858794,0.22728887384609886,0.6531913830490793,0.78125,0.6979627642808912
ortho_1.10_1.30,2.0,score_iso,10,X1+Y2+Z2,"3-axis:(1, 2, 2)",0.05668438652695585,9.807681890670998e-05,0.012411062205047193,0.08653927658086508,0.041495900693685354,-1.7863984908107313,0.015625,0.15789330396559623,0.3530086257050461,0.3045644600650056,0.19123897533558012,0.2533174294349721,0.625,0.6127069546166576
ortho_1.10_1.30,2.0,q_only,9,X1+Y2+Z2,"3-axis:(1, 2, 2)",0.12107766518439815,5.341586895174338e-05,0.37431681086530366,0.2405287482878556,0.16976600045126572,0.7880733611031037,0.8125,0.572506325594956,0.43685540148844215,0.30602257544667366,0.23049017995751675,0.5676286341800574,0.671875,0.6989659519334794
ortho_1.10_1.30,2.0,xyz_only,10,X1+Y2+Z2,"3-axis:(1, 2, 2)",0.05668438652695585,9.807681890670998e-05,0.012411062205047193,0.08287819533024461,0.04536842010817737,-1.5532199039689052,0.0,0.14343858635687143,0.3530086257050461,0.26451234197300244,0.21091833710631425,0.41957605462732794,0.703125,0.7209181050516692
ortho_1.10_1.30,5.0,score_q,10,X1+Y2+Z1,"3-axis:(1, 1, 2)",0.10878670511708234,0.0002846473935349961,0.16647061132623933,0.1465894562541875,0.09296279023495731,0.21386142801425875,0.65625,0.3228110527743587,0.32770193332355213,0.25886554472504747,0.18032691156133937,0.3817310905072967,0.640625,0.6619055023341623
ortho_1.10_1.30,5.0,score_iso,10,X1+Y2+Z1,"3-axis:(1, 1, 2)",0.10878670511708234,0.0002846473935349961,0.16647061132623933,0.1443713854467028,0.0821027948216669,0.26916533020914146,0.609375,0.2829469670538226,0.32770193332355213,0.2526521047179372,0.1788636244650643,0.4195924622999804,0.703125,0.5966800572511287
ortho_1.10_1.30,5.0,q_only,2,X1+Y1+Z2,"3-axis:(1, 1, 2)",0.11828581307785223,8.863511943105544e-05,0.37674256164565567,0.19365860044275868,0.1363763360076869,1.3424906883495895,0.859375,0.4599846315969694,0.499060929279012,0.27760026474601485,0.20131818921514089,1.1000529330970226,0.828125,0.6695140452007992
ortho_1.10_1.30,5.0,xyz_only,10,X1+Y2+Z1,"3-axis:(1, 1, 2)",0.10878670511708234,0.0002846473935349961,0.16647061132623933,0.1403743675167981,0.08220916940195959,0.31743714234025266,0.640625,0.2739165832106152,0.32770193332355213,0.24258665843004143,0.17821876752423066,0.4775887302747777,0.703125,0.5320770056964539
ortho_1.10_1.30,10.0,score_q,5,X1+Y2+Z1,"3-axis:(1, 1, 2)",0.12139022418963345,0.0002637684548001476,0.3185255219826741,0.23789808887771124,0.16833656388122548,0.4789656581167523,0.703125,0.5463867142155956,0.3929005193652813,0.29991856404868816,0.22095186693250052,0.42082448366266917,0.703125,0.7064979218206758
ortho_1.10_1.30,10.0,score_iso,8,X1+Y2+Z2,"3-axis:(1, 2, 2)",0.12070976624921152,0.00025870544059072273,0.32284982584024374,0.22539275230733744,0.16022999657767428,0.6082323885281621,0.78125,0.5419991216414847,0.39418747496718637,0.3083663574831742,0.22141627546486442,0.38760076378054303,0.703125,0.7572933548950312
ortho_1.10_1.30,10.0,q_only,2,X1+Y2+Z1,"3-axis:(1, 1, 2)",0.12148813098650772,0.00013509471070789338,0.41679012982773095,0.23771326539416324,0.1455508619385741,1.2303387423972247,0.875,0.4923887675029451,0.49088220511568126,0.29331801387692463,0.1941654553332267,1.0175043284536867,0.859375,0.6816726983138296
ortho_1.10_1.30,10.0,xyz_only,5,X1+Y2+Z1,"3-axis:(1, 1, 2)",0.12139022418963345,0.0002637684548001476,0.3185255219826741,0.25503717709881146,0.17146085327705293,0.3702789509679243,0.6875,0.584110930855538,0.3929005193652813,0.3359770392702871,0.2136056292509679,0.2664886702393391,0.65625,0.7397562361831819
tet_1.35,0.0,score_q,9,X1,"1-axis:(1,)",0.1513992143994041,0.00011271220073669426,0.45271029907152827,0.20919879472051345,0.1268577431209933,1.9195635864090765,0.953125,0.41666741455557,0.7530638144635123,0.3137154497731379,0.21033497167226875,2.0888032132519156,0.96875,0.7252074386085422
tet_1.35,0.0,score_iso,9,X1,"1-axis:(1,)",0.1513992143994041,0.00011271220073669426,0.45271029907152827,0.2288348669018289,0.16527770351701887,1.3545410385333196,0.859375,0.5887605504582983,0.7530638144635123,0.3192252067277973,0.2348766731275815,1.8470910795735482,0.953125,0.7494193255192387
tet_1.35,0.0,q_only,9,X1,"1-axis:(1,)",0.1513992143994041,0.00011271220073669426,0.45271029907152827,0.23503088479237047,0.168056173059469,1.295277705751598,0.84375,0.5729964373379753,0.7530638144635123,0.3192799449657564,0.2557474646902207,1.696141426158376,0.90625,0.7985562068388172
tet_1.35,0.0,xyz_only,9,X1,"1-axis:(1,)",0.1513992143994041,0.00011271220073669426,0.45271029907152827,0.2513606392906632,0.16137280729569023,1.2477297950867015,0.828125,0.5162140522810134,0.7530638144635123,0.351854464456268,0.2279337669526035,1.760201462773664,0.890625,0.7895829282288176
tet_1.35,1.0,score_q,10,X1+Z2,"2-axis:(1, 2)",0.1330269942390239,5.7269066945560244e-05,0.17747420650754742,0.1824586826249205,0.12719209621386182,-0.03918856804555641,0.546875,0.39979282839413793,0.38473454503128424,0.3129335035906471,0.23452735118594117,0.30615210156620376,0.609375,0.6934761390913192
tet_1.35,1.0,score_iso,9,Z1,"1-axis:(1,)",0.09770447192631067,6.163714610614253e-05,0.057302994540753875,0.09046258156420586,0.06374084017618463,-0.520225132446891,0.34375,0.22462815814331358,0.23713581959180988,0.29872197231333997,0.2215541334909143,-0.2779733862369022,0.4375,0.6464956012156355
tet_1.35,1.0,q_only,8,Z1,"1-axis:(1,)",0.1482523469721383,3.0625228561993895e-05,0.18762718069238182,0.15630989583189056,0.09130807483739578,0.34298483366251076,0.703125,0.3335886668503864,0.11730090114290745,0.27347157857580084,0.20145276736139262,-0.7752222988923183,0.234375,0.6637518327446194
tet_1.35,1.0,xyz_only,9,Z1,"1-axis:(1,)",0.09770447192631067,6.163714610614253e-05,0.057302994540753875,0.09667489142901387,0.058577922009812766,-0.6721286030083556,0.203125,0.20069362883383499,0.23713581959180988,0.32089308090186647,0.24290252882919564,-0.3448183998471595,0.421875,0.7757094006536308
tet_1.35,1.5,score_q,10,X1+Y2+Z2,"3-axis:(1, 2, 2)",0.10032294419480638,7.264146784106584e-05,0.0682238088788389,0.16532493886902008,0.0888574128983722,-1.0927746692349087,0.125,0.3220331074710327,0.19730504836785473,0.2781630674657361,0.19785617347835321,-0.4086706908153114,0.4375,0.6496995711329108
tet_1.35,1.5,score_iso,9,Z1,"1-axis:(1,)",0.057300418202569446,7.671186458683778e-05,0.012951322826207465,0.08774009126774214,0.05056052949796501,-1.4791927454609752,0.03125,0.15330603768594073,0.31986221361411393,0.23692322069492383,0.20370422174685923,0.40715402070483464,0.75,0.6142503158635846
tet_1.35,1.5,q_only,4,X1+Y1+Z1,"3-axis:(1, 1, 1)",0.1447290570225378,3.0399341515353095e-05,0.23839059822173986,0.19635513725917433,0.11555560190476857,0.3637682662658269,0.640625,0.38326885599580346,0.540144777438696,0.37240509408153066,0.25764473778224084,0.6510502981756472,0.703125,0.777923405079948
tet_1.35,1.5,xyz_only,9,Z1,"1-axis:(1,)",0.057300418202569446,7.671186458683778e-05,0.012951322826207465,0.07452065706272842,0.0658745010426638,-0.934645929169327,0.015625,0.15702077629353495,0.31986221361411393,0.2345379923826666,0.20853984916274557,0.40915068066655563,0.71875,0.7200309070276049
tet_1.35,2.0,score_q,10,X1+Y1+Z2,"3-axis:(1, 1, 2)",0.1621331565839216,0.00010691589294434702,0.19943053391993595,0.19511471053554863,0.13718089632547353,0.03146081925369695,0.625,0.4487096825189645,0.4004774745871268,0.3362058026092022,0.2529148805453467,0.25412372668260935,0.703125,0.7945926375800253
tet_1.35,2.0,score_iso,9,X1+Y1+Z1,"3-axis:(1, 1, 1)",0.05490950453060641,9.653163768321794e-05,0.010866704018080901,0.08534487160639109,0.0422111583708462,-1.7644189465784785,0.0,0.16582007343458066,0.35356977185072064,0.32071125725555705,0.22053832576062005,0.14899230998370946,0.578125,0.7200633204259914
tet_1.35,2.0,q_only,10,X1+Y1+Z2,"3-axis:(1, 1, 2)",0.1621331565839216,0.00010691589294434702,0.19943053391993595,0.19678215444316674,0.1321962499755585,0.02003369594250089,0.5,0.4077620512669898,0.4004774745871268,0.3640701368881869,0.2717399256432355,0.13397861066100653,0.546875,0.8096098149866717
tet_1.35,2.0,xyz_only,10,X1+Y1+Z2,"3-axis:(1, 1, 2)",0.1621331565839216,0.00010691589294434702,0.19943053391993595,0.1967055366683005,0.12520177833980928,0.021764844619201657,0.578125,0.43566738922301995,0.4004774745871268,0.34641788190443606,0.25255114179777266,0.21405404187704785,0.609375,0.8177408149438914
tet_1.35,5.0,score_q,9,X1+Y1+Z2,"3-axis:(1, 1, 2)",0.20860975810414173,0.00014549312494432272,0.19582728965351684,0.27159170097195184,0.16518080679423555,-0.4586756342239899,0.390625,0.5847026556157008,0.016547075203536207,0.34156962553536274,0.23712672818448438,-1.3706702437929672,0.0625,0.6977379117660509
tet_1.35,5.0,score_iso,10,X1+Y1+Z1,"3-axis:(1, 1, 1)",0.10794384819784027,0.0002772268310720379,0.16248698385779056,0.15155463040641032,0.08582614121328228,0.12737789788411222,0.53125,0.29600324568995295,0.32819661234004543,0.2664491574052344,0.18067380661777538,0.34176207437251355,0.625,0.62709801994738
tet_1.35,5.0,q_only,9,X1+Y1+Z2,"3-axis:(1, 1, 2)",0.20860975810414173,0.00014549312494432272,0.19582728965351684,0.30406337954195956,0.20511721210937003,-0.5276792170429985,0.421875,0.6545541544078249,0.016547075203536207,0.40240601744885085,0.25462475540587126,-1.5154023088946753,0.015625,0.8330962899209708
tet_1.35,5.0,xyz_only,10,X1+Y1+Z1,"3-axis:(1, 1, 1)",0.10794384819784027,0.0002772268310720379,0.16248698385779056,0.16191808324140416,0.10045384939929505,0.00566330329581901,0.515625,0.3299541373561823,0.32819661234004543,0.30425484887862675,0.2243188379451926,0.10673095349736789,0.578125,0.7509294836867968
tet_1.35,10.0,score_q,10,X1+Y2+Z2,"3-axis:(1, 2, 2)",0.1207737345763693,0.000504068065800023,0.24539315907589432,0.226300857175461,0.16346581196919854,0.11679691105020806,0.609375,0.496360140136861,0.3151880717500804,0.29249076872349,0.21677220559734228,0.10470578072470363,0.609375,0.6673779088481511
tet_1.35,10.0,score_iso,10,X1+Y2+Z2,"3-axis:(1, 2, 2)",0.1207737345763693,0.000504068065800023,0.24539315907589432,0.21048297840086638,0.15436760326236526,0.22614965794000164,0.671875,0.508549397014602,0.3151880717500804,0.25986805958000264,0.21925053278122308,0.25231415161497445,0.671875,0.685240125543617
tet_1.35,10.0,q_only,4,X1+Y2+Z1,"3-axis:(1, 1, 2)",0.2389034327468455,0.00014134388850455098,0.038610008926764534,0.3996119321248671,0.2577309095105948,-1.4006931643635931,0.03125,0.7776035176596411,0.012032095278280324,0.4065721509798586,0.27785645688422134,-1.4199420093539787,0.046875,0.8342875539119211
tet_1.35,10.0,xyz_only,10,X1+Y2+Z2,"3-axis:(1, 2, 2)",0.1207737345763693,0.000504068065800023,0.24539315907589432,0.21617486880503864,0.14036516247135458,0.20815913119902757,0.671875,0.48895448778205725,0.3151880717500804,0.28378663456865033,0.1855162962444286,0.16926511480095294,0.671875,0.6598050100664595
ortho_1.20_1.50,0.0,score_q,9,X1,"1-axis:(1,)",0.15139921439942594,0.0001127122007366932,0.45271029907168864,0.2146998551824947,0.15648959641064805,1.5209346138455373,0.90625,0.5036951235021625,0.7530638144634947,0.2871548733997184,0.23129865980090233,2.0143175125303703,0.96875,0.711706820465113
ortho_1.20_1.50,0.0,score_iso,9,X1,"1-axis:(1,)",0.15139921439942594,0.0001127122007366932,0.45271029907168864,0.20533781387399813,0.154597788152169,1.6001036505943034,0.890625,0.5327572812560192,0.7530638144634947,0.28683305114050506,0.2202179650837984,2.1171331918513556,0.90625,0.7984730920078744
ortho_1.20_1.50,0.0,q_only,9,X1,"1-axis:(1,)",0.15139921439942594,0.0001127122007366932,0.45271029907168864,0.2152187305207839,0.14033040350352538,1.6923743010775714,0.9375,0.4552412923216059,0.7530638144634947,0.30585040976572586,0.21683643265727873,2.0624458685988,0.953125,0.7324798169666621
ortho_1.20_1.50,0.0,xyz_only,9,X1,"1-axis:(1,)",0.15139921439942594,0.0001127122007366932,0.45271029907168864,0.1941825340816069,0.13683192750313475,1.8893818840801582,0.921875,0.49691274822815623,0.7530638144634947,0.2792026189672471,0.19298744880274749,2.455399034670518,0.96875,0.7025255347818824
ortho_1.20_1.50,1.0,score_q,10,X1+Z2,"2-axis:(1, 2)",0.11759563680444082,5.149134176938637e-05,0.12068450166458573,0.16197720962163403,0.08989384223657658,-0.45934968323989944,0.375,0.3190324028358181,0.1585014892249612,0.30899920134704606,0.19165320270354277,-0.785260616563219,0.3125,0.6159053218477776
ortho_1.20_1.50,1.0,score_iso,8,Z1,"1-axis:(1,)",0.12950373556133066,3.2561343311680424e-05,0.16468961285685801,0.1417103386801051,0.10971911184084743,0.2094372966660171,0.640625,0.30607604653288434,0.009422200759106554,0.2923353165671393,0.22460067674770204,-1.2596271743409504,0.0,0.6798453439336152
ortho_1.20_1.50,1.0,q_only,4,Y1+Z1,"2-axis:(1, 1)",0.13337053787408748,1.545631245379574e-05,0.2683089764261732,0.23523894718623434,0.1566815860468423,0.21106519326298498,0.625,0.49741137614447023,0.5291086609591363,0.37517599967903037,0.26750535332143494,0.5754376851463034,0.640625,0.8400313335912597
ortho_1.20_1.50,1.0,xyz_only,10,X1+Z2,"2-axis:(1, 2)",0.11759563680444082,5.149134176938637e-05,0.12068450166458573,0.16264678878332245,0.09873502758352645,-0.42499899119198664,0.34375,0.35465411416713033,0.1585014892249612,0.27593293132092267,0.1968291638150592,-0.5966160695866366,0.3125,0.6697602388258624
ortho_1.20_1.50,1.5,score_q,10,X1+Y2+Z2,"3-axis:(1, 2, 2)",0.08381182967498461,6.952925348283984e-05,0.08241948878895683,0.15932606044390862,0.08812687501911688,-0.8726801175849727,0.140625,0.3371002235393133,0.3610260820236534,0.2930447373002533,0.2018005358692703,0.3368739554145813,0.625,0.6105373467888956
ortho_1.20_1.50,1.5,score_iso,8,Y1+Z1,"2-axis:(1, 1)",0.0657721566576209,4.763690593800871e-05,0.060931417402040534,0.10257373680189426,0.05120424632829997,-0.8132591022245992,0.21875,0.20231716874437408,0.21053069491700155,0.23021462621793548,0.21484593405427577,-0.09161882158714547,0.625,0.6550177322775932
ortho_1.20_1.50,1.5,q_only,9,X1+Y2+Z2,"3-axis:(1, 2, 2)",0.12141321755235841,4.437115717093923e-05,0.4041914593680527,0.24794334780450022,0.13449824680819458,1.1617111395155448,0.84375,0.4621329113131402,0.46547775784232487,0.3145848389851298,0.17737870864146227,0.8506822493636825,0.78125,0.5805600523751315
ortho_1.20_1.50,1.5,xyz_only,10,X1+Y2+Z2,"3-axis:(1, 2, 2)",0.08381182967498461,6.952925348283984e-05,0.08241948878895683,0.15203120747048487,0.09211978252387959,-0.7556652520616557,0.234375,0.31097159529872903,0.3610260820236534,0.30030438982896657,0.1824665909286135,0.332782521366392,0.671875,0.6389972689001465
ortho_1.20_1.50,2.0,score_q,10,X1+Y2+Z1,"3-axis:(1, 1, 2)",0.0957698706659378,8.176642377810822e-05,0.11708318532748536,0.15447603212935287,0.10037017848026693,-0.37254937041729486,0.421875,0.3631124060964637,0.3124576895769563,0.2986696966464074,0.23607835903969057,0.05840430688597078,0.640625,0.8658797724899387
ortho_1.20_1.50,2.0,score_iso,8,X1+Y1+Z2,"3-axis:(1, 1, 2)",0.07070379713046873,6.290110722787149e-05,0.04148512273286729,0.10555118939025829,0.058530142447546375,-1.0945824489272555,0.125,0.20244553627677464,0.4274143177354898,0.27766812185111533,0.17056063150665557,0.8779645957024564,0.8125,0.5954327666685733
ortho_1.20_1.50,2.0,q_only,9,X1+Y1+Z2,"3-axis:(1, 1, 2)",0.12086421273739761,5.551773916397019e-05,0.3610073053671787,0.20613137963024705,0.16687308895579014,0.9281060637466533,0.828125,0.5370448437919269,0.4222833377680473,0.2754058029844379,0.23396543125779257,0.6277745134970217,0.8125,0.7360894800773475
ortho_1.20_1.50,2.0,xyz_only,10,X1+Y2+Z1,"3-axis:(1, 1, 2)",0.0957698706659378,8.176642377810822e-05,0.11708318532748536,0.1615909816626594,0.09679460717377912,-0.4598169013156656,0.375,0.32456279991363796,0.3124576895769563,0.3460621218382892,0.18463257311559264,-0.18200706242723613,0.4375,0.6136274935225149
ortho_1.20_1.50,5.0,score_q,5,X1+Y2+Z1,"3-axis:(1, 1, 2)",0.1159209080725829,0.0001729769278042171,0.2684323365746792,0.23923502156285015,0.1447288823635345,0.20173799821302132,0.5625,0.4408233308216436,0.40199947475346964,0.3650395777711465,0.22865133225350368,0.1616430423470457,0.578125,0.7540861281775303
ortho_1.20_1.50,5.0,score_iso,8,X1+Y2+Z2,"3-axis:(1, 2, 2)",0.11219394737807631,0.00016336663324287732,0.26290253889313386,0.17952483280501252,0.11493563554737216,0.7254295475055753,0.765625,0.38737048406134944,0.40508189044727183,0.2912548049552467,0.20985689375460134,0.5424033657173435,0.6875,0.6809355007939338
ortho_1.20_1.50,5.0,q_only,2,X1+Y1+Z1,"3-axis:(1, 1, 1)",0.11932839959900618,9.454731618007996e-05,0.3881341898671824,0.22244019747299365,0.15819169256167528,1.0474253717750763,0.8125,0.48532731270600543,0.49741125593577007,0.3030372090262794,0.21989166788238151,0.8839536703708847,0.78125,0.6558192014054408
ortho_1.20_1.50,5.0,xyz_only,5,X1+Y2+Z1,"3-axis:(1, 1, 2)",0.1159209080725829,0.0001729769278042171,0.2684323365746792,0.2021982052448676,0.1294947795831462,0.5114810924618965,0.71875,0.44893268664178554,0.40199947475346964,0.2934708998790472,0.21802892149305267,0.4977714613764343,0.6875,0.71656429717469
ortho_1.20_1.50,10.0,score_q,5,X1+Y2+Z2,"3-axis:(1, 2, 2)",0.12186216731728891,0.00027428616021696583,0.3246824951561469,0.26933039123319247,0.17209495493677524,0.32163699361767,0.640625,0.5766547330717705,0.3916948985924678,0.3396227802197839,0.22544896184296026,0.2309707613944326,0.640625,0.7166222413117875
ortho_1.20_1.50,10.0,score_iso,8,X1+Y1+Z1,"3-axis:(1, 1, 1)",0.12094109646537675,0.00026676273165277805,0.32500440069752917,0.25431314391154314,0.16142388843479588,0.43792314428172446,0.6875,0.575978004071411,0.3935733887538399,0.3273121988582094,0.21094363425120025,0.31411798763460136,0.640625,0.7127815017322889
ortho_1.20_1.50,10.0,q_only,5,X1+Y2+Z2,"3-axis:(1, 2, 2)",0.12186216731728891,0.00027428616021696583,0.3246824951561469,0.2073750325224638,0.17411550240924203,0.6737335906902145,0.71875,0.5012200942300838,0.3916948985924678,0.25488078479428944,0.2219507629931476,0.6164165058616442,0.734375,0.656742012227706
ortho_1.20_1.50,10.0,xyz_only,5,X1+Y2+Z2,"3-axis:(1, 2, 2)",0.12186216731728891,0.00027428616021696583,0.3246824951561469,0.2280543714885812,0.15104429124411428,0.6397337024194963,0.796875,0.5346369476922676,0.3916948985924678,0.28386324318438244,0.19797076990158327,0.5446847302818834,0.765625,0.6451196069156282
tet_1.50,0.0,score_q,9,Y1,"1-axis:(1,)",0.15139921439941198,0.00011271220073669384,0.4527102990714984,0.18805863153238817,0.13108706976998563,2.0188998655738306,0.9375,0.46416009692216376,0.7530638144635057,0.24332533487626695,0.1988711130588657,2.5631599871108146,0.984375,0.6638949925221276
tet_1.50,0.0,score_iso,9,Y1,"1-axis:(1,)",0.15139921439941198,0.00011271220073669384,0.4527102990714984,0.20950739565972978,0.11742694750909854,2.071099594842602,0.96875,0.43034787060748336,0.7530638144635057,0.29164041944465596,0.19317300981877633,2.3886535466281837,0.984375,0.6200853635123182
tet_1.50,0.0,q_only,9,Y1,"1-axis:(1,)",0.15139921439941198,0.00011271220073669384,0.4527102990714984,0.22397463764411082,0.1606076957051672,1.4241886755281075,0.875,0.5297282146297339,0.7530638144635057,0.32177698729069126,0.2522377946307009,1.709842205853995,0.921875,0.8153574061404787
tet_1.50,0.0,xyz_only,9,Y1,"1-axis:(1,)",0.15139921439941198,0.00011271220073669384,0.4527102990714984,0.20564334825347136,0.13269801004959728,1.8618738195382227,0.9375,0.4714022663506299,0.7530638144635057,0.28763737874085926,0.2111064302445867,2.2047004213997714,0.984375,0.6657602611622608
tet_1.50,1.0,score_q,10,Z1,"1-axis:(1,)",0.10352250477231173,6.338453229687441e-05,0.05193246024478208,0.09390144272195243,0.06030581524220335,-0.6959359111209491,0.28125,0.19624840928056703,0.21287072119619413,0.3205494076837649,0.22817952122430393,-0.4719033763825329,0.375,0.7037998502978003
tet_1.50,1.0,score_iso,8,Z1,"1-axis:(1,)",0.14826750838265554,3.267525252648786e-05,0.18747536605469617,0.15779576958370722,0.10134640242546548,0.2928529850136885,0.71875,0.3323215283345707,0.11712850897589377,0.336628488744768,0.21948010196893064,-1.0000905676585947,0.203125,0.7244413402770656
tet_1.50,1.0,q_only,8,Z1,"1-axis:(1,)",0.14826750838265554,3.267525252648786e-05,0.18747536605469617,0.14945083990265942,0.07848890899345266,0.48445731555173216,0.671875,0.28343371855224636,0.11712850897589377,0.32107604874038054,0.18845622792427458,-1.0822011138064096,0.140625,0.6476920910402487
tet_1.50,1.0,xyz_only,10,Z1,"1-axis:(1,)",0.10352250477231173,6.338453229687441e-05,0.05193246024478208,0.08765818392286617,0.05176657454153516,-0.6901311124754692,0.3125,0.18537931790966997,0.21287072119619413,0.2926134109229815,0.21139567907291612,-0.37722005518809454,0.40625,0.6973552257803165
tet_1.50,1.5,score_q,9,X1+Y2+Z2,"3-axis:(1, 2, 2)",0.10946584216161823,8.881740773596236e-05,0.16603229495504135,0.1905328054175622,0.11524137540107794,-0.21260168387472303,0.53125,0.36605592882868243,0.32116090699752936,0.30536151727665534,0.2086252618662402,0.07573095213621853,0.59375,0.6667089600321623
tet_1.50,1.5,score_iso,6,Z1,"1-axis:(1,)",0.0745869028007063,4.535558113847699e-05,0.08678405328470648,0.11872350554390707,0.06482466184890068,-0.4927052659858883,0.328125,0.20153043577945837,0.0666089745491952,0.2614459316392691,0.200446265127973,-0.9720159014422647,0.140625,0.6035648453137501
tet_1.50,1.5,q_only,3,X1+Y1+Z2,"3-axis:(1, 1, 2)",0.13381699861327537,3.074238346993683e-05,0.19830722083286909,0.18117621738394174,0.10215966251829584,0.16768852819665153,0.578125,0.3631184822387506,0.40115168107548177,0.31964149266874853,0.21980592099126234,0.3708279924343011,0.625,0.7115682438459262
tet_1.50,1.5,xyz_only,9,X1+Y2+Z2,"3-axis:(1, 2, 2)",0.10946584216161823,8.881740773596236e-05,0.16603229495504135,0.15730427769226407,0.09716790520153544,0.08982407559970257,0.5625,0.3449477975525567,0.32116090699752936,0.24184786451783216,0.17204049009135608,0.46101381388253293,0.671875,0.5809394210525564
tet_1.50,2.0,score_q,9,X1+Y2+Z2,"3-axis:(1, 2, 2)",0.11012419977325705,8.211891723487941e-05,0.10825933722666373,0.15395772472564748,0.09280264548797724,-0.49242548268100433,0.4375,0.3323447202948412,0.07877562849224214,0.28959219243423884,0.24511868445228985,-0.860059135892475,0.265625,0.6989448038692506
tet_1.50,2.0,score_iso,8,X1+Y2+Z1,"3-axis:(1, 1, 2)",0.0650153444735598,5.994072717475653e-05,0.02528118241934358,0.11287369885254928,0.055940956463635824,-1.5658029817309083,0.03125,0.22368281413692342,0.429598144751335,0.27504486187346344,0.19063947283818888,0.8107097684236816,0.78125,0.6407535907555422
tet_1.50,2.0,q_only,4,X1+Y1+Z1,"3-axis:(1, 1, 1)",0.12037271384754057,3.8268375655126614e-05,0.2404507087995208,0.18231222708789402,0.11730493003720056,0.4956183997782009,0.71875,0.36615169786311896,0.4029931374073466,0.3503587633527994,0.2512052343703563,0.20952737782819397,0.609375,0.8208918778386118
tet_1.50,2.0,xyz_only,10,X1+Y1+Z2,"3-axis:(1, 1, 2)",0.05668219396234112,9.906244301685552e-05,0.011607623553487911,0.08453589044966756,0.041567221319656025,-1.7544657684380591,0.0,0.1656002219908086,0.35250746201891964,0.2715154515779718,0.20133977601190092,0.4022653250381993,0.65625,0.5673088748756975
tet_1.50,5.0,score_q,6,X1+Y1+Z2,"3-axis:(1, 1, 2)",0.21270232871029687,0.00020250212591750848,0.46135534458189836,0.313240142291519,0.21032431564375306,0.7042229132486632,0.71875,0.6464044546632162,0.6589403574540935,0.4200966247685904,0.29459711793551047,0.810747010556217,0.6875,0.9013566963508386
tet_1.50,5.0,score_iso,8,X1+Y1+Z1,"3-axis:(1, 1, 1)",0.11017112837532571,0.0001520882959331431,0.24952984768335373,0.1623741073605267,0.10349022143319202,0.8421640142904528,0.78125,0.3456541616661277,0.4068475945300099,0.26974804944725866,0.19662142206817815,0.6972767445172628,0.78125,0.6329514524257941
tet_1.50,5.0,q_only,7,X1+Y2+Z2,"3-axis:(1, 2, 2)",0.2160856276200538,0.0001842366494596817,0.05355108119360108,0.2812602418387232,0.20273002720564737,-1.1232137823027715,0.125,0.6562580898125646,0.020923366991370627,0.3796496920656941,0.28957160788765085,-1.2388173263597884,0.046875,0.8977259381531814
tet_1.50,5.0,xyz_only,10,X1+Y1+Z1,"3-axis:(1, 1, 1)",0.11738717287873025,0.0002367551011658189,0.0856332914133105,0.16277214491965084,0.11064684863529896,-0.6971626797966848,0.265625,0.3676457338412458,0.19565639347812583,0.23628092533436373,0.1807649623202318,-0.2247367594614122,0.46875,0.6337575080138446
tet_1.50,10.0,score_q,5,X1+Y2+Z2,"3-axis:(1, 2, 2)",0.21822970162429836,0.00029286117518414855,0.08150151738806763,0.3079655630141671,0.22179050244950008,-1.0210718814555302,0.15625,0.7521785097633801,0.06383673666478634,0.3642949952206539,0.2649495160594673,-1.134020786387458,0.125,0.890059939143599
tet_1.50,10.0,score_iso,6,X1+Y1+Z1,"3-axis:(1, 1, 1)",0.1204197023826627,0.00025716045402029986,0.32007142855163273,0.2008322102019644,0.1382765809978356,0.8623240283231505,0.828125,0.45863675872533305,0.3946690317034448,0.26631937308152887,0.19156673911005737,0.6699997046330027,0.734375,0.6263943549401055
tet_1.50,10.0,q_only,3,X1+Y1+Z1,"3-axis:(1, 1, 1)",0.23244230188121714,0.00015912341904282916,0.716717340790444,0.3684027537502039,0.2671648517735751,1.3037440543793408,0.84375,0.7879949760707116,0.8192195506222053,0.4207542176847597,0.30815034416594983,1.293087418138871,0.859375,0.9302661408343943
tet_1.50,10.0,xyz_only,9,X1+Y2+Z1,"3-axis:(1, 1, 2)",0.12094658171933478,0.0005123025754438416,0.24738377674430195,0.2247907801215928,0.16045060018986548,0.1408096734810182,0.53125,0.4556840587170279,0.31477831319921146,0.2891475784601487,0.21103477909031418,0.12145265746918613,0.5625,0.6348587798279745
