geometry,beta,criterion,winner_mode_index,winner_q,winner_exact_family,winner_support_family,real_exact,sur_exact_mean,sur_exact_std,z_exact,exact_exceed,sur_exact_p95,triads_exact,eligible_exact,real_support,sur_support_mean,sur_support_std,z_support,support_exceed,sur_support_p95,triads_support,eligible_support
cubic,0.0,score_q,8,X1,"1-axis:(1,)",1-axis,0.9989051587117911,0.5502416191495978,0.23431254175397268,1.914808043145098,1.0,0.9364819089273213,3,3,0.7392349511505388,0.3988794132492551,0.24854827550623318,1.3693739665129112,0.875,0.8096258523265099,6,6
cubic,0.0,score_iso,8,X1,"1-axis:(1,)",1-axis,0.9989051587117911,0.5219162098838324,0.2584236076535405,1.8457638338738596,1.0,0.9527250474226906,3,3,0.7392349511505388,0.3357288347564267,0.2536271425332502,1.5909421695259691,0.8958333333333334,0.8222782267532808,6,6
cubic,0.0,q_only,8,X1,"1-axis:(1,)",1-axis,0.9989051587117911,0.5319338284168388,0.2541070852543009,1.837695040363739,1.0,0.9428838498145314,3,3,0.7392349511505388,0.31544121541569764,0.21314505274523435,1.9882879300951937,0.9583333333333334,0.6590987400832895,6,6
cubic,0.0,xyz_only,8,X1,"1-axis:(1,)",1-axis,0.9989051587117911,0.5412564655673777,0.21302503856410596,2.1483328731075155,1.0,0.8650391588659909,3,3,0.7392349511505388,0.3738419947209575,0.2431019486810466,1.5030441278258913,0.875,0.8128433743382175,6,6
cubic,1.0,score_q,8,X1+Y1+Z1,"3-axis:(1, 1, 1)",3-axis,0.9938401945356221,0.993840194535622,1.1102230246251565e-16,0.0001110099778791752,0.0,0.9938401945356221,1,1,0.517723804509421,0.2739849955133368,0.22565426732207153,1.0801426974439656,0.8125,0.7104637438247927,8,8
cubic,1.0,score_iso,10,Y1,"1-axis:(1,)",1-axis,0.9997058565174101,0.540201575762635,0.24509668737990706,1.8747878058451897,1.0,0.9419926290690127,3,3,0.7212238739951183,0.3424902374402965,0.26003803961348865,1.4564547445300762,0.8541666666666666,0.8384479421479284,6,6
cubic,1.0,q_only,9,X1+Y2+Z1,"3-axis:(1, 1, 2)",3-axis,0.3444376802438882,0.5094346128514108,0.22685017989948572,-0.7273387778660928,0.2916666666666667,0.792511812081024,2,3,0.31956951618823043,0.34804104198918345,0.2417371481203506,-0.117778860312609,0.5416666666666666,0.7771667871887459,4,8
cubic,1.0,xyz_only,10,Y1,"1-axis:(1,)",1-axis,0.9997058565174101,0.526118176773904,0.243522099167345,1.9447421049705982,1.0,0.900918761987784,3,3,0.7212238739951183,0.3735226688780735,0.23513663354984823,1.4787198398919603,0.875,0.8284151816203387,6,6
cubic,1.5,score_q,6,X1+Y1+Z1,"3-axis:(1, 1, 1)",3-axis,0.9974777917723576,0.9974777917723577,1.1102230246251565e-16,-0.0001110099778791752,0.0,0.9974777917723576,1,1,0.6427090958230822,0.4479680770780412,0.27874106616363514,0.6986448800838679,0.6666666666666666,0.8663286872033874,8,8
cubic,1.5,score_iso,9,X1+Y1+Z2,"3-axis:(1, 1, 2)",3-axis,0.9711153591351174,0.49488232577413743,0.24617870777301148,1.9345013127542898,1.0,0.9047580112246126,3,3,0.4770800449977665,0.2805042977347862,0.2211776925006187,0.8887684152936973,0.8125,0.6814042793659736,8,8
cubic,1.5,q_only,10,X1+Y2+Z1,"3-axis:(1, 1, 2)",3-axis,0.39446945821900775,0.6202620233301224,0.2721752371499838,-0.8295852608584693,0.2708333333333333,0.9627834737827357,2,3,0.2674694247655413,0.3652127545753599,0.25300501562147065,-0.3863296131475487,0.4375,0.7865650933102133,6,8
cubic,1.5,xyz_only,6,X1+Y1+Z1,"3-axis:(1, 1, 1)",3-axis,0.9974777917723576,0.9974777917723577,1.1102230246251565e-16,-0.0001110099778791752,0.0,0.9974777917723576,1,1,0.6427090958230822,0.5457273213742876,0.2429100822603685,0.39924968756316725,0.5625,0.8532071237561677,8,8
cubic,2.0,score_q,6,X1+Y1+Z2,"3-axis:(1, 1, 2)",3-axis,0.9653618983253816,0.9779719886176604,0.010586493399302333,-1.1911489305721157,0.10416666666666667,0.9979072866289725,3,3,0.7264581511778102,0.5206667049202137,0.22322572975585087,0.9218984141378115,0.7708333333333334,0.8611904331894426,8,8
cubic,2.0,score_iso,10,X1+Y1+Z1,"3-axis:(1, 1, 1)",3-axis,0.9992603145541656,0.9992603145541655,1.1102230246251565e-16,0.0001110099778791752,0.0,0.9992603145541656,1,1,0.44363265979128175,0.2585730926990784,0.2282138277376182,0.810904268711355,0.8333333333333334,0.7272598904657848,8,8
cubic,2.0,q_only,9,X1+Y2+Z2,"3-axis:(1, 2, 2)",3-axis,0.5810197635885608,0.7677980940352619,0.12092264012099224,-1.5446100933478681,0.041666666666666664,0.9363454049053668,3,3,0.22518690777364267,0.4934324702973372,0.254332500182093,-1.0547042251013363,0.16666666666666666,0.879464771439711,6,8
cubic,2.0,xyz_only,10,X1+Y1+Z1,"3-axis:(1, 1, 1)",3-axis,0.9992603145541656,0.9992603145541655,1.1102230246251565e-16,0.0001110099778791752,0.0,0.9992603145541656,1,1,0.44363265979128175,0.26333541338643496,0.2066508986343937,0.8724725979680146,0.8541666666666666,0.7447480795463424,8,8
cubic,5.0,score_q,10,X1+Y1+Z1,"3-axis:(1, 1, 1)",3-axis,0.9999797597763765,0.9999797597763765,0.0,0.0,0.0,0.9999797597763765,1,1,0.551898514474736,0.3869005247516743,0.2188981087450912,0.7537661730757556,0.7708333333333334,0.7047566882833007,8,8
cubic,5.0,score_iso,9,X1+Y1+Z2,"3-axis:(1, 1, 2)",3-axis,0.999995065530882,0.562748125415078,0.2246620882745591,1.9462426592398585,1.0,0.9224246283429949,3,3,0.33048470651229855,0.30645864628409675,0.22379715127783698,0.10735641669659533,0.6041666666666666,0.6902306841820565,8,8
cubic,5.0,q_only,3,X1+Y2+Z1,"3-axis:(1, 1, 2)",3-axis,0.7311012275968227,0.8682981446318868,0.09813039404458736,-1.3981082861170213,0.0625,0.9960527649422173,3,3,0.4500881985467908,0.5065441263629684,0.2810409608103911,-0.20088149305063643,0.375,0.8472047964264632,8,8
cubic,5.0,xyz_only,9,X1+Y1+Z2,"3-axis:(1, 1, 2)",3-axis,0.999995065530882,0.5051689381225455,0.22293779258604735,2.219570408705508,1.0,0.9179668967484208,3,3,0.33048470651229855,0.2740992700053386,0.22344137128570013,0.2523500289237446,0.625,0.6339524254975035,8,8
cubic,10.0,score_q,6,X1+Y1+Z1,"3-axis:(1, 1, 1)",3-axis,0.9999942006259015,0.9999942006259016,1.1102230246251565e-16,-0.0001110099778791752,0.0,0.9999942006259015,1,1,0.5941835113612655,0.48404294421909394,0.27066644671264023,0.4069236082989558,0.6666666666666666,0.8582313910598215,8,8
cubic,10.0,score_iso,5,X1+Y1+Z2,"3-axis:(1, 1, 2)",3-axis,0.11050154567929665,0.573530775864607,0.2447902660665152,-1.8915344863328962,0.0,0.9303977184080593,3,3,0.07026852887003533,0.343777423539227,0.21469143332793925,-1.273962777313687,0.10416666666666667,0.7414051631765912,8,8
cubic,10.0,q_only,4,X1+Y2+Z2,"3-axis:(1, 2, 2)",3-axis,0.8568780180192713,0.921551242417844,0.049031523945760214,-1.3190131407866639,0.020833333333333332,0.995239770747854,3,3,0.5739832323088299,0.519728061270852,0.25789694294767085,0.21037539420843865,0.5416666666666666,0.8770633204711339,8,8
cubic,10.0,xyz_only,6,X1+Y1+Z1,"3-axis:(1, 1, 1)",3-axis,0.9999942006259015,0.9999942006259016,1.1102230246251565e-16,-0.0001110099778791752,0.0,0.9999942006259015,1,1,0.5941835113612655,0.3842835865596072,0.22020769952082153,0.9531906707052183,0.7916666666666666,0.7843409244105739,8,8
tet_1.05,0.0,score_q,8,X1,"1-axis:(1,)",1-axis,0.9989051587117911,0.5242644882264417,0.2433753957944519,1.9502409803342138,1.0,0.9318113921064822,3,3,0.739234951150504,0.3597620388357887,0.25547659014084106,1.4853529714954754,0.875,0.8583413341367038,6,6
tet_1.05,0.0,score_iso,8,X1,"1-axis:(1,)",1-axis,0.9989051587117911,0.5361824186142995,0.2203858178444622,2.0996030716548177,1.0,0.921412711734046,3,3,0.739234951150504,0.3046668999960998,0.22567876557707103,1.9256045203954744,0.9375,0.7302402236637319,6,6
tet_1.05,0.0,q_only,8,X1,"1-axis:(1,)",1-axis,0.9989051587117911,0.557059262446042,0.25855524776866967,1.7089032231106034,1.0,0.9797582010462255,3,3,0.739234951150504,0.36885781382825805,0.2635910219037808,1.4051204576157392,0.8958333333333334,0.8750760783256454,6,6
tet_1.05,0.0,xyz_only,8,X1,"1-axis:(1,)",1-axis,0.9989051587117911,0.4972883820933613,0.22797023961123833,2.2003607903893307,1.0,0.8295902026435612,3,3,0.739234951150504,0.32181903260331046,0.21499847887152546,1.9414831246070499,0.9375,0.7126658937502345,6,6
tet_1.05,1.0,score_q,9,Z1,"1-axis:(1,)",1-axis,0.9997069921123984,0.49416024540838416,0.2064214679165907,2.4490996590812095,1.0,0.834836361381198,3,3,0.7209605089699912,0.29842578717860074,0.22207305128229285,1.9026834609138317,0.9375,0.7658859423803764,6,6
tet_1.05,1.0,score_iso,9,Z1,"1-axis:(1,)",1-axis,0.9997069921123984,0.4983858058811211,0.21306423136272432,2.3529110588978517,1.0,0.8789210496871213,3,3,0.7209605089699912,0.32018835717709077,0.22311529918427758,1.7962558070035999,0.9166666666666666,0.8026100051086879,6,6
tet_1.05,1.0,q_only,10,X1+Y2+Z2,"3-axis:(1, 2, 2)",3-axis,0.5563418963301954,0.6159742271369657,0.21364898659928835,-0.2791135673315187,0.3333333333333333,0.8707521734399662,2,3,0.5103464061640108,0.37683096075694206,0.2507878454578152,0.5323840362470633,0.6458333333333334,0.7741891314714104,4,8
tet_1.05,1.0,xyz_only,9,Z1,"1-axis:(1,)",1-axis,0.9997069921123984,0.5278336585409549,0.22287512649180338,2.1172094930327736,1.0,0.8556550399976107,3,3,0.7209605089699912,0.36175514602810344,0.24783856668615173,1.4493521639645175,0.8541666666666666,0.7435508542363676,6,6
tet_1.05,1.5,score_q,9,X1+Y1+Z2,"3-axis:(1, 1, 2)",3-axis,0.9825224503232824,0.47109100122734143,0.22246877750832253,2.2988909042506407,1.0,0.8378330061560094,3,3,0.48213008744054375,0.20194405816172453,0.1831701689021403,1.5296488012028886,0.9375,0.5954990528211105,8,8
tet_1.05,1.5,score_iso,10,Z1,"1-axis:(1,)",1-axis,0.9996971735167448,0.4970569151127502,0.22864249722008548,2.1983676023183367,1.0,0.8515489924763429,3,3,0.7141699050004813,0.3228141741896144,0.20828539036557536,1.878939901267649,0.9583333333333334,0.6182717511369511,6,6
tet_1.05,1.5,q_only,9,X1+Y1+Z2,"3-axis:(1, 1, 2)",3-axis,0.9825224503232824,0.5206574054179783,0.2412062111929917,1.9148140614581688,0.9583333333333334,0.968879612912618,3,3,0.48213008744054375,0.2708962910935073,0.18662214434124452,1.1318795906645291,0.8541666666666666,0.6008713901576347,8,8
tet_1.05,1.5,xyz_only,10,Z1,"1-axis:(1,)",1-axis,0.9996971735167448,0.4751161955740007,0.1869858505008476,2.805458148490015,1.0,0.7684557874668897,3,3,0.7141699050004813,0.2744719939567068,0.20174492316755085,2.179474477662182,0.9583333333333334,0.5781030891486526,6,6
tet_1.05,2.0,score_q,9,X1+Y1+Z2,"3-axis:(1, 1, 2)",3-axis,0.9752632425702216,0.5474486650230728,0.24047928695996657,1.779008009187043,0.9375,0.9804600160177245,3,3,0.4437010429799006,0.28086616380417034,0.21920826423117415,0.7428318441647067,0.75,0.7107958919814654,8,8
tet_1.05,2.0,score_iso,9,X1+Y1+Z2,"3-axis:(1, 1, 2)",3-axis,0.9752632425702216,0.4977795746873193,0.2364295915992945,2.019559669544798,0.9791666666666666,0.9281658111350579,3,3,0.4437010429799006,0.26360887426692603,0.21643821077884431,0.8320719713219212,0.7916666666666666,0.6297012889336185,8,8
tet_1.05,2.0,q_only,4,X1+Y1+Z1,"3-axis:(1, 1, 1)",3-axis,0.9952516871294447,0.9952516871294447,0.0,0.0,0.0,0.9952516871294447,1,1,0.8302847894476936,0.4590070480819119,0.32143902326659307,1.155048747944641,0.8541666666666666,0.9374081731936871,8,8
tet_1.05,2.0,xyz_only,5,X1+Y1+Z1,"3-axis:(1, 1, 1)",3-axis,0.9989805678918722,0.9989805678918721,1.1102230246251565e-16,0.0001110099778791752,0.0,0.9989805678918722,1,1,0.6698745117302575,0.36644578021768287,0.23936362374645292,1.2676476348499608,0.8541666666666666,0.8052488920368635,8,8
tet_1.05,5.0,score_q,5,X1+Y2+Z2,"3-axis:(1, 2, 2)",3-axis,0.007501194522512903,0.6999483840723895,0.2971093338049532,-2.3306140560435065,0.020833333333333332,0.9967202338130476,3,3,0.005206361044344815,0.43642568559019806,0.30233746259924016,-1.4262847906348433,0.0,0.8990110710467084,8,8
tet_1.05,5.0,score_iso,9,X1+Y2+Z2,"3-axis:(1, 2, 2)",3-axis,0.999994697415476,0.5298937522142093,0.22337001435843518,2.1045839413557323,1.0,0.9342099191704938,3,3,0.330087791413386,0.2810368481612584,0.21361337003666897,0.22962487433945672,0.6458333333333334,0.7157755643939979,8,8
tet_1.05,5.0,q_only,5,X1+Y2+Z2,"3-axis:(1, 2, 2)",3-axis,0.007501194522512903,0.6702104165480568,0.26542049415378904,-2.496827624919809,0.0,0.9979512420330118,3,3,0.005206361044344815,0.45573217074375855,0.2684587693385773,-1.6781936787080227,0.0,0.917916050059774,8,8
tet_1.05,5.0,xyz_only,9,X1+Y2+Z2,"3-axis:(1, 2, 2)",3-axis,0.999994697415476,0.47221165737134424,0.23927080082903338,2.2057979419688727,1.0,0.9089378419597353,3,3,0.330087791413386,0.24668979340977204,0.19415038816735244,0.4295535990960655,0.7083333333333334,0.6335950197924574,8,8
tet_1.05,10.0,score_q,5,X1+Y1+Z2,"3-axis:(1, 1, 2)",3-axis,0.9215281478506835,0.9092009403717141,0.03732864072992176,0.3302345662095859,0.6458333333333334,0.9688198786765684,3,3,0.6432277147722195,0.36185079229252387,0.23756817347601936,1.18440495779168,0.8541666666666666,0.8361400707737674,8,8
tet_1.05,10.0,score_iso,7,X1+Y1+Z1,"3-axis:(1, 1, 1)",3-axis,0.9999772369718001,0.9999772369718,1.1102230246251565e-16,0.0001110099778791752,0.0,0.9999772369718001,1,1,0.39497208935785083,0.35890521766348055,0.2448070133906303,0.14732777135217226,0.6041666666666666,0.8125380512208285,8,8
tet_1.05,10.0,q_only,6,X1+Y2+Z2,"3-axis:(1, 2, 2)",3-axis,0.06644160174727141,0.6459734632564132,0.29646657743134375,-1.9547966132586938,0.0,0.9836716452817944,3,3,0.06208365697868274,0.3808328785146679,0.2573767110746941,-1.2384540163085755,0.08333333333333333,0.8140840703665199,8,8
tet_1.05,10.0,xyz_only,5,X1+Y1+Z2,"3-axis:(1, 1, 2)",3-axis,0.9215281478506835,0.9057249510503658,0.04198974595397329,0.3763584761209059,0.6458333333333334,0.9783881332767504,3,3,0.6432277147722195,0.3453937298654832,0.24653637334040265,1.208073197760141,0.8333333333333334,0.7593366969468791,8,8
tet_1.10,0.0,score_q,8,Y1,"1-axis:(1,)",1-axis,0.9989051587117911,0.5333063423636869,0.21040543057915773,2.212865015243634,1.0,0.8911478818861749,3,3,0.7392349511505361,0.329486682280169,0.2222234381091664,1.8438571212602515,0.9583333333333334,0.7128056323825493,6,6
tet_1.10,0.0,score_iso,8,Y1,"1-axis:(1,)",1-axis,0.9989051587117911,0.5067054134970855,0.25871070373753896,1.9025101710215202,1.0,0.9521426801911671,3,3,0.7392349511505361,0.34653963542160277,0.26593795864256753,1.4766425888650845,0.8541666666666666,0.8785748327945123,6,6
tet_1.10,0.0,q_only,8,Y1,"1-axis:(1,)",1-axis,0.9989051587117911,0.4735617543560873,0.21961037777507378,2.3921611067550335,1.0,0.8246466733885661,3,3,0.7392349511505361,0.333681277060085,0.2338498311159286,1.7342483086407183,0.9375,0.775904952991588,6,6
tet_1.10,0.0,xyz_only,8,Y1,"1-axis:(1,)",1-axis,0.9989051587117911,0.5371186675523952,0.22408843864637926,2.0607332263403966,1.0,0.9248184573772906,3,3,0.7392349511505361,0.33648527115850474,0.2450064149930172,1.643833203313742,0.8958333333333334,0.8010651651894235,6,6
tet_1.10,1.0,score_q,9,Z1,"1-axis:(1,)",1-axis,0.9997083096478405,0.5637751597488186,0.22047535534163137,1.977242078696536,1.0,0.9536705018135736,3,3,0.7206669958587667,0.31845219039665,0.20364277255368393,1.9750998300423868,0.9583333333333334,0.6643293693944516,6,6
tet_1.10,1.0,score_iso,9,Z1,"1-axis:(1,)",1-axis,0.9997083096478405,0.5277004521205239,0.24612367539894167,1.9177669793867727,1.0,0.9531032913669507,3,3,0.7206669958587667,0.3571573276751847,0.23353449943005625,1.5565566075640864,0.9583333333333334,0.7065813233679089,6,6
tet_1.10,1.0,q_only,10,X1+Y2+Z2,"3-axis:(1, 2, 2)",3-axis,0.4324144124451546,0.5206476300679735,0.2437363063491869,-0.36200276825418987,0.375,0.8445568976586441,2,3,0.4016934527589236,0.3177761213985716,0.2612115961705933,0.32126189108857794,0.625,0.7908971549945458,4,8
tet_1.10,1.0,xyz_only,9,Z1,"1-axis:(1,)",1-axis,0.9997083096478405,0.4965506510607116,0.24071094866316953,2.09029818285962,1.0,0.9332021297696105,3,3,0.7206669958587667,0.3404735107039542,0.21490625405104555,1.7691131737038142,0.9583333333333334,0.6913324282398815,6,6
tet_1.10,1.5,score_q,8,X1+Y2+Z2,"3-axis:(1, 2, 2)",3-axis,0.9510490040424048,0.49235338382049304,0.2271569494508618,2.019289400252827,0.9791666666666666,0.897512386828058,3,3,0.476341401246813,0.25728289338023824,0.18365976182288674,1.1927408904985528,0.8541666666666666,0.5834059565649528,8,8
tet_1.10,1.5,score_iso,10,Z1,"1-axis:(1,)",1-axis,0.9996957242136424,0.49501201076179874,0.22899256920376143,2.2039305258004402,1.0,0.8620924683902425,3,3,0.7138057189095288,0.3140693594010357,0.22953023889892746,1.74154116435514,0.9375,0.7077037634287933,6,6
tet_1.10,1.5,q_only,9,X1+Y2+Z2,"3-axis:(1, 2, 2)",3-axis,0.4420726227310378,0.6045630557197184,0.2811102048745321,-0.5780310716952693,0.3125,0.94157915877018,3,3,0.34675241940347723,0.3944070266563983,0.26120238496217274,-0.18244323174782642,0.4375,0.7784908187211247,8,8
tet_1.10,1.5,xyz_only,10,Z1,"1-axis:(1,)",1-axis,0.9996957242136424,0.5661547231470244,0.23490852537087256,1.8455737201546847,1.0,0.962577234191281,3,3,0.7138057189095288,0.33826120305467383,0.2260039119779363,1.6616726346305721,0.9375,0.7333382139105653,6,6
tet_1.10,2.0,score_q,5,X1+Y1+Z2,"3-axis:(1, 1, 2)",3-axis,0.9141520549086667,0.8889000380601805,0.04465490832323964,0.5654925246992138,0.7083333333333334,0.9615034719305442,3,3,0.6738229771142311,0.3868674496538344,0.25264594702116927,1.1358010324037253,0.8333333333333334,0.8431000707266079,8,8
tet_1.10,2.0,score_iso,7,X1+Y2+Z2,"3-axis:(1, 2, 2)",3-axis,0.40379139169250783,0.509646166013081,0.20894319715667534,-0.5066198649228656,0.375,0.8494308241288498,3,3,0.4302786796386779,0.2853182981205132,0.1951173927152007,0.74293931207358,0.7708333333333334,0.624696381797462,8,8
tet_1.10,2.0,q_only,3,X1+Y1+Z1,"3-axis:(1, 1, 1)",3-axis,0.995598348262376,0.9955983482623761,1.1443916996305594e-16,-0.00011100959861619209,0.020833333333333332,0.995598348262376,1,1,0.8306803133132935,0.3555451913910324,0.2670948661145907,1.778900241821334,0.9375,0.8163262471456864,8,8
tet_1.10,2.0,xyz_only,5,X1+Y1+Z2,"3-axis:(1, 1, 2)",3-axis,0.9141520549086667,0.9103975555972085,0.051686193084512666,0.07264027561957506,0.4166666666666667,0.9898637842609853,3,3,0.6738229771142311,0.4432338807925662,0.2955788121158886,0.7801272854106909,0.6875,0.8826085587520043,8,8
tet_1.10,5.0,score_q,5,X1+Y2+Z2,"3-axis:(1, 2, 2)",3-axis,0.2745665027332187,0.5271999507369605,0.2590223361376294,-0.9753346053852735,0.20833333333333334,0.9799643492581347,3,3,0.3107966176985109,0.2593531702018379,0.20108291941394119,0.2558320102291621,0.6041666666666666,0.6530244278840985,8,8
tet_1.10,5.0,score_iso,7,X1+Y2+Z2,"3-axis:(1, 2, 2)",3-axis,0.38814468740597174,0.5453932699546307,0.2125309165548096,-0.7398856839135034,0.3333333333333333,0.9128477901245724,3,3,0.4072946840595648,0.25993103583014526,0.1963624131335887,0.7504676983594364,0.8333333333333334,0.6988794631539386,8,8
tet_1.10,5.0,q_only,9,X1+Y2+Z2,"3-axis:(1, 2, 2)",3-axis,0.42670612707698197,0.5986426699014333,0.285018370466041,-0.6032472311967477,0.3125,0.9665439093188847,3,3,0.27539605369903425,0.35700069990606,0.27073456708994964,-0.30141938313924926,0.5208333333333334,0.7779899816658733,8,8
tet_1.10,5.0,xyz_only,5,X1+Y2+Z2,"3-axis:(1, 2, 2)",3-axis,0.2745665027332187,0.5381093612870581,0.24542716996557254,-1.0738128895416683,0.20833333333333334,0.9399326869802622,3,3,0.3107966176985109,0.2867769981195504,0.22715595853199005,0.10574065384013313,0.5833333333333334,0.7373249821451239,8,8
tet_1.10,10.0,score_q,9,X1+Y1+Z1,"3-axis:(1, 1, 1)",3-axis,0.999996788939172,0.999996788939172,0.0,0.0,0.0,0.999996788939172,1,1,0.3160947052034686,0.3272554061194194,0.23981356331585474,-0.0465390729431123,0.5625,0.7586795300070432,8,8
tet_1.10,10.0,score_iso,9,X1+Y1+Z1,"3-axis:(1, 1, 1)",3-axis,0.999996788939172,0.999996788939172,0.0,0.0,0.0,0.999996788939172,1,1,0.3160947052034686,0.29391134373404076,0.20430689572454377,0.10857862330416845,0.5833333333333334,0.6410412100947136,8,8
tet_1.10,10.0,q_only,3,X1+Y2+Z2,"3-axis:(1, 2, 2)",3-axis,0.0641775783967229,0.597349091373394,0.34625854803713096,-1.5398075108833322,0.125,0.9833903408612086,3,3,0.07391924735523746,0.3619171105067877,0.31468170141160523,-0.9152037181022242,0.25,0.9086116912093523,8,8
tet_1.10,10.0,xyz_only,9,X1+Y1+Z1,"3-axis:(1, 1, 1)",3-axis,0.999996788939172,0.999996788939172,0.0,0.0,0.0,0.999996788939172,1,1,0.3160947052034686,0.312411253493407,0.1996786468703108,0.01844689839287393,0.625,0.6148048812678164,8,8
ortho_1.05_1.20,0.0,score_q,8,Z1,"1-axis:(1,)",1-axis,0.9989051587117912,0.5113286987085864,0.22869322754314417,2.132010926773461,1.0,0.819566688095597,3,3,0.7392349511505165,0.2718905884603478,0.21228550568280868,2.201489739889546,0.9791666666666666,0.7028042252146618,6,6
ortho_1.05_1.20,0.0,score_iso,8,Z1,"1-axis:(1,)",1-axis,0.9989051587117912,0.5585983653728891,0.2158245408170256,2.0401145841433794,1.0,0.9022478002760417,3,3,0.7392349511505165,0.3161264219067223,0.2389883960928224,1.7704145312464863,0.9375,0.7548767417725659,6,6
ortho_1.05_1.20,0.0,q_only,8,Z1,"1-axis:(1,)",1-axis,0.9989051587117912,0.5318942449179049,0.21480556397290823,2.174109949268412,1.0,0.89319468688348,3,3,0.7392349511505165,0.34923382675536235,0.21434667169721686,1.8194876612977917,0.9166666666666666,0.7482103870456633,6,6
ortho_1.05_1.20,0.0,xyz_only,8,Z1,"1-axis:(1,)",1-axis,0.9989051587117912,0.5137921547122394,0.27084676620516723,1.791097640908462,1.0,0.9274022653222932,3,3,0.7392349511505165,0.37104602550803917,0.2644768135185425,1.392140659677418,0.875,0.8913090483092282,6,6
ortho_1.05_1.20,1.0,score_q,9,Z1,"1-axis:(1,)",1-axis,0.9997115494962624,0.5881677629875987,0.258483804271317,1.5921453480121932,1.0,0.9254380308593738,3,3,0.7198061545160266,0.3917424663033125,0.25892763099809446,1.2670091907412595,0.8541666666666666,0.84290953122161,6,6
ortho_1.05_1.20,1.0,score_iso,9,Z1,"1-axis:(1,)",1-axis,0.9997115494962624,0.4684699515484385,0.2486782964906062,2.1362604032706782,1.0,0.9265818532750104,3,3,0.7198061545160266,0.25619142685918456,0.22607177292026273,2.050741327261196,0.9375,0.7350678369613252,6,6
ortho_1.05_1.20,1.0,q_only,7,Z1,"1-axis:(1,)",1-axis,0.995872807453551,0.9958728074535511,1.1102230246251565e-16,-0.0001110099778791752,0.0,0.995872807453551,1,3,0.8570148355866881,0.6565056503909424,0.3075057377253686,0.6520502240974999,0.5833333333333334,0.9890081645518866,2,6
ortho_1.05_1.20,1.0,xyz_only,9,Z1,"1-axis:(1,)",1-axis,0.9997115494962624,0.5553693496389843,0.20228502504709864,2.196614404608665,1.0,0.8850073587263084,3,3,0.7198061545160266,0.4010113561716822,0.226090528502548,1.4100316384520353,0.9166666666666666,0.749851729383942,6,6
ortho_1.05_1.20,1.5,score_q,9,X1+Y2+Z1,"3-axis:(1, 1, 2)",3-axis,0.954393049959439,0.5516553422011264,0.2386070329207326,1.687870230926587,0.9583333333333334,0.9353323497530458,3,3,0.4808751593477624,0.31591980036357087,0.24202158039333865,0.6815729354193167,0.7916666666666666,0.778196854579245,8,8
ortho_1.05_1.20,1.5,score_iso,10,Z1,"1-axis:(1,)",1-axis,0.9996905356799713,0.5379040671823844,0.2375021595761626,1.9443463980274087,1.0,0.9260791879102135,3,3,0.7127499870657316,0.31699305580257564,0.19965292605653126,1.982224548760763,0.9583333333333334,0.6978457840933836,6,6
ortho_1.05_1.20,1.5,q_only,9,X1+Y2+Z1,"3-axis:(1, 1, 2)",3-axis,0.954393049959439,0.5207029657942726,0.2352082794932445,1.8438555185969918,0.9375,0.9552778657611052,3,3,0.4808751593477624,0.3243906515397259,0.2240471096731183,0.6984446620875709,0.7708333333333334,0.7923190368190077,8,8
ortho_1.05_1.20,1.5,xyz_only,10,Z1,"1-axis:(1,)",1-axis,0.9996905356799713,0.5304495954836675,0.24269586338522778,1.9334525675435625,1.0,0.9516012462953397,3,3,0.7127499870657316,0.38766917424152153,0.23159024003463505,1.403689606151751,0.8958333333333334,0.7451766908129102,6,6
ortho_1.05_1.20,2.0,score_q,9,X1+Y1+Z1,"3-axis:(1, 1, 1)",3-axis,0.9975197280623082,0.9975197280623082,0.0,0.0,0.0,0.9975197280623082,1,1,0.4440658868237497,0.2804646085502307,0.22415012001700196,0.7298737036606531,0.7916666666666666,0.7925923434580695,8,8
ortho_1.05_1.20,2.0,score_iso,10,X1+Y1+Z2,"3-axis:(1, 1, 2)",3-axis,0.9998771812534633,0.5840809043732695,0.22807468538626574,1.8230707023630477,1.0,0.9563895509593989,3,3,0.3542796039249231,0.2897051484033551,0.20829267635397508,0.3100178875781468,0.6666666666666666,0.6442569194618334,8,8
ortho_1.05_1.20,2.0,q_only,9,X1+Y1+Z1,"3-axis:(1, 1, 1)",3-axis,0.9975197280623082,0.9975197280623082,0.0,0.0,0.0,0.9975197280623082,1,1,0.4440658868237497,0.3234643011059745,0.1958528351586535,0.6157765631498993,0.6458333333333334,0.6194653527571555,8,8
ortho_1.05_1.20,2.0,xyz_only,10,X1+Y1+Z2,"3-axis:(1, 1, 2)",3-axis,0.9998771812534633,0.5144668074367299,0.22957519149030994,2.114385141807047,1.0,0.9297558903472389,3,3,0.3542796039249231,0.2924689440444972,0.223714575191597,0.27629250274468165,0.7291666666666666,0.7519404712832592,8,8
ortho_1.05_1.20,5.0,score_q,5,X1+Y2+Z2,"3-axis:(1, 2, 2)",3-axis,0.38719113451933956,0.5383000256226432,0.23311571946704912,-0.6482140777469735,0.3333333333333333,0.9679955933503284,3,3,0.4051952570681061,0.28138213876715534,0.16980152780600216,0.7291637472289283,0.6875,0.49674554723019476,8,8
ortho_1.05_1.20,5.0,score_iso,8,X1+Y1+Z1,"3-axis:(1, 1, 1)",3-axis,0.999922445206818,0.999922445206818,0.0,0.0,0.0,0.999922445206818,1,1,0.40667117908473516,0.21377417377714256,0.16640953829195507,1.1591703653910015,0.875,0.5775055096057581,8,8
ortho_1.05_1.20,5.0,q_only,2,X1+Y2+Z2,"3-axis:(1, 2, 2)",3-axis,0.38636577268452316,0.5460324720176815,0.2337888706208952,-0.6829525242516181,0.2916666666666667,0.8922476969338332,3,3,0.5000415109994921,0.3223220155476681,0.21696069054284076,0.8191322354586286,0.7916666666666666,0.6977042978141803,8,8
ortho_1.05_1.20,5.0,xyz_only,5,X1+Y2+Z2,"3-axis:(1, 2, 2)",3-axis,0.38719113451933956,0.5050891936391256,0.24078836994285183,-0.4896335281777857,0.3125,0.9118735634792502,3,3,0.4051952570681061,0.29330770561355474,0.2205717570984899,0.5072614596078318,0.7083333333333334,0.703585233876103,8,8
ortho_1.05_1.20,10.0,score_q,10,X1+Y1+Z1,"3-axis:(1, 1, 1)",3-axis,0.9999969846618145,0.9999969846618145,0.0,0.0,0.0,0.9999969846618145,1,1,0.3154434072325587,0.26565237492986765,0.1926539383839166,0.2584480375543121,0.6666666666666666,0.6415551955997592,8,8
ortho_1.05_1.20,10.0,score_iso,10,X1+Y1+Z1,"3-axis:(1, 1, 1)",3-axis,0.9999969846618145,0.9999969846618145,0.0,0.0,0.0,0.9999969846618145,1,1,0.3154434072325587,0.24641784482563167,0.18025972357182415,0.3829228240164309,0.6458333333333334,0.5066367167570156,8,8
ortho_1.05_1.20,10.0,q_only,2,X1+Y1+Z1,"3-axis:(1, 1, 1)",3-axis,0.9998557581085238,0.9998557581085238,0.0,0.0,0.0,0.9998557581085238,1,1,0.49147769917484563,0.2535691554236949,0.2207118709395457,1.0779145803862873,0.875,0.7912638204639356,8,8
ortho_1.05_1.20,10.0,xyz_only,10,X1+Y1+Z1,"3-axis:(1, 1, 1)",3-axis,0.9999969846618145,0.9999969846618145,0.0,0.0,0.0,0.9999969846618145,1,1,0.3154434072325587,0.2552974542691298,0.1748294966997845,0.344026346231305,0.6666666666666666,0.560077834646812,8,8
tet_1.20,0.0,score_q,8,Y1,"1-axis:(1,)",1-axis,0.998905158711791,0.5250863014350576,0.24798576588318022,1.91066957245452,1.0,0.9406485165350467,3,3,0.7392349511505194,0.2833604810361762,0.22889483685708784,1.991632823054808,0.9375,0.7404455627250125,6,6
tet_1.20,0.0,score_iso,8,Y1,"1-axis:(1,)",1-axis,0.998905158711791,0.4976726780390252,0.24381186877497799,2.0558165736111635,1.0,0.8777313805111596,3,3,0.7392349511505194,0.3248215968765324,0.23362662118886893,1.7738276235959953,0.8958333333333334,0.806768703533113,6,6
tet_1.20,0.0,q_only,8,Y1,"1-axis:(1,)",1-axis,0.998905158711791,0.47479107899078804,0.24416612157392165,2.1465470981000943,1.0,0.9097270717004811,3,3,0.7392349511505194,0.3235988617430575,0.24525565959082227,1.6947053947672517,0.9375,0.7759098232487164,6,6
tet_1.20,0.0,xyz_only,8,Y1,"1-axis:(1,)",1-axis,0.998905158711791,0.572274702773521,0.2718901725611333,1.5691279016006912,1.0,0.9734685617180961,3,3,0.7392349511505194,0.34947721488902417,0.2637002073414817,1.4780334842713865,0.875,0.8186595851739056,6,6
tet_1.20,1.0,score_q,9,Z1,"1-axis:(1,)",1-axis,0.9997113933103344,0.5251270406502361,0.2546858987840233,1.8634104005133327,1.0,0.9286544830675505,3,3,0.7199941879536528,0.3862645313107853,0.2558335074024382,1.3044798550042567,0.8541666666666666,0.7734984592878061,6,6
tet_1.20,1.0,score_iso,9,Z1,"1-axis:(1,)",1-axis,0.9997113933103344,0.5689624316687968,0.22578132512188825,1.9078148354700708,1.0,0.9606520372612826,3,3,0.7199941879536528,0.33435201575911555,0.2203692108998906,1.7499820896848286,0.9375,0.7209140859030032,6,6
tet_1.20,1.0,q_only,7,Z1,"1-axis:(1,)",1-axis,0.9960060809613706,0.9960060809613706,0.0,0.0,0.0,0.9960060809613706,1,3,0.8570722956942388,0.6119955028613459,0.30668986887266236,0.799102995260172,0.6875,0.9946068362342095,2,6
tet_1.20,1.0,xyz_only,9,Z1,"1-axis:(1,)",1-axis,0.9997113933103344,0.4650787150055433,0.22831693218275478,2.3416251838672495,1.0,0.8104202827352496,3,3,0.7199941879536528,0.2924855490987639,0.19291075245169106,2.2160954400907746,1.0,0.6819143430699703,6,6
tet_1.20,1.5,score_q,8,X1+Y1+Z2,"3-axis:(1, 1, 2)",3-axis,0.9458163508661257,0.5326526759294853,0.22633623451565704,1.8254420279587797,0.9791666666666666,0.9031027337313489,3,3,0.46632778608929787,0.32956367336366027,0.22011383728315387,0.6213335536424421,0.7708333333333334,0.7517217692340832,8,8
tet_1.20,1.5,score_iso,9,Z1,"1-axis:(1,)",1-axis,0.9996937115466817,0.53957502851275,0.23417317920330502,1.9648649969111107,1.0,0.942110643213642,3,3,0.712966504508624,0.278778082336645,0.23275399852881729,1.8654391542766844,0.9375,0.7518293463952558,6,6
tet_1.20,1.5,q_only,10,X1+Y2+Z2,"3-axis:(1, 2, 2)",3-axis,0.394620312646833,0.6423575061172228,0.30490326704099546,-0.8125107870237022,0.22916666666666666,0.956177990572726,3,3,0.31610769994007476,0.4000710959466572,0.2872324284849677,-0.29231865095860626,0.4583333333333333,0.8685382630956258,8,8
tet_1.20,1.5,xyz_only,9,Z1,"1-axis:(1,)",1-axis,0.9996937115466817,0.5121407322137516,0.21828759868732375,2.233534943178655,1.0,0.9138914705170248,3,3,0.712966504508624,0.33578909654052097,0.22437639513552193,1.681003065133519,0.9166666666666666,0.765267986519176,6,6
tet_1.20,2.0,score_q,5,X1+Y1+Z2,"3-axis:(1, 1, 2)",3-axis,0.9758386158404898,0.9684352916498623,0.015848694971976558,0.46712516098333856,0.6666666666666666,0.9958255279090704,3,3,0.6851248343104186,0.3794595580944566,0.2864321820975936,1.0671471130668837,0.8125,0.8646797102580245,8,8
tet_1.20,2.0,score_iso,10,X1+Y2+Z1,"3-axis:(1, 1, 2)",3-axis,0.9998661885093499,0.5573625260389777,0.24474407665496087,1.8080260348543753,1.0,0.9595740975285267,3,3,0.35476098731945194,0.27039035478302403,0.22275114008464802,0.3787663331554097,0.7083333333333334,0.7336591358361296,8,8
tet_1.20,2.0,q_only,4,X1+Y1+Z2,"3-axis:(1, 1, 2)",3-axis,0.973752818868262,0.9656439472623407,0.013902783523350896,0.5832552590435248,0.6666666666666666,0.9881235384256654,3,3,0.8302397828882903,0.40405680977917346,0.29168910500441153,1.4610863614573815,0.875,0.8695355957638439,8,8
tet_1.20,2.0,xyz_only,10,X1+Y2+Z1,"3-axis:(1, 1, 2)",3-axis,0.9998661885093499,0.6007609681482291,0.2355966342293389,1.6940191937161644,1.0,0.9154933579991593,3,3,0.35476098731945194,0.30396474709090565,0.22175332766098582,0.22906641701437727,0.6666666666666666,0.7645026923872585,8,8
tet_1.20,5.0,score_q,6,X1+Y1+Z2,"3-axis:(1, 1, 2)",3-axis,0.9413894474715254,0.9368593212069548,0.03335551045400456,0.13581342940866084,0.625,0.9961167142796181,3,3,0.6576774231713082,0.4767699016937938,0.26025239280302936,0.6951233743842584,0.7916666666666666,0.9114739356669098,8,8
tet_1.20,5.0,score_iso,10,X1+Y1+Z2,"3-axis:(1, 1, 2)",3-axis,0.9999881564569009,0.5727608924754898,0.2546074502409573,1.6779841421584898,1.0,0.9637355126828451,3,3,0.3290500710005141,0.2539293279925496,0.19399644406522842,0.38722742248986297,0.7291666666666666,0.641631073668238,8,8
tet_1.20,5.0,q_only,5,X1+Y2+Z2,"3-axis:(1, 2, 2)",3-axis,0.05882110441816839,0.6308381573990539,0.2865336372980407,-1.9963347353312668,0.041666666666666664,0.977878671681877,3,3,0.05084284906093398,0.42920614198694756,0.27340403556947324,-1.38389798137594,0.08333333333333333,0.906232921260867,8,8
tet_1.20,5.0,xyz_only,10,X1+Y1+Z2,"3-axis:(1, 1, 2)",3-axis,0.9999881564569009,0.5315532608453268,0.2392527486660366,1.9579081043849813,1.0,0.9244080462930896,3,3,0.3290500710005141,0.2535998689839794,0.17698659758360455,0.42630460750265214,0.6875,0.6002464076587859,8,8
tet_1.20,10.0,score_q,5,X1+Y1+Z2,"3-axis:(1, 1, 2)",3-axis,0.9349655141759418,0.9322968348167784,0.03818684473724584,0.06988478303080566,0.5208333333333334,0.9899859033690942,3,3,0.6452661502768615,0.34261910410554525,0.24912929402272443,1.214819185986596,0.875,0.721011184874903,8,8
tet_1.20,10.0,score_iso,10,X1+Y1+Z2,"3-axis:(1, 1, 2)",3-axis,0.9999960058753249,0.5042349169651592,0.22334579018158404,2.2197019630631205,1.0,0.9059247377621157,3,3,0.31569099478593643,0.2786042204176233,0.2012168021713587,0.18431251251346933,0.6875,0.7149260724682759,8,8
tet_1.20,10.0,q_only,6,X1+Y2+Z1,"3-axis:(1, 1, 2)",3-axis,0.059580139931640914,0.6518658494657517,0.31723655781035437,-1.867015937949734,0.0,0.9891760951246672,3,3,0.05347050482498992,0.41627567002968147,0.2731643939473893,-1.3281568653974671,0.0625,0.8690183365139765,8,8
tet_1.20,10.0,xyz_only,10,X1+Y1+Z2,"3-axis:(1, 1, 2)",3-axis,0.9999960058753249,0.4270559131196822,0.20290964760764207,2.82362174252399,1.0,0.814449435312916,3,3,0.31569099478593643,0.2345435240586533,0.16595363633882337,0.4889767559001683,0.7291666666666666,0.5078059112740609,8,8
ortho_1.10_1.30,0.0,score_q,9,Y1,"1-axis:(1,)",1-axis,0.9989051587117925,0.47353833108852106,0.20916938433030247,2.5116812831037705,1.0,0.8910790244912193,3,3,0.7392349511505758,0.29137568799259733,0.19777007553801,2.264545138779798,0.9583333333333334,0.6857497476257081,6,6
ortho_1.10_1.30,0.0,score_iso,9,Y1,"1-axis:(1,)",1-axis,0.9989051587117925,0.531872289915574,0.22611046273848587,2.065507553864557,1.0,0.8936727685084961,3,3,0.7392349511505758,0.36004221773881717,0.2366066229991799,1.6026294133426278,0.9375,0.773813249742845,6,6
ortho_1.10_1.30,0.0,q_only,9,Y1,"1-axis:(1,)",1-axis,0.9989051587117925,0.5648097145045767,0.258994149442802,1.6760820471792481,1.0,0.9473454894851865,3,3,0.7392349511505758,0.3696829007668583,0.26211322091210926,1.409894735932547,0.8125,0.8360629447089982,6,6
ortho_1.10_1.30,0.0,xyz_only,9,Y1,"1-axis:(1,)",1-axis,0.9989051587117925,0.5467795463515391,0.26350095248003197,1.7158405239267571,1.0,0.9335891013151937,3,3,0.7392349511505758,0.3179622526217663,0.26321815536605825,1.600469762206729,0.8958333333333334,0.8022695117914667,6,6
ortho_1.10_1.30,1.0,score_q,9,Z1,"1-axis:(1,)",1-axis,0.9997146108016559,0.46138986227241324,0.22842869110047004,2.356642442477219,1.0,0.7991041480148041,3,3,0.7188908430978157,0.2951519425534934,0.23230234801777436,1.8240835882987987,0.9375,0.7563403910037406,6,6
ortho_1.10_1.30,1.0,score_iso,9,Z1,"1-axis:(1,)",1-axis,0.9997146108016559,0.5233584999647848,0.2279927600996618,2.0893475329065434,1.0,0.9258015929009762,3,3,0.7188908430978157,0.33992786301033123,0.21333502298088586,1.7763748998665914,0.9375,0.7301270456013158,6,6
ortho_1.10_1.30,1.0,q_only,7,Z1,"1-axis:(1,)",1-axis,0.9963492514492596,0.9963492514492597,1.1102230246251565e-16,-0.0001110099778791752,0.0,0.9963492514492596,1,3,0.8568460445745564,0.6982085993082906,0.2728359988022282,0.5814388349122381,0.6666666666666666,0.9948008764140647,2,6
ortho_1.10_1.30,1.0,xyz_only,9,Z1,"1-axis:(1,)",1-axis,0.9997146108016559,0.5823854964888414,0.23837676597745044,1.750712208045232,1.0,0.9597241592536699,3,3,0.7188908430978157,0.38259663968912094,0.26642051444470716,1.2622684259444552,0.8333333333333334,0.8604649208056416,6,6
ortho_1.10_1.30,1.5,score_q,9,X1+Y1+Z1,"3-axis:(1, 1, 1)",3-axis,0.9952794812805343,0.9952794812805345,1.1102230246251565e-16,-0.0001110099778791752,0.0,0.9952794812805343,1,1,0.47579106209639,0.3085352260168355,0.2116530843427668,0.7902357605519119,0.7916666666666666,0.7076786324024098,8,8
ortho_1.10_1.30,1.5,score_iso,10,Z1,"1-axis:(1,)",1-axis,0.9996855039838951,0.5727308904487299,0.23728017334792234,1.7993691066102058,1.0,0.9011116308243255,3,3,0.7116354227626274,0.3510016466735637,0.24085695352180592,1.4972944347854025,0.8958333333333334,0.7869256338181565,6,6
ortho_1.10_1.30,1.5,q_only,9,X1+Y1+Z1,"3-axis:(1, 1, 1)",3-axis,0.9952794812805343,0.9952794812805345,1.1102230246251565e-16,-0.0001110099778791752,0.0,0.9952794812805343,1,1,0.47579106209639,0.28148811176128025,0.1947886136701327,0.9975067159888364,0.8541666666666666,0.6119498330527564,8,8
ortho_1.10_1.30,1.5,xyz_only,10,Z1,"1-axis:(1,)",1-axis,0.9996855039838951,0.5262173409068666,0.24271320058970428,1.9507309941310296,1.0,0.9252245486635488,3,3,0.7116354227626274,0.3304615576352463,0.2389650482144397,1.5951029992626056,0.8958333333333334,0.7742710794465688,6,6
ortho_1.10_1.30,2.0,score_q,9,X1+Y2+Z1,"3-axis:(1, 1, 2)",3-axis,0.9336730446447707,0.48580530052481147,0.25605259951794457,1.7491239884359109,0.8958333333333334,0.9699781276067895,3,3,0.43685540305337534,0.2546432649237093,0.16905997261424405,1.077795857357403,0.8541666666666666,0.49530091395922077,8,8
ortho_1.10_1.30,2.0,score_iso,10,X1+Y2+Z2,"3-axis:(1, 2, 2)",3-axis,0.9998868716002308,0.5362587033756087,0.24151902910060247,1.9196341172338127,1.0,0.916422886189575,3,3,0.3530106976356889,0.2903176896768374,0.20332993326287238,0.3083314244612047,0.6666666666666666,0.6461997627906978,8,8
ortho_1.10_1.30,2.0,q_only,9,X1+Y2+Z1,"3-axis:(1, 1, 2)",3-axis,0.9336730446447707,0.5041176144300046,0.23408105668251575,1.8350713052168819,0.9166666666666666,0.9565682590889836,3,3,0.43685540305337534,0.264883623086358,0.17995162258804404,0.9556556228434223,0.8125,0.5297562067350923,8,8
ortho_1.10_1.30,2.0,xyz_only,10,X1+Y2+Z2,"3-axis:(1, 2, 2)",3-axis,0.9998868716002308,0.4883391083177055,0.2061724589802248,2.481164389318894,1.0,0.8789557523266415,3,3,0.3530106976356889,0.25555000291153823,0.16619964604068266,0.586407354319561,0.7291666666666666,0.5252097719788755,8,8
ortho_1.10_1.30,5.0,score_q,10,X1+Y2+Z1,"3-axis:(1, 1, 2)",3-axis,0.999984809834908,0.5135328343805727,0.23651434422244177,2.056754642309434,1.0,0.9689609844578089,3,3,0.32770201378934855,0.25675852544706196,0.16860726807472734,0.42076174504187697,0.6458333333333334,0.5073519829666067,8,8
ortho_1.10_1.30,5.0,score_iso,10,X1+Y2+Z1,"3-axis:(1, 1, 2)",3-axis,0.999984809834908,0.48097813152135593,0.24328045377322283,2.133367766549868,1.0,0.9084595690391437,3,3,0.32770201378934855,0.2210483596281394,0.16642353903970988,0.6408567848994001,0.75,0.49210825070537423,8,8
ortho_1.10_1.30,5.0,q_only,2,X1+Y2+Z2,"3-axis:(1, 2, 2)",3-axis,0.3855153553946526,0.5453290185743752,0.2353519905764622,-0.679041051607858,0.2916666666666667,0.9151367425936838,3,3,0.49906092927903056,0.2938439772012817,0.19178615749943548,1.0700300519722488,0.8541666666666666,0.5830529909937876,8,8
ortho_1.10_1.30,5.0,xyz_only,10,X1+Y2+Z1,"3-axis:(1, 1, 2)",3-axis,0.999984809834908,0.5595244188776999,0.24571619119106486,1.79255745753002,1.0,0.9589731355071432,3,3,0.32770201378934855,0.2986700987553527,0.21934044018325236,0.13236006552010277,0.5416666666666666,0.6534096732366416,8,8
ortho_1.10_1.30,10.0,score_q,5,X1+Y2+Z2,"3-axis:(1, 2, 2)",3-axis,0.37938928557184626,0.49433323269283996,0.23200502262514322,-0.4954373220885666,0.3541666666666667,0.9254944200609606,3,3,0.3929005193652469,0.281879873664906,0.22103916583646857,0.502266850671953,0.75,0.7312315424143307,8,8
ortho_1.10_1.30,10.0,score_iso,8,X1+Y2+Z1,"3-axis:(1, 1, 2)",3-axis,0.37975098933034657,0.5774530688607601,0.24591822322935838,-0.8039342385180643,0.22916666666666666,0.9455832259437736,3,3,0.39418747496719936,0.26695662960428423,0.21399873204818592,0.594540183227217,0.7291666666666666,0.6916461146455299,8,8
ortho_1.10_1.30,10.0,q_only,2,X1+Y1+Z2,"3-axis:(1, 1, 2)",3-axis,0.3788060067624093,0.5525982675274416,0.24486505850966,-0.7097470820136078,0.3333333333333333,0.9443152525444021,3,3,0.4908822051156904,0.27922556361183964,0.22951015559394466,0.9222103525449087,0.8541666666666666,0.7631102808956185,8,8
ortho_1.10_1.30,10.0,xyz_only,5,X1+Y2+Z2,"3-axis:(1, 2, 2)",3-axis,0.37938928557184626,0.5076725811593946,0.23159808986882433,-0.553904808367173,0.375,0.918247441631278,3,3,0.3929005193652469,0.2826494412806673,0.20713260731318214,0.5322729217488626,0.7083333333333334,0.6739770258347189,8,8
tet_1.35,0.0,score_q,9,Z1,"1-axis:(1,)",1-axis,0.9989051587117912,0.4783460517481495,0.24143827165609788,2.1560753537159365,1.0,0.8756831826354479,3,3,0.7392349511505009,0.31760305934205807,0.22959315892873147,1.8364305529568765,0.9166666666666666,0.78729700440957,6,6
tet_1.35,0.0,score_iso,9,Z1,"1-axis:(1,)",1-axis,0.9989051587117912,0.6164125144713215,0.21457670762676653,1.7825450323526848,1.0,0.9568753913615425,3,3,0.7392349511505009,0.39291401813876764,0.2478287457561385,1.3974203515160941,0.875,0.8586577195139382,6,6
tet_1.35,0.0,q_only,9,Z1,"1-axis:(1,)",1-axis,0.9989051587117912,0.48352072774840177,0.23200110255163692,2.2214740589280515,1.0,0.8765071151488903,3,3,0.7392349511505009,0.30553887161750254,0.20008237647545674,2.1675876065178104,0.9791666666666666,0.6398635510008261,6,6
tet_1.35,0.0,xyz_only,9,Z1,"1-axis:(1,)",1-axis,0.9989051587117912,0.5125835477885293,0.2339893387471545,2.0783921760071964,1.0,0.893936532614849,3,3,0.7392349511505009,0.3608387691815716,0.2341786891980986,1.6158437954497944,0.9166666666666666,0.8503714958965591,6,6
tet_1.35,1.0,score_q,10,Y1+Z1,"2-axis:(1, 1)",2-axis,0.9978040384710869,0.995782473484427,0.0021642518664104476,0.9340710372488515,0.75,0.998570052194313,2,3,0.5679955650037193,0.35013279756960664,0.29791846453199605,0.7312831978226821,0.7291666666666666,0.8671437523407015,16,12
tet_1.35,1.0,score_iso,9,Z1,"1-axis:(1,)",1-axis,0.9997168982793375,0.5506552901079549,0.2455288924247605,1.8289562736783143,1.0,0.9385785087917806,3,3,0.7187950578362735,0.31914338298127704,0.2465007036522748,1.6213003408588325,0.9375,0.7482809379552017,6,6
tet_1.35,1.0,q_only,8,Z1,"1-axis:(1,)",1-axis,0.996817244262259,0.996817244262259,0.0,0.0,0.0,0.996817244262259,1,3,0.8568691492558425,0.6112992281210067,0.28035242001275146,0.8759329458357822,0.75,0.976922137048677,2,6
tet_1.35,1.0,xyz_only,9,Z1,"1-axis:(1,)",1-axis,0.9997168982793375,0.5406516980077394,0.2281347628948374,2.012254486972684,1.0,0.8624370811210073,3,3,0.7187950578362735,0.2990309584567963,0.18076674112905053,2.322131254650892,1.0,0.5998358960373229,6,6
tet_1.35,1.5,score_q,10,X1+Y2+Z2,"3-axis:(1, 2, 2)",3-axis,0.061877012730574284,0.6916319969125763,0.2892046536908129,-2.1775409771002234,0.020833333333333332,0.9917261633565168,3,3,0.050237723666142195,0.5170572221561004,0.27326507260491983,-1.7083028359177335,0.08333333333333333,0.9087765703660546,8,8
tet_1.35,1.5,score_iso,9,Z1,"1-axis:(1,)",1-axis,0.9996928458167694,0.6346222035764838,0.22631764732077408,1.6130895957982243,1.0,0.9628672428904932,3,3,0.7114784770214725,0.37697842664300457,0.2200540078403081,1.5200816093278908,0.9375,0.7031157414980774,6,6
tet_1.35,1.5,q_only,10,X1+Y2+Z2,"3-axis:(1, 2, 2)",3-axis,0.061877012730574284,0.6856385024536608,0.250546810501755,-2.4896005998696507,0.0,0.9761351542957509,3,3,0.050237723666142195,0.4285389183988005,0.25848712022073367,-1.4635204818257348,0.041666666666666664,0.8162005257257327,8,8
tet_1.35,1.5,xyz_only,9,Z1,"1-axis:(1,)",1-axis,0.9996928458167694,0.5725033790447829,0.22850764977657664,1.869475561049276,1.0,0.9300981405462171,3,3,0.7114784770214725,0.3458956079984013,0.24106253572467246,1.5165478448260497,0.9375,0.7100833954034264,6,6
tet_1.35,2.0,score_q,10,X1+Y2+Z1,"3-axis:(1, 1, 2)",3-axis,0.06285713602455786,0.624711667935781,0.32624805805943125,-1.7221697356652168,0.041666666666666664,0.9813291165884735,3,3,0.050022840357893866,0.3734957389772362,0.28236438959339055,-1.1455867331004563,0.1875,0.8265596082204555,8,8
tet_1.35,2.0,score_iso,9,X1+Y2+Z2,"3-axis:(1, 2, 2)",3-axis,0.999864668569325,0.5826491306311031,0.20580431469539945,2.0272438823923307,1.0,0.8789297318269531,3,3,0.35356977185103156,0.3015696859159046,0.20536483643424389,0.2532083234781225,0.6666666666666666,0.690511837562031,8,8
tet_1.35,2.0,q_only,10,X1+Y2+Z1,"3-axis:(1, 1, 2)",3-axis,0.06285713602455786,0.5992208045611681,0.2769587902079447,-1.9366190476639644,0.041666666666666664,0.9714986928742335,3,3,0.050022840357893866,0.3522641760956416,0.2518149648623658,-1.2002516844133673,0.10416666666666667,0.787703216231605,8,8
tet_1.35,2.0,xyz_only,9,X1+Y2+Z2,"3-axis:(1, 2, 2)",3-axis,0.999864668569325,0.5672045852551347,0.23679428332763178,1.8271559483289077,1.0,0.924049051457039,3,3,0.35356977185103156,0.3031816313892169,0.19934229748607027,0.2527719460295823,0.625,0.6476756451422433,8,8
tet_1.35,5.0,score_q,7,X1+Y1+Z1,"3-axis:(1, 1, 1)",3-axis,0.9999741044923558,0.9999741044923559,1.1102230246251565e-16,-0.0001110099778791752,0.0,0.9999741044923558,1,1,0.6631733156022737,0.41802152660750375,0.2885449235631862,0.8496139386775122,0.6875,0.8664871814002332,8,8
tet_1.35,5.0,score_iso,10,X1+Y1+Z2,"3-axis:(1, 1, 2)",3-axis,0.9999767744964184,0.49886936165189083,0.23005262286849845,2.1782295137264747,1.0,0.8897660996466529,3,3,0.3281966123401721,0.25996152009374224,0.19507109971426795,0.34979600948591566,0.7083333333333334,0.643421112459333,8,8
tet_1.35,5.0,q_only,4,X1+Y2+Z1,"3-axis:(1, 1, 2)",3-axis,0.01318156695176069,0.7027695140731121,0.29737831584453284,-2.3188911577518785,0.0,0.9955636311977719,3,3,0.011398773235130182,0.41207797162185744,0.28600287961222504,-1.4009621124395124,0.041666666666666664,0.9200303733151708,8,8
tet_1.35,5.0,xyz_only,10,X1+Y1+Z2,"3-axis:(1, 1, 2)",3-axis,0.9999767744964184,0.5242496960880261,0.2145547482716091,2.217275927186392,1.0,0.8847800634403379,3,3,0.3281966123401721,0.2708909605813296,0.19167690056655848,0.29897004589055604,0.625,0.5819930506010207,8,8
tet_1.35,10.0,score_q,10,X1+Y1+Z2,"3-axis:(1, 1, 2)",3-axis,0.9999917002422641,0.5269821791009839,0.22527555563701956,2.0996930616889835,1.0,0.9253140197670964,3,3,0.3151880717500824,0.22401446551131501,0.20814710401959313,0.4380248606761643,0.7291666666666666,0.5796027993039539,8,8
tet_1.35,10.0,score_iso,10,X1+Y1+Z2,"3-axis:(1, 1, 2)",3-axis,0.9999917002422641,0.5280109607999416,0.23857045112781994,1.9783704864080967,1.0,0.9543586394854258,3,3,0.3151880717500824,0.29979517177389786,0.2071476511125937,0.07430883185705794,0.4583333333333333,0.6436430559802292,8,8
tet_1.35,10.0,q_only,9,X1+Y1+Z1,"3-axis:(1, 1, 1)",3-axis,0.9999726903487345,0.9999726903487344,1.1102230246251565e-16,0.0001110099778791752,0.0,0.9999726903487345,1,1,0.1278747780328167,0.3867675822191019,0.26751244585912376,-0.9677785396259825,0.2708333333333333,0.8074403333682347,8,8
tet_1.35,10.0,xyz_only,10,X1+Y1+Z2,"3-axis:(1, 1, 2)",3-axis,0.9999917002422641,0.5071502974989219,0.21776387194432964,2.263191769785723,1.0,0.8519698335285857,3,3,0.3151880717500824,0.32279695552270077,0.21949153507503064,-0.034665955431869816,0.4791666666666667,0.7304886406889368,8,8
ortho_1.20_1.50,0.0,score_q,9,X1,"1-axis:(1,)",1-axis,0.9989051587117913,0.5205104003258406,0.23512302304276947,2.0346572283433715,1.0,0.8990412527388171,3,3,0.7392349511503532,0.3466509191164439,0.24061833831887067,1.631563224877815,0.9375,0.76114433780813,6,6
ortho_1.20_1.50,0.0,score_iso,9,X1,"1-axis:(1,)",1-axis,0.9989051587117913,0.5259578604995995,0.23643792111824516,2.00030221875308,1.0,0.9345451633467494,3,3,0.7392349511503532,0.33595568097102274,0.23947850267589094,1.6839894423569313,0.9375,0.8223842892943259,6,6
ortho_1.20_1.50,0.0,q_only,9,X1,"1-axis:(1,)",1-axis,0.9989051587117913,0.567069380689186,0.2384718134201148,1.8108462036980075,1.0,0.9252096486536799,3,3,0.7392349511503532,0.3823489628546726,0.2522318802320746,1.4149122940601342,0.8541666666666666,0.874029753811282,6,6
ortho_1.20_1.50,0.0,xyz_only,9,X1,"1-axis:(1,)",1-axis,0.9989051587117913,0.46136497420303096,0.24802137226373805,2.1673139681486395,1.0,0.9102499466945027,3,3,0.7392349511503532,0.2762879061779018,0.22630511651774865,2.0456764393751468,0.9166666666666666,0.7588525818600209,6,6
ortho_1.20_1.50,1.0,score_q,10,X1+Z2,"2-axis:(1, 2)",2-axis,0.9431741733635417,0.6040300678314586,0.29188856496730015,1.1618958268163573,0.8125,0.9777620469014185,6,6,0.5591365474305178,0.3581430837791726,0.2658058687802704,0.7561663877961294,0.75,0.8249146543264492,16,12
ortho_1.20_1.50,1.0,score_iso,8,Z1,"1-axis:(1,)",1-axis,0.9970069334525633,0.9970069334525632,1.1102230246251565e-16,0.0001110099778791752,0.0,0.9970069334525633,1,3,0.856447354558309,0.6345566984344178,0.3169962021417135,0.6999789102331101,0.625,0.9932160717990892,2,6
ortho_1.20_1.50,1.0,q_only,4,Y1+Z2,"2-axis:(1, 2)",2-axis,0.9780733075419669,0.5509642481462976,0.3034875972430047,1.4073361260040969,1.0,0.9758936245862774,2,6,0.7284485589911486,0.4935883755679223,0.2663546707008926,0.8817573305710291,0.75,0.8955716649168907,4,12
ortho_1.20_1.50,1.0,xyz_only,10,X1+Z2,"2-axis:(1, 2)",2-axis,0.9431741733635417,0.6602872762568722,0.2996677429256192,0.9440018279709909,0.7083333333333334,0.9853397534416637,6,6,0.5591365474305178,0.43252954337215826,0.27923100005356283,0.45341313834645874,0.6666666666666666,0.8458559567565904,16,12
ortho_1.20_1.50,1.5,score_q,10,X1+Y1+Z1,"3-axis:(1, 1, 1)",3-axis,0.9988313632498768,0.9988313632498768,0.0,0.0,0.0,0.9988313632498768,1,1,0.36102582416509543,0.24301421963324676,0.1947753102242751,0.6058858507033447,0.7708333333333334,0.6849649836434244,8,8
ortho_1.20_1.50,1.5,score_iso,8,Y1+Z2,"2-axis:(1, 2)",2-axis,0.2263658743251471,0.4348927083916379,0.25677949810909456,-0.8120852155302705,0.2708333333333333,0.8640294824457095,6,6,0.5330694950084213,0.258875440039356,0.1824652762962838,1.50271909556277,0.875,0.6430150322756201,16,12
ortho_1.20_1.50,1.5,q_only,9,X1+Y1+Z2,"3-axis:(1, 1, 2)",3-axis,0.9475310177088083,0.500381343963799,0.23498855265419472,1.9028572613114674,0.9583333333333334,0.9289661168088919,3,3,0.4654774556582914,0.24984866528149166,0.18360650890732885,1.174407114752446,0.8333333333333334,0.5837376645947144,8,8
ortho_1.20_1.50,1.5,xyz_only,10,X1+Y1+Z1,"3-axis:(1, 1, 1)",3-axis,0.9988313632498768,0.9988313632498768,0.0,0.0,0.0,0.9988313632498768,1,1,0.36102582416509543,0.285306377492071,0.23704932167177822,0.31942486120060365,0.7083333333333334,0.7522625748366899,8,8
ortho_1.20_1.50,2.0,score_q,10,X1+Y1+Z2,"3-axis:(1, 1, 2)",3-axis,0.2565560138904916,0.49916547041898385,0.23621338932854472,-1.0270774963989204,0.125,0.8396128547750749,3,3,0.3124622256641814,0.2769612884306008,0.20674200265495452,0.17171613304268302,0.625,0.6492147945856374,8,8
ortho_1.20_1.50,2.0,score_iso,8,X1+Y1+Z1,"3-axis:(1, 1, 1)",3-axis,0.9988377833105789,0.9988377833105789,0.0,0.0,0.0,0.9988377833105789,1,1,0.42741431794147017,0.33326963064299014,0.19228691886568977,0.4896052620394287,0.7291666666666666,0.6256322655988322,8,8
ortho_1.20_1.50,2.0,q_only,9,X1+Y2+Z1,"3-axis:(1, 1, 2)",3-axis,0.9257342789806279,0.5573139655286322,0.2429207484360602,1.5166276072438987,0.9375,0.92847032349459,3,3,0.4222833743175102,0.3184153791209841,0.22290267322553967,0.4659791365129269,0.6458333333333334,0.6707264170867981,8,8
ortho_1.20_1.50,2.0,xyz_only,10,X1+Y1+Z2,"3-axis:(1, 1, 2)",3-axis,0.2565560138904916,0.5742117649336252,0.2130875994485416,-1.490728469717232,0.0625,0.9102905198556434,3,3,0.3124622256641814,0.30193771014218057,0.18918619989714217,0.05563046103609693,0.5208333333333334,0.6086901318240958,8,8
ortho_1.20_1.50,5.0,score_q,5,X1+Y1+Z1,"3-axis:(1, 1, 1)",3-axis,0.9999432373679686,0.9999432373679688,1.1102230246251565e-16,-0.0001110099778791752,0.0,0.9999432373679686,1,1,0.4019994747533426,0.3088911891867775,0.18854148961549863,0.4938344645305989,0.6875,0.6276330693709692,8,8
ortho_1.20_1.50,5.0,score_iso,8,X1+Y2+Z1,"3-axis:(1, 1, 2)",3-axis,0.3863310670226779,0.4964150514596395,0.2511485407689334,-0.4383222140151908,0.4375,0.943011929272888,3,3,0.4050818914402187,0.26194434709342823,0.1940291638018009,0.7377114941971636,0.7916666666666666,0.5917029310762421,8,8
ortho_1.20_1.50,5.0,q_only,2,X1+Y2+Z1,"3-axis:(1, 1, 2)",3-axis,0.3840991262770318,0.5373315951893171,0.266105234746273,-0.5758341020905285,0.375,0.9500830904096539,3,3,0.4974112559357726,0.2832595729914357,0.2029139880614061,1.0553815682656371,0.8333333333333334,0.6339520956530903,8,8
ortho_1.20_1.50,5.0,xyz_only,5,X1+Y1+Z1,"3-axis:(1, 1, 1)",3-axis,0.9999432373679686,0.9999432373679688,1.1102230246251565e-16,-0.0001110099778791752,0.0,0.9999432373679686,1,1,0.4019994747533426,0.27551947880951483,0.22669216123233976,0.5579372275410918,0.75,0.710847057385413,8,8
ortho_1.20_1.50,10.0,score_q,5,X1+Y2+Z1,"3-axis:(1, 1, 2)",3-axis,0.3787623752327714,0.525184292607563,0.23519301989944696,-0.6225606416243537,0.3958333333333333,0.9399400286521502,3,3,0.3916948985926643,0.3291081012733332,0.19777823125670704,0.316449373226419,0.7083333333333334,0.6530589925963795,8,8
ortho_1.20_1.50,10.0,score_iso,8,X1+Y1+Z2,"3-axis:(1, 1, 2)",3-axis,0.37928690585556446,0.5228239465190132,0.24081595034603268,-0.5960445745250753,0.3125,0.9409162908073723,3,3,0.3935733079645329,0.2932031340314254,0.20401752254978867,0.4919683989796566,0.7291666666666666,0.6634481398464115,8,8
ortho_1.20_1.50,10.0,q_only,5,X1+Y2+Z1,"3-axis:(1, 1, 2)",3-axis,0.3787623752327714,0.5162854987226256,0.24563573656279303,-0.5598661066735242,0.3333333333333333,0.8970799271637102,3,3,0.3916948985926643,0.256165057711377,0.2121874257149937,0.6387270142137915,0.7291666666666666,0.6294883707524092,8,8
ortho_1.20_1.50,10.0,xyz_only,5,X1+Y2+Z1,"3-axis:(1, 1, 2)",3-axis,0.3787623752327714,0.526426628036977,0.2025481166332152,-0.7290329589727799,0.3333333333333333,0.8665925967310476,3,3,0.3916948985926643,0.3227587688187456,0.18337154144800785,0.37593690508997846,0.6458333333333334,0.5977382648113717,8,8
tet_1.50,0.0,score_q,9,Y1,"1-axis:(1,)",1-axis,0.9989051587117911,0.6063563364406587,0.24693586628168473,1.5896792482212947,1.0,0.9793115957931481,3,3,0.7392349511505244,0.37576413440434525,0.2736569732016282,1.3281986294463934,0.8541666666666666,0.8498588351712713,6,6
tet_1.50,0.0,score_iso,9,Y1,"1-axis:(1,)",1-axis,0.9989051587117911,0.5621116629621491,0.23457298090896808,1.8620793155938473,1.0,0.9087776003243085,3,3,0.7392349511505244,0.3587690414227483,0.2623065406706086,1.4504629154638415,0.9166666666666666,0.8507804922144057,6,6
tet_1.50,0.0,q_only,9,Y1,"1-axis:(1,)",1-axis,0.9989051587117911,0.57509961611104,0.2435323610776913,1.7402432297850103,1.0,0.9661535916720262,3,3,0.7392349511505244,0.3645354720783583,0.2327175831101862,1.6101038609237566,0.9166666666666666,0.8149644088968322,6,6
tet_1.50,0.0,xyz_only,9,Y1,"1-axis:(1,)",1-axis,0.9989051587117911,0.5007732751819668,0.2630191176946236,1.8938999107520496,1.0,0.9450131954784595,3,3,0.7392349511505244,0.3060043841397702,0.22524590373656253,1.9233671282009983,0.9375,0.7266784338112889,6,6
tet_1.50,1.0,score_q,9,Y1+Z1,"2-axis:(1, 1)",2-axis,0.9970367084488552,0.9064978993262542,0.0738100654304422,1.2266458320199845,0.9375,0.9972554769044555,2,3,0.5282272119081761,0.364012567323488,0.25821347396011396,0.6359646615862434,0.6875,0.7825309904709173,16,12
tet_1.50,1.0,score_iso,8,Z1,"1-axis:(1,)",1-axis,0.9973759245610389,0.9973759245610389,0.0,0.0,0.0,0.9973759245610389,1,3,0.8566060478551042,0.6545172729570511,0.2745176608169318,0.7361594671028628,0.6666666666666666,0.9888514711960987,2,6
tet_1.50,1.0,q_only,8,Z1,"1-axis:(1,)",1-axis,0.9973759245610389,0.9973759245610389,0.0,0.0,0.0,0.9973759245610389,1,3,0.8566060478551042,0.6461894207453983,0.2937975553407961,0.7161959767327298,0.6458333333333334,0.9958348630188043,2,6
tet_1.50,1.0,xyz_only,9,Y1+Z1,"2-axis:(1, 1)",2-axis,0.9970367084488552,0.8972645783571123,0.08108178320891335,1.2305122820676249,0.9791666666666666,0.9917361758886041,2,3,0.5282272119081761,0.31975791963855554,0.23801383302290777,0.8758704887907942,0.8125,0.7556386353587121,16,12
tet_1.50,1.5,score_q,9,X1+Y2+Z1,"3-axis:(1, 1, 2)",3-axis,0.09140193944907453,0.6755846590958047,0.2797675298090987,-2.0881005027397683,0.041666666666666664,0.9918406511191832,3,3,0.1025562801780707,0.44549061328525236,0.2901270982902882,-1.1820141418257832,0.14583333333333334,0.9185316946519692,8,8
tet_1.50,1.5,score_iso,8,Z1,"1-axis:(1,)",1-axis,0.9973541348515313,0.9973541348515313,0.0,0.0,0.0,0.9973541348515313,1,3,0.8546424579511323,0.611102908401369,0.31625826772653215,0.7700654003441937,0.6875,0.9958931268191487,2,6
tet_1.50,1.5,q_only,3,X1+Y1+Z2,"3-axis:(1, 1, 2)",3-axis,0.930418918216268,0.9111539418488438,0.036002901012628506,0.5350951124780652,0.7291666666666666,0.9726328769118113,3,3,0.8222390936294394,0.36838317002287707,0.2825919185572916,1.6060470728321385,0.9375,0.8588714090226286,8,8
tet_1.50,1.5,xyz_only,10,Z1,"1-axis:(1,)",1-axis,0.9996945692679102,0.6202745543205956,0.1948213219342146,1.9475281821231354,1.0,0.9313840204873547,3,3,0.7098017558347174,0.42422079789213596,0.21433752511564214,1.332388986889574,0.8958333333333334,0.7360001924063723,6,6
tet_1.50,2.0,score_q,6,X1+Y1+Z2,"3-axis:(1, 1, 2)",3-axis,0.9525899787248648,0.9453641611556763,0.02715768797095249,0.2660689516961484,0.6458333333333334,0.9926568715669142,3,3,0.6767811990093104,0.36887628474344036,0.2683169564667596,1.1475417667197163,0.7708333333333334,0.7896134615485555,8,8
tet_1.50,2.0,score_iso,8,X1+Y2+Z1,"3-axis:(1, 1, 2)",3-axis,0.4024677885862069,0.5490336529080247,0.23153665195850817,-0.6330136636313188,0.2708333333333333,0.8637952813656307,3,3,0.429598144751338,0.2676512432872071,0.1824688284822297,0.8875318749526312,0.875,0.5901684594096458,8,8
tet_1.50,2.0,q_only,4,X1+Y1+Z2,"3-axis:(1, 1, 2)",3-axis,0.9537312931438027,0.9449419543584007,0.028084852536872915,0.3129565581143581,0.5625,0.9862192884239954,3,3,0.8250727400514296,0.402787629049532,0.2825245580527743,1.494684617545785,0.8958333333333334,0.8411951588789518,8,8
tet_1.50,2.0,xyz_only,10,X1+Y1+Z2,"3-axis:(1, 1, 2)",3-axis,0.9998520194463615,0.5755069193136421,0.24017212874865326,1.7668374025823845,1.0,0.9020518544348198,3,3,0.35250746201724653,0.30496704848544115,0.2002236306333192,0.23743657719718098,0.6041666666666666,0.6478807953659509,8,8
tet_1.50,5.0,score_q,7,X1+Y1+Z1,"3-axis:(1, 1, 1)",3-axis,0.9999758610241996,0.9999758610241996,0.0,0.0,0.0,0.9999758610241996,1,1,0.6615086463154178,0.4056877749417924,0.29349502873279826,0.871636131205672,0.7083333333333334,0.8995858384235523,8,8
tet_1.50,5.0,score_iso,8,X1+Y2+Z2,"3-axis:(1, 2, 2)",3-axis,0.38730504418251394,0.5864317397767378,0.21270312228380173,-0.9361719445171118,0.1875,0.9073122884543678,3,3,0.40684759452999153,0.30071994783516537,0.2149201194512076,0.49380042671354496,0.6666666666666666,0.6976592436030656,8,8
tet_1.50,5.0,q_only,4,X1+Y2+Z2,"3-axis:(1, 2, 2)",3-axis,0.02805417746116281,0.6107391183425099,0.3180537533475483,-1.8320329024471382,0.020833333333333332,0.9965587649159755,3,3,0.025502973757558424,0.40236477846327023,0.3041715059421205,-1.2389780020229253,0.10416666666666667,0.8740863284892323,8,8
tet_1.50,5.0,xyz_only,10,X1+Y2+Z1,"3-axis:(1, 1, 2)",3-axis,0.42173227260948903,0.5247314337591159,0.23665953571451373,-0.43522083671051065,0.4375,0.9029885324475679,3,3,0.1956563934781919,0.32927938482914926,0.2157771505519656,-0.6192638609256158,0.25,0.7409437090992332,8,8
tet_1.50,10.0,score_q,6,X1+Y2+Z2,"3-axis:(1, 2, 2)",3-axis,0.1919158343982869,0.5622796653968044,0.2962273566407471,-1.2502688313369719,0.16666666666666666,0.9834985282178181,3,3,0.2233419189100379,0.3412614436678467,0.252036856853037,-0.46786619318181694,0.4375,0.7496791706439523,8,8
tet_1.50,10.0,score_iso,8,X1+Y1+Z2,"3-axis:(1, 1, 2)",3-axis,0.3798602675932275,0.5288922670957844,0.2509130286755467,-0.5939587923697451,0.4166666666666667,0.9359334025908079,3,3,0.39466903169979184,0.3074824301186965,0.1968154804413277,0.4429865038316605,0.7708333333333334,0.7180710445316988,8,8
tet_1.50,10.0,q_only,4,X1+Y2+Z1,"3-axis:(1, 1, 2)",3-axis,0.10232949302713545,0.574813580272393,0.2943417850893228,-1.605222605754971,0.10416666666666667,0.9713440924718281,3,3,0.13795978572063522,0.37669307899223714,0.2744600286150134,-0.8698290037913121,0.2708333333333333,0.8340453289461597,8,8
tet_1.50,10.0,xyz_only,10,X1+Y2+Z2,"3-axis:(1, 2, 2)",3-axis,0.47114371127162574,0.545890527923786,0.2814568665584143,-0.2655711248614414,0.5208333333333334,0.9596928331599924,3,3,0.13874232996471325,0.30118748620945496,0.18153665563819987,-0.8948339147967884,0.2708333333333333,0.6260628510358675,8,8
