y,double_slit_intensity,double_slit_intensity_norm,one_slit_intensity,one_slit_intensity_norm
-0.36,0.00012311105766070186,0.02609681371021961,3.483926229461437e-07,0.0002758158290922664
-0.35928,0.00012226817915266338,0.025918142160948617,3.8214655677218506e-07,0.00030253817804623453
-0.35856,0.0001213224931499713,0.02571767770300663,4.2634437423522336e-07,0.0003375287515105901
-0.35784,0.0001202782524290922,0.025496321830681064,4.811046047248773e-07,0.00038088138695408603
-0.35712,0.00011914008841993077,0.025255056304389973,5.465455808574477e-07,0.0004326897660637732
-0.3564,0.00011791299828681101,0.024994940412136558,6.227854261645174e-07,0.0004930474049982986
-0.35568,0.00011660233072928592,0.02471710795959579,7.099420427579712e-07,0.0005620476446225352
-0.35496,0.0001152137705401964,0.024422763996765358,8.081330989732463e-07,0.0006397836407249786
-0.35424,0.00011375332196260479,0.024113181290004733,9.174760169910698e-07,0.0007263483542181106
-0.35352,0.00011222729089134716,0.023789696549158995,1.0380879604399648e-06,0.0008218345413235393
-0.3528,0.0001106422659689677,0.0234537064203162,1.170085821979904e-06,0.0009263347437422125
-0.35208,0.00010900509862966337,0.02310666325556627,1.3135862108688493e-06,0.0010399412788110838
-0.35136,0.00010732288214864267,0.022750070671929714,1.4687054405131968e-06,0.0011627462296470352
-0.35064,0.00010560292975787065,0.022385478912380952,1.6355595160034419e-06,0.0012948414352791009
-0.34992,0.00010385275189263669,0.02201448002262533,1.8142641216361926e-06,0.0014363184807698807
-0.3492,0.00010208003263663313,0.021638702857978233,2.004934608423955e-06,0.0015872686873272747
-0.34848,0.00010029260543631277,0.0212598079353475,2.2076859815938086e-06,0.0017477831024074223
-0.34776,9.849842815819665e-05,0.020879482145935883,2.4226328880764233e-06,0.0019179524898099935
-0.34704,9.670555756545856e-05,0.02049943334484308,2.6498896039863206e-06,0.0020978673197665494
-0.34631999999999996,9.492212329260521e-05,0.020121384834275117,2.889570022094786e-06,0.0022876177590230857
-0.34559999999999996,9.315630139929188e-05,0.01974706975753985,3.141787639297201e-06,0.002487293660918154
-0.34487999999999996,9.141628758634068e-05,0.019378225421436877,3.4066555440753326e-06,0.0026969845554570006
-0.34415999999999997,8.971027015878165e-05,0.01901658756502191,3.684286403955962e-06,0.0029167796393827932
-0.34343999999999997,8.804640282226833e-05,0.01866388459305022,3.974792452967904e-06,0.003146767766246587
-0.34271999999999997,8.64327774004768e-05,0.01832183179267037,4.2782854790973534e-06,0.003387037436475956
-0.34199999999999997,8.487739656211115e-05,0.017992125552154247,4.594876811744473e-06,0.0036376767874446167
-0.34128,8.338814664685955e-05,0.01767643760060246,4.924677309181142e-06,0.003898773583542961
-0.34056,8.197277068013735e-05,0.017376409287668374,5.267797346011387e-06,0.004170415206250721
-0.33984,8.063884166662203e-05,0.017093645922379875,5.624346800637004e-06,0.004452688644213735
-0.33912,7.939373625252057e-05,0.016829711190124188,5.994435042727556e-06,0.004745680483324187
-0.3384,7.824460884613162e-05,0.01658612166678105,6.378170920698338e-06,0.005049476896807147
-0.33768,7.719836628563374e-05,0.016364341448855655,6.775662749195733e-06,0.005364163635312968
-0.33696,7.626164314209352e-05,0.016165776918264152,7.187018296592286e-06,0.005689826017017366
-0.33624,7.544077774449181e-05,0.015991771660170954,7.612344772492558e-06,0.006026548917730049
-0.33552,7.474178901207682e-05,0.01584360155196142,8.051748815250871e-06,0.006374416761012748
-0.3348,7.417035417757972e-05,0.015722470041057656,8.505336479502775e-06,0.00673351350830812
-0.33408,7.373178748281372e-05,0.015629503628858045,8.973213223710766e-06,0.007103922649079928
-0.33336,7.343101992583694e-05,0.015565747577584946,9.45548389772644e-06,0.00748572719096623
-0.33264,7.327258013631186e-05,0.015532161856285094,9.95225273036932e-06,0.007879009649945777
-0.33192,7.326057645284154e-05,0.01552961734162237,1.0463623317025102e-05,0.008283852040519776
-0.3312,7.339868027296703e-05,0.01555889228844654,1.0989698607263247e-05,0.00870033586590898
-0.33048,7.369011074318752e-05,0.015620669084417107,1.153058089247589e-05,0.009128542108267638
-0.32976,7.413762085276256e-05,0.015715531302197792,1.2086371793539578e-05,0.00956855121891553
-0.32904,7.474348499126046e-05,0.015843961061932765,1.2657172248500501e-05,0.010020443108588599
-0.32832,7.550948802577306e-05,0.01600633671585844,1.3243082500285627e-05,0.01048429713771009
-0.3276,7.643691594947214e-05,0.016202930866004845,1.384420208443912e-05,0.010960192106681702
-0.32688,7.75265481487342e-05,0.01643390872499757,1.4460629816887952e-05,0.011448206246197863
-0.32616,7.877865133142378e-05,0.016699326828988514,1.5092463781735488e-05,0.01194841720758213
-0.32544,8.019297515410403e-05,0.016999132110721495,1.573980131908646e-05,0.012460902053148464
-0.32472,8.176874958096523e-05,0.017333161339683694,1.6402739012903444e-05,0.012985737246587426
-0.324,8.350468400213472e-05,0.01770114093520689,1.7081372678895693e-05,0.013522998643377998
-0.32328,8.539896813373943e-05,0.01810268715726078,1.777579735244356e-05,0.01407276148122758
-0.32256,8.744927471672987e-05,0.01853730667854378,1.8486107276557557e-05,0.014635100370539403
-0.32184,8.965276402593948e-05,0.01900439754030363,1.9212395889875483e-05,0.015210089284910081
-0.32111999999999996,9.200609019528047e-05,0.019503250493138592,1.9954755814697466e-05,0.015797801551657185
-0.3204,9.450540935929699e-05,0.020033050722826174,2.0713278845059466e-05,0.016398309842377265
-0.31967999999999996,9.714638960555922e-05,0.020592879960009924,2.1488055934850418e-05,0.017011686163538403
-0.31896,9.992422272660624e-05,0.021181718971350676,2.2279177185968698e-05,0.017638001847103926
-0.31823999999999997,0.00010283363775435491,0.02179845042852105,2.308673183652458e-05,0.01827732754119251
-0.31751999999999997,0.00010586891625404704,0.022441862150183036,2.391080824908592e-05,0.018929733200772514
-0.31679999999999997,0.00010902390934903278,0.02311065071086449,2.4751493898971018e-05,0.019595288078393655
-0.31607999999999997,0.0001122920564418745,0.023803425409417916,2.5608875362588557e-05,0.020274060714955966
-0.31536,0.00011566640559153987,0.024518712588533463,2.6483038305826088e-05,0.02096611893051717
-0.31464,0.00011913963550074801,0.025254960295568646,2.737406747248922e-05,0.021671529815140218
-0.31392,0.00012270407906193987,0.02601054327377182,2.8282046672792172e-05,0.022390359719781466
-0.3132,0.000126351748404836,0.026783768271808905,2.920705877189997e-05,0.02312267424721977
-0.31248,0.00013007436138313077,0.02757287965835509,3.0149185678526125e-05,0.023868538243029445
-0.31176,0.00013386336943261838,0.028376065327399707,3.110850833358403e-05,0.024628015786595837
-0.31104,0.00013770998672791662,0.029191462878824938,3.2085106698896146e-05,0.025401170182176577
-0.31032,0.00014160522055998314,0.030017166057765568,3.307905974596049e-05,0.026188063950008212
-0.3096,0.00014553990285186066,0.03085123143524794,3.409044544477579e-05,0.02698875881745931
-0.30888,0.00014950472272547605,0.03169168531162907,3.511934075272795e-05,0.027803315710232084
-0.30816,0.00015349026002795853,0.03253653082343249,3.6165821603537154e-05,0.028631794743612018
-0.30744,0.00015748701972179347,0.033383755233298146,3.7229962896268394e-05,0.02947425521376771
-0.30672,0.0001614854670392062,0.03423133738193203,3.8311838484406384e-05,0.030330755589101695
-0.306,0.00016547606329754034,0.03507725528017204,3.9411521164994765e-05,0.031201353501652148
-0.30528,0.00016944930226898798,0.03591949381856413,4.0529082667844166e-05,0.03208610573854913
-0.30456,0.00017339574699493776,0.036756052571187574,4.1664593644805086e-05,0.03298506823352211
-0.30384,0.00017730606693240665,0.037584953669874646,4.2818123659112954e-05,0.033898296058464665
-0.30312,0.00018117107531749258,0.038404249724433855,4.39897411748013e-05,0.034825843415053084
-0.3024,0.00018498176662862332,0.039212031764027815,4.517951354618795e-05,0.035767763626422804
-0.30168,0.00018872935403050188,0.04000643717445919,4.638750700743412e-05,0.03672410912890249
-0.30096,0.00019240530667812215,0.04078565760579463,4.76137866621759e-05,0.03769493146380557
-0.30024,0.00019600138675904442,0.041547946824505626,4.8858416473233245e-05,0.03868028126928294
-0.29952,0.00019950968615129955,0.0422916284841311,5.012145925239376e-05,0.039680208272235035
-0.2988,0.00020292266257378562,0.043015103788359786,5.1402976650275295e-05,0.04069476128028624
-0.29808,0.00020623317510594103,0.043716859020413036,5.2703029146267214e-05,0.041723988173821565
-0.29735999999999996,0.00020943451895370085,0.04439547291265656,5.4021676038551274e-05,0.042767935898086355
-0.29664,0.00021252045933937814,0.04504962383050356,5.535897543420428e-05,0.04382665045535079
-0.29591999999999996,0.00021548526439411184,0.04567809674488419,5.6714984239383415e-05,0.044900176897139744
-0.2952,0.0002183237369328667,0.04627978996784076,5.8089758149594224e-05,0.0459885593165282
-0.29447999999999996,0.00022103124499374432,0.046853721626184355,5.948335164004543e-05,0.04709184084050525
-0.29376,0.00022360375102544437,0.047399035848589274,6.089581795608693e-05,0.04821006362240413
-0.29303999999999997,0.00022603783960923376,0.0479150086420356,6.232720910373883e-05,0.04934326883440419
-0.29232,0.0002283307436046037,0.04840105343410864,6.377757584030309e-05,0.05049149666009829
-0.29159999999999997,0.00023048036861102915,0.04885672625834936,6.52469676650724e-05,0.05165478628713725
-0.29088,0.00023248531564182457,0.049281730560608944,6.673543281012097e-05,0.052833175899939064
-0.29016,0.00023434490191000782,0.049675921605190895,6.824301823119533e-05,0.054026702672477285
-0.28944,0.0002360591796303467,0.050039310460467896,6.976976959869116e-05,0.05523540276113763
-0.28872,0.00023762895274642037,0.050372067544647854,7.131573128872821e-05,0.056459311297652096
-0.288,0.0002390557914963978,0.05067452571339584,7.288094637432005e-05,0.05769846238210825
-0.28728,0.0002403420447365536,0.05094718287214615,7.446545661663707e-05,0.058952889076032286
-0.28656,0.0002414908499470669,0.05119070409710972,7.60693024563707e-05,0.0602226233955523
-0.28584,0.0002425061408505018,0.05140592325022304,7.769252300519288e-05,0.06150769630463684
-0.28512,0.00024339265257953613,0.051593844074592,7.933515603731646e-05,0.06280813770841348
-0.2844,0.0002441559243368555,0.05175564075833046,8.099723798115691e-05,0.06412397644656755
-0.28368,0.000244802299496821,0.05189265795611153,8.267880391109264e-05,0.06545524028681891
-0.28296,0.0002453389231053847,0.05200641025920512,8.437988753933165e-05,0.066801955918483
-0.28224,0.0002457737367418176,0.05209858110627821,8.610052120787874e-05,0.06816414894611134
-0.28152,0.0002461154707131463,0.0521710211287886,8.784073588060974e-05,0.0695418438832169
-0.2808,0.00024637363355963524,0.05222574592637982,8.960056113545033e-05,0.07093506414608222
-0.28008,0.00024655849885733247,0.052264933269313585,9.13800251566609e-05,0.07234383204765149
-0.27936,0.00024668108931145244,0.052290919726619776,9.317915472723172e-05,0.0737681687915099
-0.27864,0.00024675315814229163,0.05230619672032336,9.499797522138346e-05,0.07520809446594652
-0.27792,0.0002467871677733729,0.05231340600780367,9.683651059718054e-05,0.07666362803810635
-0.2772,0.00024679626583959787,0.05231533459605486,9.869478338925333e-05,0.07813478734822868
-0.27648,0.00024679425854133216,0.05231490909334295,0.00010057281470163246,0.07962158910397413
-0.27576,0.0002467955813785191,0.05231518950548702,0.00010247062420069691,0.08112404887484176
-0.27504,0.00024681526730711254,0.05231936248572922,0.0001043882301082335,0.08264218108667448
-0.27432,0.0002468689123682791,0.052330734048888036,0.00010632564919461283,0.08417599901625648
-0.2736,0.0002469726388489846,0.05235272176221959,0.00010828289677208068,0.08572551478600221
-0.27288,0.00024714305604063694,0.05238884642712034,0.00011025998668816416,0.08729073935873612
-0.27216,0.00024739721867047805,0.05244272326750411,0.00011225693131919714,0.08887168253256691
-0.27144,0.0002477525830883074,0.05251805264235924,0.0001142737415639626,0.09046835293585428
-0.27071999999999996,0.0002482269612988733,0.05261861030163501,0.00011631042683745483,0.09208075802227055
-0.27,0.00024883847293791635,0.0527482372062281,0.00011836699506476034,0.09370890406595635
-0.26927999999999996,0.0002496054952972478,0.05291082893440748,0.00012044345267506297,0.09535279615677453
-0.26856,0.00025054661151152207,0.05311032469855949,0.0001225398045957654,0.0970124381956563
-0.26783999999999997,0.00025168055702636823,0.05335069599761889,0.0001246560542467385,0.09868783289004855
-0.26712,0.00025302616447431785,0.05363593493198826,0.00012679220353469116,0.1003789817494565
-0.26639999999999997,0.0002546023070914971,0.05397004220913169,0.0001289482528476643,0.10208588508108479
-0.26568,0.00025642784081426044,0.05435701486934535,0.00013112420104965104,0.10380854198557837
-0.26496,0.00025852154520086953,0.05480083376246374,0.0001333200454753433,0.10554695035286338
-0.26424,0.0002609020633289147,0.05530545080744609,0.00013553578192500215,0.10730110685808616
-0.26352,0.0002635878408244168,0.05587477606789824,0.00013777140465945966,0.10907100695765641
-0.2628,0.00026659706418342966,0.05651266467762032,0.00014002690639524468,0.1108566448853882
-0.26208,0.0002699475985514549,0.05722290365122272,0.00014230227829984069,0.11265801364874577
-0.26136,0.0002736569251300784,0.05800919861572129,0.00014459750998707245,0.11447510502519127
-0.26064,0.0002777420783839158,0.058875160499802515,0.00014691258951262255,0.11630790955863525
-0.25992,0.0002822195832241937,0.05982429221813587,0.00014924750336967936,0.11815641655599123
-0.2592,0.00028710539234809966,0.06085997538870589,0.0001516022364847173,0.12002061408383499
-0.25848,0.0002924148239153693,0.06198545712163089,0.00015397677221340884,0.12190048896516824
-0.25776,0.00029816249974544195,0.06320383691833063,0.00015637109233667017,0.12379602677628805
-0.25704,0.00030436228421990854,0.06451805372020052,0.00015878517705684192,0.12570721184376313
-0.25632,0.00031102722407586123,0.06593087314613692,0.00016121900499400127,0.12763402724151424
-0.2556,0.0003181694892761535,0.06744487495834382,0.00016367255318241276,0.1295764547880044
-0.25488,0.0003258003151424492,0.0690624407958227,0.00016614579706711365,0.13153447504353546
-0.25416,0.0003339299459363337,0.07078574221481938,0.00016863871050063346,0.13350806730765125
-0.25344,0.00034256758007257916,0.07261672907525138,0.0001711512657398561,0.1354972096166531
-0.25272,0.00035172131714700895,0.07455711831179011,0.0001736834334430125,0.13750187874121925
-0.252,0.00036139810695922487,0.07660838312780964,0.00017623518266681777,0.1395220501841381
-0.25128,0.00037160370070769567,0.07877174264982795,0.0001788064808637442,0.14155769817814956
-0.25056,0.0003823426045315293,0.08104815207939303,0.00018139729387943253,0.14360879568389548
-0.24984,0.0003936180355694407,0.08343829337855864,0.00018400758595024669,0.14567531438798376
-0.24912,0.00040543188070217285,0.08594256652419265,0.00018663731970096535,0.14775722470116082
-0.2484,0.0004177846581398555,0.08856108136534903,0.00018928645614261662,0.1498544957565974
-0.24768,0.0004306754820104575,0.0912936501168052,0.00019195495467045406,0.1519670954082862
-0.24696,0.0004441020300997439,0.09413978052064836,0.00019464277306207274,0.15409499022955042
-0.24624000000000001,0.0004580605148868441,0.0970986697064584,0.0001973498674756708,0.15623814551166731
-0.24552000000000002,0.00047254565801280185,0.1001691987792068,0.0002000761924484505,0.1583965252626026
-0.2448,0.00048755066831227396,0.10334992816246387,0.00020282170089516615,0.16057009220586063
-0.24408,0.0005030672235308559,0.10663909372287743,0.00020558634410681168,0.16275880777944554
-0.24336,0.0005190854558424627,0.11003460370017869,0.00020837007174945773,0.16496263213494047
-0.24264,0.000535593941272623,0.11353403646515516,0.00021117283186322696,0.16718152413669649
-0.24192,0.0005525796931246933,0.11713463912615392,0.00021399457086141962,0.16941544136114012
-0.2412,0.000570028159496646,0.12083332700269576,0.00021683523352978215,0.17166434009619452
-0.24048,0.0005879232249665023,0.12462668398274952,0.00021969476302592135,0.17392817534081548
-0.23976,0.0006062472165143884,0.1285109637780767,0.00022257310087886591,0.1762069008046445
-0.23904,0.0006249809137390227,0.1324820920899001,0.00022547018698877258,0.17850046890777602
-0.23832,0.0006441035634156775,0.136535669694869,0.00022838595962678104,0.18080883078064255
-0.23759999999999998,0.0006635928984319401,0.14066697645902018,0.0002313203554350133,0.18313193626401428
-0.23687999999999998,0.0006834251611263751,0.14487097628505707,0.00023427330942672346,0.18546973390911758
-0.23615999999999998,0.0007035751310439386,0.14914232299588173,0.00023724475498659267,0.1878221709778685
-0.23543999999999998,0.0007240161571104194,0.15347536715486285,0.00024023462387117245,0.19018919344322366
-0.23471999999999998,0.000744720194216543,0.1578641638208544,0.00024324284620947786,0.19257074598965013
-0.23399999999999999,0.0007656578441905621,0.16230248123347604,0.0002462693505037255,0.19496677201370938
-0.23328,0.0007867984011262309,0.16678381042163837,0.0002493140636302233,0.19737721362476185
-0.23256,0.0008081099010211086,0.17130137572576232,0.0002523769108404093,0.1998020116457893
-0.23184,0.0008295591756680816,0.1758481462215865,0.00025545781576203464,0.20224110561433153
-0.23112,0.0008511119107309985,0.18041684803091393,0.00025855670040050215,0.20469443378354577
-0.2304,0.0008727327079232904,0.18499997750210026,0.0002616734851403499,0.20716193312338144
-0.22968,0.0008943851511964825,0.1895898152405503,0.0002648080887468841,0.20964353932187285
-0.22896,0.0009160318768336647,0.1941784409669793,0.0002679604283679666,0.21213918678655436
-0.22824,0.0009376346473312136,0.1987577491786991,0.00027113041953594414,0.21464880864598748
-0.22752,0.0009591544289404763,0.2033194655867355,0.0002743179761697334,0.21717233675141195
-0.2268,0.0009805514727296992,0.20785516429915918,0.0002775230105770555,0.21970970167851442
-0.22608,0.001001785399015296,0.21235628571864185,0.00028074543345681525,0.2222608327293123
-0.22536,0.001022815285000579,0.21681415511992372,0.00028398515390163867,0.22482565793416248
-0.22464,0.0010435997554494114,0.2212200018706164,0.00028724207940055265,0.2274041040538829
-0.22392,0.0010640970762118705,0.2255649792565695,0.00029051611584181937,0.2299960965819964
-0.2232,0.0010842652504089584,0.22984018487089558,0.0002938071675159193,0.23260155974709246
-0.22248,0.0011040621170737923,0.2340366815237153,0.00029711513711868455,0.2352204165153075
-0.22176,0.0011234454520373575,0.2381455186276988,0.00030043992575458145,0.23785258859292413
-0.22104,0.0011423730708381634,0.2421577540126309,0.00030378143294014433,0.2404979964290891
-0.22032,0.0011608029334267008,0.24606447612043333,0.00030713955660755974,0.24315655921865115
-0.2196,0.0011786932504277306,0.24985682653041347,0.0003105141931083959,0.2458281949051135
-0.21888,0.0011960025907160217,0.25352602276293457,0.0003139052372174906,0.24851282018371187
-0.21816,0.0012126899900543433,0.2570633813082607,0.00031731258213698015,0.25121035050460394
-0.21744,0.0012287150605361453,0.2604603408259777,0.00032073611950048195,0.2539207000761807
-0.21672,0.0012440381005697238,0.26370848545919673,0.00032417573937742843,0.2566437818684978
-0.216,0.001258620205135467,0.26679956820664535,0.0003276313302775439,0.2593795076168193
-0.21528,0.0012724233760433676,0.2697255342948141,0.0003311027791554802,0.2621277878252881
-0.21456,0.001285410631914014,0.27247854449148795,0.000334589971415591,0.26488853177070537
-0.21384,0.0012975461176031947,0.2750509983013351,0.00033809279091686,0.2676616475064321
-0.21312,0.0013087952127876139,0.27743555698367045,0.0003416111199779824,0.2704470418664123
-0.2124,0.0013191246394274345,0.27962516633213136,0.000345144839382583,0.2732446204693037
-0.21168,0.0013285025678201991,0.28161307915575645,0.0003486938283845949,0.2760542877227362
-0.21096,0.0013368987209602188,0.2833928774008617,0.00035225796471377704,0.27887594682768
-0.21024,0.001344284476917865,0.2849584938531795,0.00035583712458138304,0.2817094997829334
-0.20952,0.0013506329689541286,0.2863042333599246,0.00035943118268598007,0.2845548473897294
-0.2088,0.0013559191830876045,0.28742479351183114,0.00036304001221940764,0.2874118892564536
-0.20808,0.0013601200528335074,0.2883152847257225,0.0003666634848728912,0.2902805238034837
-0.20736,0.0013632145508375637,0.28897124966886406,0.0003703014708432952,0.2931606482681401
-0.20664,0.0013651837771315406,0.28938868196717815,0.00037395383883952676,0.2960521587097558
-0.20592,0.0013660110437418657,0.28956404414039444,0.0003776204560890849,0.2989549500148611
-0.2052,0.0013656819553882293,0.28949428470836425,0.000381301188344751,0.30186891590248016
-0.20448,0.0013641844860151813,0.28917685441406116,0.00038499589989142994,0.3047939489295473
-0.20376,0.0013615090509065844,0.28860972151024633,0.000388704453553131,0.3077299404964335
-0.20304,0.0013576485741404096,0.2877913860583883,0.00039242671070009613,0.3106767808525897
-0.20232,0.0013525985511495247,0.286720893190163,0.00039616253125607015,0.3136343591023025
-0.2016,0.0013463571061632241,0.2853978452837842,0.0003999117737057146,0.31660256321056357
-0.20088,0.0013389250443137102,0.2838224130094215,0.0004036742951021649,0.3195812800090526
-0.20016,0.0013303058982021422,0.28199534520017017,0.0004074499510747304,0.32257039520223313
-0.19944,0.001320505968729704,0.2799179775073317,0.00041123859583673354,0.3255697933735586
-0.19872,0.0013095343600106613,0.2775922398012079,0.0004150400821934944,0.328579357991794
-0.198,0.0012974030081965712,0.27502066228119365,0.00041885426155045173,0.3315989714174446
-0.19728,0.0012841267040533595,0.2722063802616167,0.0004226809839214278,0.33462851490929935
-0.19656,0.0012697231091463282,0.26915313760260046,0.0004265200979370316,0.33766786863108345
-0.19584000000000001,0.0012542127655018073,0.26586528875811966,0.00043037145085320154,0.34071691165822166
-0.19512,0.0012376190986284176,0.2623477994164411,0.0004342348885598857,0.34377552198470995
-0.1944,0.0012199684137956038,0.2586062457112553,0.00043811025558985995,0.3468435765300969
-0.19368,0.0012012898854821636,0.2546468119849986,0.00044199739512768655,0.3499209511465758
-0.19296,0.0011816155399230048,0.2504762870891529,0.00044589614901880656,0.3530075206261833
-0.19224,0.0011609802306982336,0.24610205920967357,0.0004498063577787675,0.35610315870810444
-0.19152,0.0011394216073247938,0.24153210920911375,0.0004537278606025905,0.3592077380860886
-0.1908,0.0011169800768273854,0.2367750024805114,0.00045766049537426806,0.36232113041596864
-0.19008,0.0010936987582820337,0.23183987931163405,0.0004616040986763991,0.36544320632328886
-0.18936,0.0010696234303426422,0.22673644376177196,0.00046555850579995387,0.3685738354110358
-0.18864,0.001044802471777866,0.2214749510568741,0.0004695235507541769,0.37171288626747767
-0.18792,0.0010192867950629275,0.21606619351248585,0.00047349906627661614,0.374860226474105
-0.1872,0.0009931297730881854,0.21052148499759132,0.00047748488384328694,0.3780157226136767
-0.18648,0.0009663871590636895,0.20485264395615535,0.0004814808336789672,0.38117924027837086
-0.18576,0.0009391169997162012,0.19907197500681714,0.0004854867447676171,0.3843506440780336
-0.18504,0.0009113795418925248,0.19319224914486788,0.0004895024448629341,0.3875297976485355
-0.18432,0.0008832371327001541,0.18722668257428265,0.0004935277604990332,0.3907165636602268
-0.1836,0.0008547541133333146,0.1811889142011964,0.0004975625170012543,0.39391080382649335
-0.18288000000000001,0.0008259967067494483,0.1750929818238096,0.0005016065384970959,0.39711237891241274
-0.18216,0.0007970328993778032,0.1689532970572333,0.0005056596479272748,0.4003211487435101
-0.18144,0.0007679323170583089,0.162784619035282,0.0005097216670569132,0.4035369722146146
-0.18072,0.0007387660954249893,0.15660202693463202,0.0005137924164868454,0.4067597072988107
-0.18,0.0007096067449640392,0.1504208913701268,0.0005178717156650504,0.4099892110564891
-0.17928,0.0006805280109920357,0.14425684471326303,0.0005219593828982054,0.41322533964449376
-0.17856,0.0006516047288147843,0.13812575038907882,0.0005260552353633632,0.41646794832536627
-0.17784,0.0006229126743418416,0.13204367120974547,0.0005301590891197446,0.4197168914766818
-0.17712,0.0005945284104457207,0.12602683680612692,0.000534270759120658,0.42297202260048594
-0.1764,0.0005665291293683243,0.12009161022143863,0.0005383900592255304,0.4262331943328187
-0.17568,0.0005389924914899962,0.11425445373386267,0.0005425168022120582,0.4295002584533349
-0.17496,0.0005119964607888669,0.10853189397757827,0.0005466507997884786,0.43277306589501846
-0.17424,0.0004856191373298103,0.10294048643413599,0.0005507918626059493,0.4360514667539838
-0.17352,0.00045993858713320085,0.09749677936840757,0.0005549398002710501,0.4393353102993728
-0.1728,0.00043503266978392924,0.09221727728552082,0.0005590944213583925,0.44262444498333736
-0.17208,0.00041097886415052007,0.08711840398717788,0.0005632555334233443,0.44591871845111375
-0.17136,0.00038785409259290413,0.08221646530760202,0.0005674229430148678,0.4492179775511861
-0.17064000000000001,0.0003657345440452176,0.07752761161101489,0.0005715964556884654,0.45252206834553493
-0.16992000000000002,0.00034469549636702653,0.07306780013403621,0.0005757758760192326,0.45583083611997144
-0.16920000000000002,0.00032481113836250244,0.06885275725769657,0.0005799610076150274,0.4591441253945633
-0.16848,0.00030615439187235384,0.06489794079487272,0.0005841516531297396,0.46246177993413956
-0.16776,0.00028879673434763594,0.06121850237987038,0.0005883476142766682,0.46578364275888123
-0.16704,0.00027280802231799547,0.05782925004760757,0.000592548691842005,0.4691095561549965
-0.16632,0.00025825631616939264,0.05474461109037793,0.0005967546856984245,0.4724393616854788
-0.1656,0.00024520770664782494,0.051978595280488184,0.0006009653948187693,0.47577290020094215
-0.16488,0.00023372614350614955,0.049544758547184965,0.0006051806172898456,0.47911001185054214
-0.16416,0.00022387326671064346,0.04745616719618932,0.0006094001503263135,0.4824505360929728
-0.16344,0.0002157082406225166,0.04572536275985519,0.000613623790284679,0.485794311707544
-0.16272,0.00020928759156716884,0.0443643275654545,0.0006178513326773871,0.48914117680533836
-0.162,0.0002046650492005482,0.04338445110836348,0.0006220825721870043,0.4924909688404396
-0.16128,0.00020189139207755453,0.04279649731598943,0.0006263173026805047,0.4958435246212423
-0.16056,0.00020101429782200418,0.042610572787126356,0.000630555317223648,0.4991986803218349
-0.15984,0.00020207819829124696,0.04283609609006608,0.0006347964080954478,0.5025562714934537
-0.15912,0.00020512414012114138,0.04348176820122603,0.0006390403668027384,0.5059161330760156
-0.1584,0.0002101896510286894,0.044555544164273125,0.0006432869840948282,0.5092780994097182
-0.15768000000000001,0.00021730861224029388,0.04606460604774376,0.0006475360499782425,0.5126420042467122
-0.15696000000000002,0.0002265111374033007,0.048015337276976454,0.000651787353731558,0.5160076807628451
-0.15624000000000002,0.00023782345832722436,0.05041329841378578,0.0006560406839203216,0.5193749615694723
-0.15552,0.0002512678178889303,0.05326320445473636,0.0006602958284120575,0.5227436787253373
-0.1548,0.00026686237042295076,0.05656890371609908,0.0006645525743913557,0.5261136637485184
-0.15408,0.00028462108990421063,0.060333358370625395,0.0006688107083750485,0.5294847476284426
-0.15336,0.00030455368621562994,0.0645586266981362,0.0006730700162274645,0.5328567608379613
-0.15264,0.00032666552977748844,0.06924584710861878,0.0006773302831757656,0.5362295333454943
-0.15192,0.0003509575847990271,0.07439522399304678,0.0006815912938253642,0.5396028946272333
-0.1512,0.00037742635139561626,0.08000601545350357,0.0006858528321754154,0.5429766736794079
-0.15048,0.00040606381679693816,0.08607652296039925,0.000690114681634391,0.5463506990306148
-0.14976,0.0004368574158530597,0.09260408298063388,0.0006943766250357218,0.549724798754202
-0.14904,0.00046979000102606187,0.09958506061648859,0.0006986384446535217,0.5530988004807164
-0.14832,0.0005048398220350545,0.10701484529082006,0.0007028999222183777,0.5564725314104053
-0.1476,0.000541980515302012,0.11488784850981192,0.0007071608389332168,0.5598458183257775
-0.14688,0.0005811811033249381,0.12319750373009943,0.0007114209754892367,0.5632184876042156
-0.14616,0.0006224060040834709,0.13193626835254926,0.000715680112081912,0.5665903652306472
-0.14544,0.0006656150505601889,0.1410956278603433,0.0007199380284270617,0.5699612768102662
-0.14472000000000002,0.0007107635204386723,0.1506661021143091,0.0007241945037769845,0.5733310475813058
-0.14400000000000002,0.0007578021760167974,0.16063725381365282,0.0007284493169366582,0.576699502427864
-0.14328000000000002,0.000806677314350899,0.17099769912540982,0.0007327022462800037,0.5800664658927793
-0.14256,0.0008573308276233625,0.18173512048103493,0.0007369530697662077,0.5834317621905528
-0.14184,0.0009097002737029237,0.1928362815336213,0.000741201564956105,0.586795215220318
-0.14112,0.0009637189568435821,0.20428704426428004,0.0007454475090286221,0.5901566485788587
-0.1404,0.0010193160184445507,0.2160723882212366,0.0007496906787972765,0.5935158855736719
-0.13968,0.0010764165377701506,0.22817643187021452,0.00075393085072673,0.5968727492360714
-0.13896,0.0011349416425051647,0.2405824560297185,0.0007581678009494005,0.6002270623343403
-0.13824,0.0011948086289977193,0.25327292935985823,0.000762401305282118,0.6035786473869167
-0.13752,0.0012559310920185827,0.26622953586844184,0.0007666311392428415,0.6069273266756281
-0.1368,0.0013182190638427547,0.27943320439318803,0.0007708570780674203,0.610272922258961
-0.13608,0.0013815791624363755,0.29286414001406424,0.0007750788967264042,0.6136152559853696
-0.13536,0.0014459147485096444,0.30650185734502206,0.0007792963699418975,0.6169541495066183
-0.13464,0.0015111260911742181,0.3203252156496913,0.0007835092722044656,0.6202894242911666
-0.13392,0.001577110541921951,0.3343124557210144,0.0007877173777900759,0.6236209016375808
-0.1332,0.0016437627166206435,0.3484412384603088,0.000791920460777089,0.6269484026879857
-0.13248000000000001,0.0017109746852017244,0.36268868508684765,0.0007961182950632858,0.6302717484415447
-0.13176000000000002,0.001778636168694769,0.37703141890480857,0.0008003106543829322,0.633590759767969
-0.13104000000000002,0.0018466347432442255,0.391445608550294,0.0008044973123238872,0.6369052574210629
-0.13032000000000002,0.001914856050724946,0.40590701263715273,0.0008086780423447412,0.6402150620522907
-0.1296,0.001983184015555094,0.4203910257165075,0.0008128526177919919,0.6435199942243754
-0.12888,0.002051501067287598,0.4348727254612064,0.0008170208119172505,0.6468198744249198
-0.12816,0.0021196883685450445,0.44932692098296434,0.0008211823978944835,0.6501145230800571
-0.12744,0.002187626047847036,0.46372820218659955,0.0008253371488372767,0.6534037605681182
-0.12672,0.0022551934368646295,0.47805099006271196,0.000829484837816137,0.6566874072333292
-0.126,0.0023222693116224744,0.492269587817187,0.0008336252378758127,0.6599652833995237
-0.12528,0.0023887321371566512,0.5063582327332309,0.0008377581220526434,0.663237209383878
-0.12456,0.0024544603151244395,0.5202911486591499,0.0008418832633919286,0.6665030055106623
-0.12384,0.002519332433851512,0.5340425990128095,0.000846000434965326,0.6697624921250136
-0.12312000000000001,0.002583227520292529,0.5475869401916919,0.0008501094098882604,0.6730154896067189
-0.12240000000000001,0.002646025293372597,0.5608986752756664,0.0008542099613373588,0.6762618183840173
-0.12168000000000001,0.002707606418169664,0.57395250790802,0.0008583018625679013,0.6795012989474167
-0.12096000000000001,0.0027678527603919355,0.5867233962390251,0.0008623848869312811,0.6827337518635154
-0.12024000000000001,0.0028266476405992016,0.5991866068152225,0.0008664588078924879,0.6859589977888441
-0.11952000000000002,0.0028838760876134257,0.6113177682968456,0.0008705233990475969,0.6891768574837113
-0.11880000000000002,0.0029394250905613014,0.6230929248852525,0.0008745784341412691,0.6923871518260583
-0.11808000000000002,0.0029931838489901767,0.6344885893419545,0.0008786236870842658,0.6955897018253246
-0.11736000000000002,0.0030450440204988897,0.6454817954808612,0.0008826589319709627,0.6987843286363139
-0.11664000000000002,0.0030948999653260746,0.6560501500155761,0.0008866839430968754,0.7019708535730684
-0.11592,0.003142648987341192,0.6661718836441506,0.000890698494976189,0.7051490981227471
-0.1152,0.0031881915708871977,0.6758259012544762,0.0008947023623592847,0.7083188839595003
-0.11448,0.003231431612928887,0.684991831134585,0.0008986953202502766,0.7114800329583547
-0.11376,0.003272276649967218,0.6936500730734534,0.0009026771439245388,0.7146323672090876
-0.11304,0.0033106380791875297,0.7017818452395195,0.0009066476089462367,0.7177757090301076
-0.11232,0.0033464313733183797,0.7093692297259908,0.0009106064911858493,0.7209098809823254
-0.1116,0.0033795762886878245,0.7163952166541618,0.0009145535668376906,0.7240347058830261
-0.11088,0.0034099970659752067,0.7228437467283398,0.000918488612437422,0.7271500068197326
-0.11016000000000001,0.003437622623169096,0.728699752138649,0.000922411404879554,0.7302556071640625
-0.10943999999999998,0.0034623867402556155,0.733949195710859,0.0009263217214349406,0.7333513305855767
-0.10871999999999998,0.0034842282351763127,0.738579108205552,0.0009302193397682598,0.7364370010656197
-0.10799999999999998,0.003503091130610689,0.7425776236723183,0.000934104037955484,0.7395124429111495
-0.10727999999999999,0.003518924811155554,0.7459340127682944,0.0009379755945013256,0.7425774807685498
-0.10655999999999999,0.0035316841704915868,0.7486387139542098,0.0009418337883566797,0.7456319396374382
-0.10583999999999999,0.003541329748146619,0.7506833624851694,0.0009456783989360367,0.7486756448844525
-0.10511999999999999,0.0035478278554853747,0.7520608171176841,0.0009495092061348815,0.7517084222570243
-0.10439999999999999,0.0035511506905765962,0.7527651844589539,0.0009533259903470654,0.7547300978971325
-0.10368,0.003551276441610456,0.7527918408890656,0.0009571285324821618,0.7577404983550435
-0.10296,0.00354818937856218,0.7521374519916475,0.000960916613982789,0.7607394506030253
-0.10224,0.0035418799328215443,0.7507999894335571,0.0009646900168419142,0.7637267820490462
-0.10152,0.00353234476453243,0.7487787452393725,0.0009684485236201229,0.7667023205504477
-0.1008,0.0035195868174119124,0.7460743434118244,0.0009721919174628619,0.7696658944275949
-0.10008,0.00350361536084426,0.7426887488547895,0.0009759199821176501,0.7726173324775014
-0.09936,0.0034844460190718335,0.7386252735611137,0.0009796325019512547,0.7755564639874284
-0.09864,0.0034621007873318513,0.7338885800332492,0.000983329261966838,0.778483118748459
-0.09792000000000001,0.003436608034815782,0.7284846819105792,0.0009870100478210605,0.7813971270690381
-0.09720000000000001,0.003408002494355967,0.7224209417832109,0.00099067464584115,0.7842983197884865
-0.09648000000000001,0.003376325238772657,0.7157060661780724,0.000994322843041934,0.7871865282904841
-0.09576000000000001,0.0033416236438433057,0.7083500977092233,0.0009979544271428258,0.7900615845165185
-0.09504000000000001,0.003303951337884964,0.7003644043904415,0.0010015691865847688,0.7929233209792987
-0.09432000000000001,0.0032633681379698283,0.6917616661143331,0.0010051669105471436,0.7957715707761405
-0.09360000000000002,0.003219939972823235,0.6825558583084185,0.0010087473889646172,0.7986061676023055
-0.09288000000000002,0.0031737387924828586,0.6727622327848849,0.0010123104125439545,0.8014269457643107
-0.09216000000000002,0.003124842464827069,0.6623972958068938,0.001015855772780778,0.8042337401931967
-0.09144000000000002,0.0030733346591097985,0.6514787834005556,0.0010193832619762731,0.807026386457753
-0.09072000000000002,0.0030193047166683995,0.6400256339478629,0.0010228926732538503,0.8098047207777088
-0.09000000000000002,0.0029628475089997484,0.6280579581019728,0.0010263838005757423,0.8125685800368734
-0.08928000000000003,0.0029040632834286804,0.6155970060723374,0.0010298564387595539,0.8153178017962374
-0.08856000000000003,0.002843057496621051,0.6026651323331658,0.001033310383494754,0.8180522243070302
-0.08784000000000003,0.0027799406362215393,0.5892857578145941,0.0010367454313591035,0.8207716865237249
-0.08712000000000003,0.0027148280309239256,0.5754833296417974,0.0010401613798350327,0.823476028117004
-0.08640000000000003,0.002647839649308253,0.5612832784929285,0.0010435580273259483,0.82616508948667
-0.08568000000000003,0.002579099887805664,0.5467119736523673,0.0010469351731724815,0.8288387117745076
-0.08496000000000004,0.002508737348177366,0.531796675841196,0.001050292617668674,0.8314967368770994
-0.08424000000000004,0.0024368846049189143,0.5165654879120666,0.0010536301620780893,0.8341390074585789
-0.08352000000000004,0.002363677963025328,0.501047303500777,0.0010569476086498687,0.836765366963344
-0.08279999999999998,0.0022892572065756137,0.4852717537317673,0.001060244760634704,0.8393756596287003
-0.08207999999999999,0.0022137653386178073,0.4692691520795175,0.001063521422300755,0.8419697304974638
-0.08135999999999999,0.002137348312856916,0.4530704374923419,0.0010667773989494773,0.8445474254304912
-0.08063999999999999,0.002060154757668716,0.43670711588943556,0.0010700124969313944,0.8471085911191664
-0.07991999999999999,0.0019823356929815576,0.42021120014609636,0.0010732265236617815,0.8496530750978167
-0.07919999999999999,0.0019040442405866807,0.40361514868593723,0.001076419287636277,0.8521807257560727
-0.07848,0.0018254353284546186,0.3869518028025212,0.001079590598446418,0.8546913923511674
-0.07776,0.0017466653896511483,0.3702543228362213,0.0010827402667950908,0.8571849250201676
-0.07704,0.0016678920564609572,0.35355612333522163,0.0010858681045119055,0.8596611747921459
-0.07632,0.001589273850340546,0.3368908073324095,0.001088973924568486,0.8621199936002858
-0.0756,0.0015109698683340186,0.32029209987247814,0.001092057541093677,0.8645612342939202
-0.07488,0.00143313946659612,0.30379378092582965,0.0010951187693886621,0.8669847506505008
-0.07416,0.0013559419416762659,0.28742961782785836,0.0010981574259419976,0.8693903973874998
-0.07344,0.0012795362102252916,0.2712332973838856,0.0011011733284445593,0.8717780301742425
-0.07272,0.0012040804877931682,0.25523835778139903,0.0011041662958043953,0.8741475056436667
-0.07200000000000001,0.0011297319673910806,0.23947812045234315,0.0011071361481614958,0.8764986814040154
-0.07128000000000001,0.0010566464984948572,0.2239856220289654,0.001110082706902456,0.8788314160504451
-0.07056000000000001,0.0009849782671689693,0.20879354653719875,0.0011130057946750604,0.881145569176572
-0.06984000000000001,0.0009148794779909367,0.19393415797169036,0.0011159052354027625,0.8834410013859351
-0.06912000000000001,0.0008465000384552293,0.17943923339642853,0.0011187808542990694,0.8857175743033843
-0.06840000000000002,0.0007799872465334008,0.16533999671442065,0.0011216324778818324,0.8879751505863942
-0.06768000000000002,0.0007154854820634153,0.1516670532490751,0.0011244599339874295,0.890213593936292
-0.06696000000000002,0.0006531359026358014,0.1384503252788111,0.0011272630517848551,0.8924327691094119
-0.06624000000000002,0.0005930761446375102,0.1257189886649872,0.0011300416617897062,0.8946325419281681
-0.06552000000000002,0.0005354400301060528,0.11350141071148018,0.0011327955958780585,0.8968127792920395
-0.06480000000000002,0.00048035728003677897,0.10182508939218667,0.0011355246873002466,0.89897334918848
-0.06408000000000003,0.00042795323477496007,0.0907165940803464,0.0011382287706945314,0.9011141207037385
-0.06336000000000003,0.0003783485821117268,0.08020150791091149,0.0011409076821006648,0.9032349640335975
-0.06264000000000003,0.00033165909368888986,0.07030437190421492,0.0011435612589733406,0.9053357504940223
-0.06192000000000003,0.0002879953703022541,0.06104863097592196,0.0011461893401955388,0.9074163525317253
-0.06120000000000003,0.0002474625966762978,0.05245658195470121,0.0011487917660917579,0.9094766437346414
-0.060480000000000034,0.00021016030626498468,0.044549323725213266,0.0011513683784411337,0.911516498842315
-0.059760000000000035,0.00017618215661414804,0.03734670960991844,0.0011539190204904446,0.9135357937561945
-0.05904000000000004,0.0001456157158002489,0.03086730209883011,0.001156443536967001,0.9155344055498379
-0.05832000000000004,0.00011854226043852336,0.025128330031722053,0.0011589417740914224,0.9175122124790273
-0.05760000000000004,9.503658573056392e-05,0.020145648332428618,0.0011614135795902881,0.9194690939917849
-0.056879999999999986,7.516682799729252e-05,0.01593370038977114,0.0011638588027086778,0.9214049307383009
-0.05615999999999999,5.8994300118168576e-05,0.012505483174319883,0.001166277294222589,0.9233196045807639
-0.05543999999999999,4.6573340271290605e-05,0.009872515174650402,0.0011686689064512332,0.9252129986030956
-0.05471999999999999,3.795117434200681e-05,0.008044807231020678,0.0011710334932692058,0.9270849971205859
-0.05399999999999999,3.3167792339604995e-05,0.007030836338450363,0.00117337091011854,0.9289354856894354
-0.053279999999999994,3.225583913285299e-05,0.0068375224850787545,0.0011756810140206295,0.9307643511161945
-0.052559999999999996,3.5240519785548934e-05,0.0074702085854010504,0.0011779636635880306,0.9325714814671066
-0.05184,4.213951974292749e-05,0.008932643561556668,0.0011802187190361295,0.9343567660773452
-0.05112,5.2962940088809206e-05,0.011226968619280856,0.0011824460421946909,0.9361200955601569
-0.0504,6.771324806184492e-05,0.014353706758446034,0.0011846454965192706,0.9378613618158959
-0.04968,8.638524298716119e-05,0.018311755551326227,0.0011868169471025002,0.9395804580409584
-0.048960000000000004,0.00010896603774722555,0.023098383214831455,0.00118896026068524,0.9412772787366122
-0.048240000000000005,0.00013543505588289702,0.02870922799599475,0.0011910753056675984,0.9429517197177198
-0.04752000000000001,0.0001657640443824821,0.035138300882968376,0.0011931619521198193,0.9446036781213588
-0.04680000000000001,0.00019991710218323044,0.04237799164670875,0.0011952200717930358,0.9462330524153348
-0.04608000000000001,0.00023785072437619795,0.050419078211427014,0.0011972495381298838,0.9478397424065839
-0.04536000000000001,0.0002795138620717918,0.05925073934475678,0.0011992502262749818,0.9494236492494695
-0.04464000000000001,0.00032484799784971737,0.06886057065146949,0.0012012220130852764,0.9509846754539729
-0.043920000000000015,0.0003737872366835258,0.0792346038474618,0.0012031647771402398,0.9525227248937661
-0.043200000000000016,0.0004262584121965695,0.09035732928366151,0.0012050783987519389,0.9540377028141833
-0.04248000000000002,0.00048218120807303687,0.10221172168247412,0.001206962759974955,0.9555295158400746
-0.04176000000000002,0.00054146829441486,0.11477926904242297,0.0012088177446161635,0.956998071983548
-0.04104000000000002,0.0006040254788028159,0.1280400046597522,0.0012106432382443777,0.9584432806516041
-0.04032000000000002,0.000669751871788102,0.14197254220897043,0.0012124391281998382,0.959865052653649
-0.039600000000000024,0.0007385400665091125,0.15655411381762335,0.0012142053036035662,0.961263300208899
-0.038880000000000026,0.000810276332097251,0.17176061106403662,0.001215941655366571,0.9626379369536703
-0.03816000000000003,0.0008848408205052786,0.18756662882033823,0.001217648076198903,0.9639888779485453
-0.03744000000000003,0.0009621077863621942,0.20394551185681697,0.001219324460618572,0.9653160396854338
-0.03672000000000003,0.0010419458194298335,0.22086940411756564,0.0012209707049603076,0.9666193400945083
-0.03600000000000003,0.0011242180892085047,0.2383093005714507,0.0012225867073841746,0.9678986985510244
-0.035280000000000034,0.0012087826012119852,0.2562351015367275,0.0012241723678840424,0.9691540358820261
-0.034560000000000035,0.0012954924644062056,0.27461566937210985,0.001225727588295891,0.9703852743729213
-0.03384000000000004,0.001384196169281002,0.2934188874218139,0.001227252272305989,0.9715923377739565
-0.03312000000000004,0.0014747378760004634,0.31261172109704083,0.001228746325458889,0.9727751513065458
-0.03240000000000004,0.0015669577120546996,0.3321602809715501,0.0012302096551653021,0.9739336416695065
-0.03168000000000004,0.0016606920788144047,0.3520298877644277,0.00123164217070979,0.975067737045147
-0.030960000000000043,0.0017557739663693055,0.37218513907885414,0.001233043783258326,0.9761773671052539
-0.03023999999999999,0.0018520332760127397,0.39258997776168286,0.0012344144058656851,0.9772624630169426
-0.02951999999999999,0.0019492971497169437,0.41320776174489354,0.0012357539534826867,0.9783229574483905
-0.028799999999999992,0.0020473903059276127,0.434001335226591,0.001237062342963278,0.9793587845744449
-0.028079999999999994,0.002146135380991337,0.4549331010460495,0.0012383394930714586,0.980369880082106
-0.027359999999999995,0.0022453532755163986,0.47596509410451926,0.001239585324488052,0.9813561811758866
-0.026639999999999997,0.002344863504955614,0.49705905568101355,0.001240799759817316,0.9823176265830463
-0.02592,0.0024444845536895536,0.5181765084900979,0.001241982723593389,0.9832541565586944
-0.0252,0.002544034231879855,0.5392788323268777,0.0012431341422865887,0.9841657128907764
-0.024480000000000002,0.0026433300343552037,0.5603273401428666,0.0012442539443095351,0.985052238904922
-0.023760000000000003,0.002742189500786924,0.5812833543952227,0.0012453420600231266,0.9859136794691756
-0.023040000000000005,0.002840430576407317,0.6021082835110366,0.001246398421742345,0.9867499809985929
-0.022320000000000007,0.002937871972521467,0.6227636983078377,0.001247422963741904,0.9875610914597116
-0.021600000000000008,0.0030343335260625314,0.6432114082113413,0.0012484156222617314,0.9883469603748926
-0.02088000000000001,0.003129636557441529,0.6634135371116668,0.0012493763355122894,0.9891075388265308
-0.02016000000000001,0.0032236042259451425,0.6833325986997898,0.0012503050436797327,0.9898427794611402
-0.019440000000000013,0.0033160618819392347,0.702931571126875,0.0012512016889308984,0.9905526364933028
-0.018720000000000014,0.0034068374151415984,0.7221739708303756,0.0012520662154181393,0.9912370657094961
-0.018000000000000016,0.0034957615982348154,0.7410239253723381,0.0012528985692839812,0.9918960244717797
-0.017280000000000018,0.0035826684250991714,0.759446245137278,0.0012536986986656196,0.9925294717213554
-0.01656000000000002,0.0036673954429560164,0.7774064937392063,0.001254466553699255,0.993137367981999
-0.01584000000000002,0.003749784077724226,0.7948710569899825,0.0012552020865242565,0.9937196753633576
-0.015120000000000022,0.003829679951905935,0.8118072102840401,0.0012559052512871585,0.994276357564112
-0.014400000000000024,0.0039069331943328706,0.8281831842577387,0.0012565760041454892,0.9948073798750094
-0.013680000000000025,0.003981398741121383,0.8439682285851564,0.0012572143032714368,0.995312709181765
-0.012960000000000027,0.004052936627201965,0.8591326737758811,0.0012578201088553433,0.9957923139678277
-0.012240000000000029,0.0041214122678088945,0.8736479908445721,0.0012583933831090285,0.9962461643170122
-0.01152000000000003,0.004186696729336039,0.8874868487263831,0.0012589340902689542,0.996674231916004
-0.010800000000000032,0.0042486669889871785,0.9006231693170716,0.0012594421965992045,0.9970764900567187
-0.010080000000000033,0.004307206182672471,0.913032180021552,0.0012599176703943138,0.9974529136385406
-0.009360000000000035,0.004362203840627141,0.9246904636998308,0.0012603604819819124,0.9978034791704177
-0.008640000000000037,0.004413556110254347,0.9355760059047529,0.001260770603725206,0.9981281647728243
-0.007920000000000038,0.004461165965720791,0.9456682393116216,0.0012611480100252887,0.9984269501795924
-0.00720000000000004,0.004504943403861563,0.9549480852456808,0.0012614926773232835,0.9986998167396061
-0.006480000000000041,0.004544805625979546,0.9633979922195566,0.00126180458410231,0.9989467474183592
-0.005760000000000043,0.004580677205154317,0.9710019713990338,0.0012620837108892847,0.9991677267993813
-0.0050400000000000444,0.004612490238706173,0.9777456289220474,0.0012623300402565486,0.9993627410855253
-0.0043199999999999905,0.004640184485492168,0.9836161950023975,0.0012625435568233221,0.9995317781001197
-0.003599999999999992,0.004663707487743155,0.9886025497565006,0.0012627242472569994,0.9996748272879937
-0.0028799999999999937,0.004683014677183552,0.9926952456984249,0.0012628721002742528,0.9997918797163509
-0.0021599999999999953,0.004698069465208765,0.995886526855505,0.0012629871066419838,0.999882928075522
-0.0014399999999999968,0.004708843316929037,0.9981703444639961,0.0012630692591780927,0.9999479666795755
-0.0007199999999999984,0.0047153158089226705,0.9995423692114748,0.0012631185527520784,0.9999869914667906
0.0,0.004717474670576014,1.0,0.0012631349842854695,1.0
0.0007199999999999984,0.004715315808922674,0.9995423692114754,0.0012631185527520784,0.9999869914667906
0.0014399999999999968,0.004708843316929039,0.9981703444639967,0.0012630692591780927,0.9999479666795755
0.0021599999999999953,0.004698069465208763,0.9958865268555047,0.0012629871066419847,0.9998829280755227
0.0028799999999999937,0.004683014677183549,0.9926952456984242,0.0012628721002742535,0.9997918797163513
0.003599999999999992,0.004663707487743153,0.9886025497565001,0.001262724247256999,0.9996748272879934
0.0043199999999999905,0.004640184485492171,0.9836161950023983,0.0012625435568233221,0.9995317781001197
0.005039999999999989,0.004612490238706176,0.977745628922048,0.001262330040256548,0.9993627410855247
0.005759999999999987,0.004580677205154317,0.9710019713990338,0.0012620837108892847,0.9991677267993813
0.006479999999999986,0.004544805625979546,0.9633979922195566,0.0012618045841023104,0.9989467474183595
0.007199999999999984,0.004504943403861565,0.9549480852456811,0.001261492677323284,0.9986998167396064
0.007919999999999983,0.004461165965720796,0.9456682393116227,0.0012611480100252887,0.9984269501795924
0.008639999999999981,0.004413556110254351,0.9355760059047536,0.001260770603725206,0.9981281647728243
0.00935999999999998,0.004362203840627143,0.9246904636998312,0.001260360481981912,0.9978034791704173
0.010079999999999978,0.004307206182672474,0.9130321800215527,0.0012599176703943138,0.9974529136385406
0.010799999999999976,0.004248666988987182,0.9006231693170724,0.0012594421965992045,0.9970764900567187
0.011519999999999975,0.004186696729336042,0.8874868487263838,0.0012589340902689542,0.996674231916004
0.012239999999999973,0.0041214122678089,0.8736479908445732,0.001258393383109029,0.9962461643170127
0.012959999999999972,0.00405293662720197,0.8591326737758822,0.0012578201088553423,0.9957923139678269
0.01367999999999997,0.003981398741121388,0.8439682285851575,0.0012572143032714364,0.9953127091817646
0.014399999999999968,0.003906933194332879,0.8281831842577406,0.0012565760041454892,0.9948073798750094
0.015119999999999967,0.0038296799519059394,0.811807210284041,0.0012559052512871585,0.994276357564112
0.015839999999999965,0.0037497840777242345,0.7948710569899844,0.001255202086524257,0.9937196753633579
0.016559999999999964,0.003667395442956022,0.7774064937392074,0.001254466553699254,0.9931373679819984
0.017279999999999962,0.0035826684250991783,0.7594462451372794,0.0012536986986656181,0.9925294717213542
0.01799999999999996,0.0034957615982348254,0.7410239253723402,0.0012528985692839792,0.9918960244717782
0.01871999999999996,0.003406837415141604,0.7221739708303768,0.0012520662154181393,0.9912370657094961
0.019439999999999957,0.003316061881939241,0.7029315711268763,0.0012512016889308988,0.9905526364933032
0.020159999999999956,0.0032236042259451486,0.6833325986997911,0.001250305043679732,0.9898427794611396
0.020879999999999954,0.003129636557441538,0.6634135371116688,0.0012493763355122894,0.9891075388265308
0.021599999999999953,0.0030343335260625405,0.6432114082113433,0.001248415622261731,0.9883469603748922
0.022320000000000007,0.00293787197252147,0.6227636983078383,0.001247422963741904,0.9875610914597116
0.023040000000000005,0.0028404305764073174,0.6021082835110367,0.0012463984217423454,0.9867499809985932
0.023760000000000003,0.002742189500786922,0.5812833543952223,0.0012453420600231266,0.9859136794691756
0.024480000000000002,0.002643330034355206,0.560327340142867,0.0012442539443095351,0.985052238904922
0.0252,0.002544034231879859,0.5392788323268786,0.0012431341422865887,0.9841657128907764
0.02592,0.0024444845536895545,0.5181765084900981,0.00124198272359339,0.9832541565586952
0.026639999999999997,0.002344863504955615,0.4970590556810138,0.0012407997598173164,0.9823176265830467
0.027359999999999995,0.0022453532755163977,0.4759650941045191,0.0012395853244880528,0.9813561811758873
0.028079999999999994,0.0021461353809913383,0.4549331010460498,0.0012383394930714582,0.9803698800821057
0.028799999999999992,0.0020473903059276153,0.43400133522659157,0.0012370623429632775,0.9793587845744446
0.02951999999999999,0.001949297149716945,0.4132077617448938,0.0012357539534826867,0.9783229574483905
0.03023999999999999,0.0018520332760127397,0.39258997776168286,0.0012344144058656855,0.9772624630169431
0.030959999999999988,0.0017557739663693135,0.37218513907885586,0.001233043783258326,0.9761773671052539
0.031679999999999986,0.0016606920788144132,0.3520298877644295,0.00123164217070979,0.975067737045147
0.032399999999999984,0.0015669577120547078,0.33216028097155187,0.0012302096551653021,0.9739336416695065
0.03311999999999998,0.001474737876000471,0.31261172109704244,0.001228746325458889,0.9727751513065458
0.03383999999999998,0.0013841961692810103,0.29341888742181566,0.0012272522723059882,0.9715923377739557
0.03455999999999998,0.0012954924644062126,0.27461566937211135,0.0012257275882958916,0.9703852743729219
0.03527999999999998,0.0012087826012119926,0.25623510153672907,0.0012241723678840409,0.9691540358820249
0.035999999999999976,0.0011242180892085116,0.23830930057145217,0.0012225867073841746,0.9678986985510244
0.036719999999999975,0.0010419458194298402,0.22086940411756706,0.0012209707049603072,0.9666193400945079
0.03743999999999997,0.0009621077863622012,0.20394551185681845,0.0012193244606185725,0.9653160396854341
0.03815999999999997,0.0008848408205052848,0.18756662882033956,0.0012176480761989035,0.9639888779485456
0.03887999999999997,0.000810276332097257,0.1717606110640379,0.001215941655366571,0.9626379369536703
0.03959999999999997,0.0007385400665091192,0.15655411381762477,0.0012142053036035667,0.9612633002088994
0.04031999999999997,0.0006697518717881077,0.14197254220897165,0.0012124391281998377,0.9598650526536485
0.041039999999999965,0.0006040254788028218,0.1280400046597535,0.0012106432382443777,0.9584432806516041
0.041759999999999964,0.0005414682944148651,0.11477926904242405,0.0012088177446161635,0.956998071983548
0.04247999999999996,0.0004821812080730419,0.10221172168247519,0.001206962759974955,0.9555295158400746
0.04319999999999996,0.00042625841219657456,0.09035732928366258,0.0012050783987519389,0.9540377028141833
0.04391999999999996,0.00037378723668353035,0.07923460384746275,0.0012031647771402402,0.9525227248937664
0.04463999999999996,0.00032484799784972176,0.06886057065147042,0.001201222013085276,0.9509846754539726
0.045359999999999956,0.00027951386207179574,0.05925073934475762,0.0011992502262749818,0.9494236492494695
0.046079999999999954,0.00023785072437620142,0.05041907821142775,0.0011972495381298834,0.9478397424065835
0.04679999999999995,0.00019991710218323353,0.042377991646709405,0.0011952200717930358,0.9462330524153348
0.04751999999999995,0.00016576404438248485,0.03513830088296896,0.0011931619521198197,0.9446036781213591
0.048240000000000005,0.00013543505588289742,0.028709227995994836,0.0011910753056675984,0.9429517197177198
0.048960000000000004,0.00010896603774722566,0.02309838321483148,0.0011889602606852405,0.9412772787366125
0.04968,8.638524298716135e-05,0.01831175555132626,0.0011868169471025009,0.9395804580409589
0.0504,6.771324806184509e-05,0.014353706758446072,0.001184645496519271,0.9378613618158962
0.05112,5.296294008880931e-05,0.011226968619280879,0.0011824460421946909,0.9361200955601569
0.05184,4.2139519742927676e-05,0.008932643561556706,0.001180218719036129,0.9343567660773449
0.052559999999999996,3.524051978554889e-05,0.007470208585401041,0.0011779636635880306,0.9325714814671066
0.053279999999999994,3.225583913285289e-05,0.0068375224850787345,0.00117568101402063,0.9307643511161948
0.05399999999999999,3.3167792339605e-05,0.0070308363384503645,0.00117337091011854,0.9289354856894354
0.05471999999999999,3.795117434200678e-05,0.00804480723102067,0.0011710334932692067,0.9270849971205866
0.05543999999999999,4.6573340271290605e-05,0.009872515174650402,0.0011686689064512332,0.9252129986030956
0.05615999999999999,5.899430011816834e-05,0.012505483174319832,0.0011662772942225897,0.9233196045807643
0.056879999999999986,7.516682799729222e-05,0.01593370038977108,0.0011638588027086778,0.9214049307383009
0.057599999999999985,9.503658573056202e-05,0.020145648332428216,0.0011614135795902881,0.9194690939917849
0.05831999999999998,0.00011854226043852112,0.02512833003172158,0.0011589417740914233,0.9175122124790279
0.05903999999999998,0.00014561571580024629,0.03086730209882956,0.0011564435369670017,0.9155344055498383
0.05975999999999998,0.00017618215661414517,0.03734670960991783,0.0011539190204904442,0.9135357937561941
0.06047999999999998,0.00021016030626498132,0.04454932372521256,0.0011513683784411342,0.9115164988423153
0.06119999999999998,0.00024746259667629425,0.05245658195470046,0.0011487917660917583,0.9094766437346418
0.061919999999999975,0.00028799537030225087,0.061048630975921274,0.0011461893401955396,0.9074163525317259
0.06263999999999997,0.0003316590936888858,0.07030437190421406,0.001143561258973341,0.9053357504940226
0.06335999999999997,0.0003783485821117228,0.08020150791091064,0.0011409076821006648,0.9032349640335975
0.06407999999999997,0.0004279532347749552,0.09071659408034535,0.001138228770694532,0.9011141207037391
0.06479999999999997,0.00048035728003677485,0.10182508939218579,0.001135524687300247,0.8989733491884804
0.06551999999999997,0.0005354400301060482,0.11350141071147919,0.001132795595878059,0.8968127792920398
0.06623999999999997,0.000593076144637505,0.1257189886649861,0.0011300416617897066,0.8946325419281684
0.06695999999999996,0.0006531359026357959,0.13845032527880993,0.0011272630517848556,0.8924327691094124
0.06767999999999996,0.0007154854820634097,0.1516670532490739,0.00112445993398743,0.8902135939362923
0.06839999999999996,0.0007799872465333954,0.16533999671441948,0.0011216324778818333,0.8879751505863949
0.06911999999999996,0.0008465000384552229,0.1794392333964272,0.0011187808542990703,0.8857175743033849
0.06983999999999996,0.0009148794779909304,0.19393415797168903,0.0011159052354027625,0.8834410013859351
0.07055999999999996,0.0009849782671689632,0.20879354653719745,0.0011130057946750604,0.881145569176572
0.07127999999999995,0.0010566464984948514,0.22398562202896416,0.0011100827069024564,0.8788314160504455
0.07199999999999995,0.0011297319673910745,0.23947812045234187,0.0011071361481614962,0.8764986814040158
0.07271999999999995,0.0012040804877931622,0.25523835778139775,0.0011041662958043957,0.874147505643667
0.07343999999999995,0.001279536210225285,0.2712332973838842,0.0011011733284445587,0.8717780301742419
0.07415999999999995,0.0013559419416762587,0.28742961782785686,0.001098157425941998,0.8693903973875001
0.07488,0.0014331394665961189,0.3037937809258294,0.0010951187693886621,0.8669847506505008
0.0756,0.0015109698683340182,0.32029209987247803,0.001092057541093677,0.8645612342939202
0.07632,0.001589273850340545,0.3368908073324093,0.001088973924568486,0.8621199936002858
0.07704,0.0016678920564609572,0.35355612333522163,0.001085868104511905,0.8596611747921455
0.07776,0.001746665389651147,0.370254322836221,0.0010827402667950908,0.8571849250201676
0.07848,0.0018254353284546173,0.38695180280252095,0.0010795905984464184,0.8546913923511678
0.07919999999999999,0.0019040442405866794,0.40361514868593695,0.001076419287636278,0.8521807257560736
0.07991999999999999,0.0019823356929815563,0.4202112001460961,0.0010732265236617822,0.8496530750978172
0.08063999999999999,0.0020601547576687153,0.4367071158894354,0.0010700124969313944,0.8471085911191664
0.08135999999999999,0.002137348312856916,0.4530704374923419,0.0010667773989494773,0.8445474254304912
0.08207999999999999,0.0022137653386178065,0.4692691520795173,0.001063521422300754,0.8419697304974632
0.08279999999999998,0.0022892572065756132,0.48527175373176723,0.0010602447606347044,0.8393756596287006
0.08351999999999998,0.002363677963025323,0.5010473035007759,0.0010569476086498687,0.836765366963344
0.08423999999999998,0.0024368846049189078,0.5165654879120652,0.0010536301620780893,0.8341390074585789
0.08495999999999998,0.00250873734817736,0.5317966758411948,0.0010502926176686736,0.831496736877099
0.08567999999999998,0.00257909988780566,0.5467119736523665,0.0010469351731724824,0.8288387117745083
0.08639999999999998,0.002647839649308246,0.561283278492927,0.0010435580273259483,0.82616508948667
0.08711999999999998,0.0027148280309239217,0.5754833296417965,0.0010401613798350327,0.823476028117004
0.08783999999999997,0.002779940636221532,0.5892857578145926,0.001036745431359104,0.8207716865237252
0.08855999999999997,0.002843057496621046,0.6026651323331647,0.0010333103834947544,0.8180522243070305
0.08927999999999997,0.002904063283428679,0.6155970060723371,0.0010298564387595552,0.8153178017962385
0.08999999999999997,0.002962847508999743,0.6280579581019717,0.0010263838005757427,0.8125685800368737
0.09071999999999997,0.0030193047166683965,0.6400256339478624,0.0010228926732538507,0.8098047207777093
0.09143999999999997,0.0030733346591097937,0.6514787834005545,0.0010193832619762736,0.8070263864577534
0.09215999999999996,0.003124842464827065,0.662397295806893,0.0010158557727807775,0.8042337401931964
0.09287999999999996,0.0031737387924828573,0.6727622327848846,0.001012310412543955,0.8014269457643111
0.09359999999999996,0.0032199399728232323,0.6825558583084179,0.0010087473889646176,0.7986061676023058
0.09431999999999996,0.0032633681379698244,0.6917616661143323,0.001005166910547144,0.7957715707761408
0.09503999999999996,0.003303951337884961,0.7003644043904408,0.0010015691865847697,0.7929233209792994
0.09575999999999996,0.0033416236438433035,0.7083500977092229,0.0009979544271428258,0.7900615845165185
0.09647999999999995,0.003376325238772656,0.7157060661780722,0.000994322843041934,0.7871865282904841
0.09719999999999995,0.003408002494355964,0.7224209417832104,0.00099067464584115,0.7842983197884865
0.09791999999999995,0.0034366080348157808,0.7284846819105789,0.0009870100478210609,0.7813971270690384
0.09863999999999995,0.003462100787331847,0.7338885800332483,0.0009833292619668384,0.7784831187484593
0.09935999999999995,0.0034844460190718313,0.7386252735611133,0.0009796325019512551,0.7755564639874287
0.10007999999999995,0.00350361536084426,0.7426887488547895,0.0009759199821176501,0.7726173324775014
0.1008,0.0035195868174119106,0.746074343411824,0.0009721919174628622,0.7696658944275951
0.10152,0.00353234476453243,0.7487787452393725,0.0009684485236201231,0.766702320550448
0.10224,0.0035418799328215435,0.7507999894335569,0.0009646900168419144,0.7637267820490464
0.10296,0.003548189378562181,0.7521374519916477,0.000960916613982789,0.7607394506030253
0.10368,0.003551276441610456,0.7527918408890656,0.0009571285324821616,0.7577404983550434
0.10439999999999999,0.0035511506905765962,0.7527651844589539,0.0009533259903470656,0.7547300978971327
0.10511999999999999,0.003547827855485373,0.7520608171176837,0.0009495092061348813,0.7517084222570242
0.10583999999999999,0.003541329748146619,0.7506833624851694,0.0009456783989360363,0.7486756448844522
0.10655999999999999,0.0035316841704915894,0.7486387139542103,0.00094183378835668,0.7456319396374385
0.10727999999999999,0.003518924811155552,0.745934012768294,0.0009379755945013254,0.7425774807685496
0.10799999999999998,0.003503091130610686,0.7425776236723176,0.0009341040379554835,0.7395124429111491
0.10871999999999998,0.0034842282351763127,0.738579108205552,0.0009302193397682598,0.7364370010656197
0.10943999999999998,0.0034623867402556155,0.733949195710859,0.0009263217214349406,0.7333513305855767
0.11015999999999998,0.003437622623169097,0.7286997521386491,0.000922411404879554,0.7302556071640625
0.11087999999999998,0.003409997065975209,0.7228437467283403,0.0009184886124374225,0.727150006819733
0.11159999999999998,0.003379576288687824,0.7163952166541617,0.0009145535668376904,0.7240347058830259
0.11231999999999998,0.003346431373318382,0.7093692297259914,0.0009106064911858493,0.7209098809823254
0.11303999999999997,0.0033106380791875297,0.7017818452395195,0.0009066476089462371,0.7177757090301079
0.11375999999999997,0.003272276649967219,0.6936500730734537,0.0009026771439245394,0.7146323672090882
0.11447999999999997,0.0032314316129288894,0.6849918311345855,0.0008986953202502775,0.7114800329583554
0.11519999999999997,0.0031881915708871994,0.6758259012544765,0.0008947023623592847,0.7083188839595003
0.11591999999999997,0.0031426489873411937,0.6661718836441509,0.0008906984949761893,0.7051490981227472
0.11663999999999997,0.0030948999653260772,0.6560501500155766,0.0008866839430968759,0.7019708535730688
0.11735999999999996,0.0030450440204988927,0.6454817954808618,0.0008826589319709631,0.6987843286363142
0.11807999999999996,0.002993183848990182,0.6344885893419556,0.0008786236870842665,0.6955897018253251
0.11879999999999996,0.0029394250905613057,0.6230929248852534,0.0008745784341412698,0.6923871518260588
0.11951999999999996,0.002883876087613432,0.6113177682968469,0.0008705233990475974,0.6891768574837117
0.12023999999999996,0.002826647640599204,0.5991866068152231,0.0008664588078924883,0.6859589977888444
0.12095999999999996,0.0027678527603919407,0.5867233962390263,0.0008623848869312821,0.6827337518635161
0.12167999999999995,0.002707606418169672,0.5739525079080218,0.000858301862567902,0.6795012989474173
0.12239999999999995,0.002646025293372601,0.5608986752756673,0.0008542099613373598,0.6762618183840182
0.12311999999999995,0.0025832275202925365,0.5475869401916934,0.0008501094098882605,0.673015489606719
0.12383999999999995,0.002519332433851514,0.5340425990128099,0.0008460004349653264,0.6697624921250139
0.12455999999999995,0.0024544603151244464,0.5202911486591514,0.0008418832633919294,0.666503005510663
0.12527999999999995,0.00238873213715666,0.5063582327332328,0.0008377581220526438,0.6632372093838783
0.12599999999999995,0.0023222693116224814,0.49226958781718844,0.0008336252378758135,0.6599652833995243
0.12671999999999994,0.0022551934368646373,0.4780509900627136,0.0008294848378161372,0.6566874072333294
0.12744,0.002187626047847036,0.46372820218659955,0.0008253371488372763,0.6534037605681179
0.12816,0.0021196883685450445,0.44932692098296434,0.000821182397894483,0.6501145230800568
0.12888,0.0020515010672876003,0.43487272546120687,0.0008170208119172507,0.64681987442492
0.1296,0.001983184015555093,0.4203910257165073,0.0008128526177919921,0.6435199942243757
0.13032,0.0019148560507249491,0.4059070126371534,0.0008086780423447418,0.6402150620522913
0.13104,0.0018466347432442279,0.3914456085502945,0.0008044973123238878,0.6369052574210634
0.13176,0.0017786361686947724,0.3770314189048093,0.0008003106543829324,0.6335907597679692
0.13248,0.001710974685201728,0.36268868508684843,0.0007961182950632858,0.6302717484415447
0.13319999999999999,0.0016437627166206467,0.34844123846030944,0.0007919204607770898,0.6269484026879862
0.13391999999999998,0.0015771105419219553,0.33431245572101537,0.0007877173777900757,0.6236209016375805
0.13463999999999998,0.0015111260911742199,0.3203252156496917,0.0007835092722044658,0.6202894242911667
0.13535999999999998,0.0014459147485096466,0.3065018573450225,0.0007792963699418977,0.6169541495066184
0.13607999999999998,0.0013815791624363777,0.29286414001406474,0.0007750788967264042,0.6136152559853696
0.13679999999999998,0.0013182190638427566,0.2794332043931884,0.000770857078067421,0.6102729222589616
0.13751999999999998,0.0012559310920185862,0.26622953586844256,0.0007666311392428415,0.6069273266756281
0.13823999999999997,0.0011948086289977212,0.2532729293598586,0.0007624013052821182,0.6035786473869169
0.13895999999999997,0.0011349416425051675,0.24058245602971912,0.0007581678009494002,0.6002270623343401
0.13967999999999997,0.0010764165377701532,0.22817643187021508,0.000753930850726731,0.5968727492360721
0.14039999999999997,0.0010193160184445529,0.21607238822123706,0.0007496906787972765,0.5935158855736719
0.14112000000000002,0.0009637189568435817,0.20428704426427996,0.0007454475090286219,0.5901566485788585
0.14183999999999997,0.0009097002737029253,0.19283628153362165,0.000741201564956105,0.586795215220318
0.14256000000000002,0.0008573308276233616,0.18173512048103474,0.0007369530697662076,0.5834317621905527
0.14327999999999996,0.000806677314350903,0.17099769912541063,0.0007327022462800042,0.5800664658927798
0.14400000000000002,0.0007578021760167975,0.16063725381365285,0.0007284493169366582,0.576699502427864
0.14471999999999996,0.0007107635204386762,0.1506661021143099,0.0007241945037769846,0.5733310475813059
0.14544,0.0006656150505601889,0.1410956278603433,0.0007199380284270619,0.5699612768102663
0.14615999999999996,0.0006224060040834746,0.13193626835255004,0.0007156801120819125,0.5665903652306477
0.14688,0.0005811811033249384,0.1231975037300995,0.0007114209754892368,0.5632184876042157
0.14759999999999995,0.0005419805153020151,0.11488784850981258,0.0007071608389332171,0.5598458183257778
0.14832,0.0005048398220350547,0.1070148452908201,0.0007028999222183782,0.5564725314104056
0.14903999999999995,0.0004697900010260644,0.09958506061648913,0.000698638444653522,0.5530988004807166
0.14976,0.0004368574158530598,0.0926040829806339,0.0006943766250357214,0.5497247987542017
0.15047999999999995,0.00040606381679694027,0.08607652296039969,0.0006901146816343913,0.5463506990306152
0.1512,0.00037742635139561664,0.08000601545350365,0.0006858528321754155,0.542976673679408
0.15191999999999994,0.00035095758479902924,0.07439522399304722,0.0006815912938253643,0.5396028946272333
0.15264,0.00032666552977748855,0.06924584710861881,0.0006773302831757658,0.5362295333454945
0.15335999999999994,0.0003045536862156318,0.06455862669813658,0.0006730700162274648,0.5328567608379616
0.15408,0.00028462108990421063,0.060333358370625395,0.0006688107083750491,0.529484747628443
0.15479999999999994,0.000266862370422952,0.05656890371609934,0.0006645525743913562,0.5261136637485189
0.15552,0.0002512678178889303,0.05326320445473636,0.0006602958284120576,0.5227436787253374
0.15623999999999993,0.00023782345832722574,0.05041329841378607,0.0006560406839203222,0.5193749615694726
0.15696,0.00022651113740330085,0.04801533727697648,0.000651787353731558,0.5160076807628451
0.15767999999999993,0.0002173086122402951,0.046064606047744025,0.000647536049978243,0.5126420042467127
0.15839999999999999,0.0002101896510286892,0.044555544164273084,0.0006432869840948285,0.5092780994097185
0.15911999999999993,0.00020512414012114193,0.04348176820122615,0.0006390403668027392,0.5059161330760162
0.15983999999999998,0.00020207819829124696,0.04283609609006608,0.0006347964080954479,0.5025562714934538
0.16055999999999993,0.0002010142978220041,0.04261057278712634,0.0006305553172236484,0.4991986803218352
0.16127999999999998,0.00020189139207755458,0.042796497315989446,0.0006263173026805052,0.49584352462124265
0.16199999999999992,0.0002046650492005475,0.04338445110836333,0.000622082572187005,0.4924909688404401
0.16271999999999998,0.00020928759156716855,0.044364327565454435,0.0006178513326773874,0.48914117680533853
0.16343999999999992,0.00021570824062251557,0.04572536275985497,0.0006136237902846797,0.4857943117075445
0.16415999999999997,0.00022387326671064283,0.04745616719618918,0.0006094001503263135,0.4824505360929728
0.16487999999999992,0.00023372614350614828,0.049544758547184695,0.0006051806172898463,0.47911001185054264
0.16559999999999997,0.0002452077066478243,0.051978595280488045,0.0006009653948187695,0.4757729002009423
0.1663199999999999,0.00025825631616939085,0.05474461109037755,0.0005967546856984252,0.4724393616854794
0.16703999999999997,0.00027280802231799466,0.057829250047607396,0.0005925486918420056,0.4691095561549969
0.16776000000000002,0.0002887967343476364,0.06121850237987047,0.000588347614276668,0.46578364275888107
0.16847999999999996,0.00030615439187235314,0.06489794079487257,0.00058415165312974,0.46246177993413984
0.16920000000000002,0.00032481113836250233,0.06885275725769656,0.000579961007615027,0.45914412539456306
0.16991999999999996,0.0003446954963670246,0.0730678001340358,0.0005757758760192328,0.45583083611997166
0.17064000000000001,0.00036573454404521805,0.07752761161101497,0.0005715964556884652,0.45252206834553477
0.17135999999999996,0.00038785409259290207,0.08221646530760159,0.0005674229430148686,0.4492179775511867
0.17208,0.00041097886415051996,0.08711840398717785,0.0005632555334233443,0.44591871845111375
0.17279999999999995,0.0004350326697839268,0.09221727728552029,0.0005590944213583925,0.44262444498333736
0.17352,0.0004599385871332005,0.0974967793684075,0.0005549398002710501,0.4393353102993728
0.17423999999999995,0.00048561913732980753,0.10294048643413539,0.0005507918626059497,0.43605146675398415
0.17496,0.0005119964607888668,0.10853189397757824,0.000546650799788478,0.432773065895018
0.17567999999999995,0.0005389924914899933,0.11425445373386205,0.0005425168022120585,0.4295002584533351
0.1764,0.0005665291293683241,0.12009161022143858,0.0005383900592255301,0.4262331943328185
0.17711999999999994,0.000594528410445718,0.12602683680612634,0.0005342707591206581,0.422972022600486
0.17784,0.0006229126743418409,0.13204367120974533,0.0005301590891197445,0.41971689147668173
0.17855999999999994,0.0006516047288147826,0.13812575038907843,0.0005260552353633632,0.41646794832536627
0.17928,0.0006805280109920354,0.14425684471326297,0.0005219593828982054,0.41322533964449376
0.17999999999999994,0.0007096067449640374,0.15042089137012638,0.0005178717156650507,0.40998921105648933
0.18072,0.0007387660954249887,0.1566020269346319,0.0005137924164868454,0.4067597072988107
0.18143999999999993,0.0007679323170583057,0.16278461903528132,0.0005097216670569135,0.4035369722146149
0.18216,0.0007970328993778028,0.16895329705723325,0.0005056596479272745,0.40032114874350994
0.18287999999999993,0.0008259967067494451,0.17509298182380892,0.0005016065384970963,0.39711237891241313
0.18359999999999999,0.0008547541133333138,0.1811889142011962,0.0004975625170012543,0.39391080382649335
0.18431999999999993,0.0008832371327001503,0.18722668257428185,0.0004935277604990338,0.3907165636602272
0.18503999999999998,0.000911379541892524,0.1931922491448677,0.0004895024448629342,0.3875297976485356
0.18575999999999993,0.0009391169997161977,0.1990719750068164,0.00048548674476761724,0.38435064407803377
0.18647999999999998,0.0009663871590636882,0.20485264395615507,0.00048148083367896734,0.38117924027837097
0.18719999999999992,0.0009931297730881828,0.21052148499759077,0.00047748488384328743,0.3780157226136771
0.18791999999999998,0.001019286795062926,0.21606619351248552,0.00047349906627661625,0.37486022647410505
0.18863999999999992,0.0010448024717778623,0.22147495105687331,0.00046952355075417736,0.371712886267478
0.18935999999999997,0.0010696234303426407,0.22673644376177166,0.00046555850579995414,0.368573835411036
0.19007999999999992,0.0010936987582820315,0.23183987931163358,0.0004616040986763995,0.36544320632328925
0.19079999999999997,0.001116980076827384,0.2367750024805111,0.0004576604953742682,0.36232113041596875
0.1915199999999999,0.001139421607324791,0.24153210920911317,0.0004537278606025911,0.359207738086089
0.19223999999999997,0.0011609802306982318,0.2461020592096732,0.00044980635777876784,0.35610315870810466
0.1929599999999999,0.0011816155399230024,0.2504762870891524,0.00044589614901880716,0.35300752062618374
0.19367999999999996,0.0012012898854821623,0.25464681198499833,0.0004419973951276869,0.34992095114657606
0.19440000000000002,0.0012199684137956046,0.25860624571125546,0.00043811025558986006,0.34684357653009695
0.19511999999999996,0.0012376190986284157,0.26234779941644065,0.00043423488855988613,0.3437755219847103
0.19584000000000001,0.001254212765501807,0.26586528875811954,0.00043037145085320186,0.34071691165822193
0.19655999999999996,0.0012697231091463273,0.2691531376026003,0.0004265200979370323,0.337667868631084
0.19728,0.0012841267040533588,0.2722063802616166,0.00042268098392142755,0.3346285149092991
0.19799999999999995,0.0012974030081965707,0.27502066228119354,0.00041885426155045173,0.3315989714174446
0.19872,0.0013095343600106613,0.2775922398012079,0.0004150400821934944,0.328579357991794
0.19943999999999995,0.0013205059687297024,0.27991797750733144,0.000411238595836734,0.32556979337355896
0.20016,0.0013303058982021432,0.2819953452001704,0.0004074499510747304,0.32257039520223313
0.20087999999999995,0.001338925044313709,0.2838224130094213,0.0004036742951021649,0.3195812800090526
0.2016,0.001346357106163223,0.285397845283784,0.0003999117737057146,0.31660256321056357
0.20231999999999994,0.001352598551149524,0.28672089319016286,0.0003961625312560706,0.3136343591023028
0.20304,0.001357648574140409,0.2877913860583881,0.00039242671070009613,0.3106767808525897
0.20375999999999994,0.001361509050906586,0.2886097215102466,0.00038870445355313155,0.30772994049643393
0.20448,0.0013641844860151813,0.28917685441406116,0.00038499589989143005,0.3047939489295474
0.20519999999999994,0.0013656819553882293,0.28949428470836425,0.00038130118834475127,0.3018689159024804
0.20592,0.0013660110437418661,0.28956404414039455,0.0003776204560890849,0.2989549500148611
0.20663999999999993,0.0013651837771315402,0.28938868196717804,0.00037395383883952703,0.29605215870975604
0.20736,0.0013632145508375637,0.28897124966886406,0.0003703014708432952,0.2931606482681401
0.20807999999999993,0.0013601200528335074,0.2883152847257225,0.0003666634848728916,0.290280523803484
0.20879999999999999,0.0013559191830876053,0.2874247935118313,0.0003630400122194079,0.28741188925645383
0.20951999999999993,0.0013506329689541307,0.28630423335992505,0.0003594311826859806,0.28455484738972986
0.21023999999999998,0.001344284476917865,0.2849584938531795,0.0003558371245813837,0.2817094997829339
0.21095999999999993,0.0013368987209602188,0.2833928774008617,0.00035225796471377704,0.27887594682768
0.21167999999999998,0.0013285025678201991,0.28161307915575645,0.000348693828384595,0.27605428772273627
0.21239999999999992,0.0013191246394274364,0.27962516633213175,0.0003451448393825835,0.2732446204693041
0.21311999999999998,0.0013087952127876154,0.2774355569836708,0.0003416111199779825,0.2704470418664124
0.21383999999999992,0.0012975461176031953,0.2750509983013352,0.00033809279091686056,0.26766164750643257
0.21455999999999997,0.0012854106319140145,0.27247854449148806,0.0003345899714155909,0.2648885317707053
0.21527999999999992,0.0012724233760433691,0.26972553429481444,0.00033110277915548075,0.26212778782528856
0.21599999999999997,0.0012586202051354685,0.26679956820664563,0.00032763133027754457,0.2593795076168199
0.2167199999999999,0.0012440381005697253,0.26370848545919706,0.00032417573937742843,0.2566437818684978
0.21743999999999997,0.0012287150605361462,0.26046034082597785,0.0003207361195004822,0.25392070007618095
0.2181599999999999,0.0012126899900543463,0.2570633813082613,0.00031731258213698053,0.2512103505046042
0.21887999999999996,0.0011960025907160222,0.2535260227629346,0.0003139052372174909,0.2485128201837121
0.21960000000000002,0.0011786932504277293,0.2498568265304132,0.00031051419310839577,0.24582819490511343
0.22031999999999996,0.0011608029334267012,0.24606447612043345,0.00030713955660755985,0.24315655921865123
0.22104000000000001,0.001142373070838163,0.2421577540126308,0.0003037814329401448,0.24049799642908945
0.22175999999999996,0.0011234454520373598,0.2381455186276993,0.00030043992575458166,0.2378525885929243
0.22248,0.0011040621170737928,0.23403668152371537,0.00029711513711868466,0.2352204165153076
0.22319999999999995,0.0010842652504089603,0.229840184870896,0.0002938071675159199,0.23260155974709293
0.22392,0.001064097076211869,0.22556497925656915,0.00029051611584181926,0.22999609658199632
0.22463999999999995,0.0010435997554494136,0.22122000187061688,0.0002872420794005531,0.22740410405388325
0.22536,0.0010228152850005794,0.2168141551199238,0.0002839851539016388,0.22482565793416256
0.22607999999999995,0.001001785399015298,0.21235628571864232,0.0002807454334568156,0.22226083272931255
0.2268,0.0009805514727296996,0.20785516429915926,0.00027752301057705524,0.21970970167851422
0.22751999999999994,0.0009591544289404778,0.20331946558673583,0.0002743179761697339,0.21717233675141234
0.22824,0.000937634647331214,0.1987577491786992,0.00027113041953594414,0.21464880864598748
0.22895999999999994,0.0009160318768336663,0.19417844096697964,0.00026796042836796694,0.2121391867865546
0.22968,0.0008943851511964827,0.18958981524055035,0.0002648080887468843,0.20964353932187305
0.23039999999999994,0.0008727327079232927,0.18499997750210073,0.0002616734851403499,0.20716193312338144
0.23112,0.0008511119107309986,0.18041684803091396,0.00025855670040050215,0.20469443378354577
0.23183999999999994,0.0008295591756680839,0.175848146221587,0.000255457815762035,0.20224110561433184
0.23256,0.0008081099010211086,0.17130137572576232,0.0002523769108404094,0.19980201164578942
0.23327999999999993,0.0007867984011262326,0.16678381042163873,0.00024931406363022364,0.1973772136247621
0.23399999999999999,0.0007656578441905613,0.16230248123347588,0.0002462693505037254,0.1949667720137093
0.23471999999999993,0.0007447201942165447,0.15786416382085475,0.00024324284620947807,0.1925707459896503
0.23543999999999998,0.0007240161571104198,0.15347536715486293,0.00024023462387117255,0.19018919344322374
0.23615999999999993,0.0007035751310439403,0.14914232299588207,0.00023724475498659294,0.1878221709778687
0.23687999999999998,0.0006834251611263747,0.14487097628505696,0.00023427330942672346,0.18546973390911758
0.23759999999999992,0.0006635928984319418,0.14066697645902052,0.00023132035543501343,0.1831319362640144
0.23831999999999998,0.0006441035634156784,0.13653566969486916,0.00022838595962678112,0.1808088307806426
0.23903999999999992,0.0006249809137390252,0.13248209208990064,0.00022547018698877326,0.17850046890777654
0.23975999999999997,0.0006062472165143887,0.12851096377807675,0.0002225731008788661,0.17620690080464466
0.24047999999999992,0.0005879232249665031,0.12462668398274968,0.00021969476302592162,0.1739281753408157
0.24119999999999997,0.0005700281594966476,0.12083332700269611,0.0002168352335297822,0.17166434009619455
0.2419199999999999,0.0005525796931246949,0.11713463912615427,0.00021399457086141997,0.1694154413611404
0.24263999999999997,0.0005355939412726241,0.11353403646515539,0.00021117283186322723,0.1671815241366967
0.2433599999999999,0.0005190854558424645,0.11003460370017908,0.00020837007174945814,0.1649626321349408
0.24407999999999996,0.0005030672235308571,0.10663909372287768,0.00020558634410681198,0.16275880777944576
0.2447999999999999,0.0004875506683122755,0.10334992816246419,0.00020282170089516623,0.1605700922058607
0.24551999999999996,0.0004725456580128032,0.10016919877920707,0.0002000761924484507,0.15839652526260276
0.24624000000000001,0.00045806051488684376,0.09709866970645833,0.0001973498674756707,0.15623814551166726
0.24695999999999996,0.0004441020300997454,0.09413978052064867,0.0001946427730620729,0.15409499022955053
0.24768,0.0004306754820104575,0.0912936501168052,0.00019195495467045398,0.15196709540828615
0.24839999999999995,0.00041778465813985645,0.08856108136534924,0.0001892864561426168,0.14985449575659757
0.24912,0.00040543188070217296,0.08594256652419266,0.00018663731970096546,0.1477572247011609
0.24983999999999995,0.0003936180355694418,0.08343829337855886,0.00018400758595024669,0.14567531438798376
0.25056,0.0003823426045315293,0.08104815207939303,0.0001813972938794324,0.1436087956838954
0.25127999999999995,0.0003716037007076965,0.07877174264982813,0.00017880648086374433,0.14155769817814967
0.252,0.00036139810695922476,0.07660838312780961,0.00017623518266681782,0.13952205018413816
0.25271999999999994,0.00035172131714701025,0.07455711831179038,0.0001736834334430128,0.13750187874121947
0.25344,0.00034256758007257916,0.07261672907525138,0.00017115126573985607,0.1354972096166531
0.25415999999999994,0.00033392994593633524,0.0707857422148197,0.00016863871050063368,0.1335080673076514
0.25488,0.0003258003151424492,0.0690624407958227,0.00016614579706711362,0.13153447504353544
0.25559999999999994,0.0003181694892761532,0.06744487495834377,0.00016367255318241309,0.12957645478800464
0.25632,0.00031102722407586123,0.06593087314613692,0.00016121900499400121,0.12763402724151418
0.25703999999999994,0.0003043622842199092,0.06451805372020065,0.00015878517705684194,0.12570721184376316
0.25776,0.00029816249974544184,0.06320383691833062,0.00015637109233667025,0.12379602677628812
0.25847999999999993,0.0002924148239153698,0.06198545712163099,0.00015397677221340927,0.12190048896516859
0.2592,0.00028710539234809977,0.06085997538870592,0.0001516022364847173,0.12002061408383499
0.25991999999999993,0.0002822195832241942,0.059824292218135976,0.00014924750336967974,0.11815641655599152
0.26064,0.00027774207838391615,0.058875160499802584,0.0001469125895126224,0.11630790955863514
0.2613599999999999,0.0002736569251300793,0.05800919861572149,0.00014459750998707275,0.11447510502519151
0.26208,0.0002699475985514549,0.05722290365122272,0.00014230227829984069,0.11265801364874577
0.2627999999999999,0.00026659706418342955,0.0565126646776203,0.0001400269063952449,0.11085664488538836
0.26352,0.000263587840824417,0.055874776067898285,0.00013777140465945977,0.1090710069576565
0.2642399999999999,0.00026090206332891457,0.05530545080744606,0.0001355357819250025,0.10730110685808644
0.26496,0.0002585215452008694,0.05480083376246372,0.0001333200454753433,0.10554695035286338
0.2656799999999999,0.00025642784081426076,0.05435701486934542,0.00013112420104965147,0.10380854198557872
0.26639999999999997,0.0002546023070914972,0.05397004220913171,0.00012894825284766437,0.10208588508108486
0.2671199999999999,0.00025302616447431785,0.05363593493198826,0.0001267922035346915,0.10037898174945675
0.26783999999999997,0.00025168055702636823,0.05335069599761889,0.00012465605424673854,0.09868783289004857
0.2685599999999999,0.0002505466115115223,0.05311032469855954,0.00012253980459576587,0.09701243819565666
0.26927999999999996,0.0002496054952972477,0.05291082893440746,0.00012044345267506301,0.09535279615677457
0.2699999999999999,0.00024883847293791635,0.0527482372062281,0.00011836699506476065,0.0937089040659566
0.27071999999999996,0.0002482269612988732,0.05261861030163499,0.00011631042683745479,0.09208075802227052
0.2714399999999999,0.0002477525830883071,0.05251805264235917,0.00011427374156396286,0.09046835293585448
0.27215999999999996,0.00024739721867047805,0.05244272326750411,0.00011225693131919744,0.08887168253256715
0.27288,0.00024714305604063683,0.05238884642712032,0.00011025998668816405,0.08729073935873603
0.27359999999999995,0.0002469726388489845,0.05235272176221957,0.00010828289677208075,0.08572551478600227
0.27432,0.0002468689123682791,0.052330734048888036,0.00010632564919461279,0.08417599901625646
0.27503999999999995,0.000246815267307112,0.052319362485729104,0.00010438823010823339,0.0826421810866744
0.27576,0.0002467955813785191,0.05231518950548702,0.000102470624200697,0.08112404887484184
0.27647999999999995,0.00024679425854133206,0.05231490909334293,0.00010057281470163264,0.07962158910397427
0.2772,0.00024679626583959776,0.05231533459605484,9.86947833892534e-05,0.07813478734822873
0.27791999999999994,0.00024678716777337277,0.052313406007803646,9.683651059718058e-05,0.07666362803810638
0.27864,0.00024675315814229163,0.05230619672032336,9.499797522138353e-05,0.07520809446594658
0.27935999999999994,0.0002466810893114521,0.052290919726619714,9.317915472723181e-05,0.07376816879150998
0.28008,0.0002465584988573327,0.05226493326931363,9.138002515666084e-05,0.07234383204765144
0.28079999999999994,0.00024637363355963567,0.05222574592637991,8.960056113545047e-05,0.07093506414608232
0.28152,0.0002461154707131462,0.05217102112878858,8.784073588060981e-05,0.06954184388321695
0.28223999999999994,0.0002457737367418178,0.05209858110627826,8.610052120787884e-05,0.0681641489461114
0.28296,0.0002453389231053847,0.05200641025920512,8.437988753933162e-05,0.06680195591848298
0.28367999999999993,0.000244802299496821,0.05189265795611153,8.267880391109273e-05,0.06545524028681898
0.2844,0.0002441559243368556,0.05175564075833048,8.099723798115698e-05,0.0641239764465676
0.28511999999999993,0.0002433926525795362,0.05159384407459201,7.933515603731664e-05,0.06280813770841362
0.28584,0.00024250614085050191,0.051405923250223064,7.769252300519288e-05,0.06150769630463684
0.2865599999999999,0.0002414908499470667,0.05119070409710968,7.606930245637058e-05,0.060222623395552205
0.28728,0.00024034204473655392,0.05094718287214622,7.446545661663707e-05,0.058952889076032286
0.2879999999999999,0.00023905579149639775,0.050674525713395834,7.288094637432017e-05,0.05769846238210834
0.28872,0.00023762895274642026,0.05037206754464783,7.131573128872821e-05,0.056459311297652096
0.2894399999999999,0.00023605917963034727,0.05003931046046802,6.976976959869126e-05,0.055235402761137704
0.29016,0.00023434490191000777,0.04967592160519088,6.824301823119524e-05,0.054026702672477216
0.2908799999999999,0.00023248531564182525,0.04928173056060909,6.67354328101212e-05,0.052833175899939244
0.29159999999999997,0.00023048036861102915,0.04885672625834936,6.524696766507232e-05,0.05165478628713719
0.2923199999999999,0.00022833074360460406,0.048401053434108714,6.377757584030342e-05,0.05049149666009855
0.29303999999999997,0.00022603783960923417,0.047915008642035684,6.232720910373888e-05,0.04934326883440423
0.2937599999999999,0.00022360375102544486,0.04739903584858938,6.089581795608727e-05,0.0482100636224044
0.29447999999999996,0.00022103124499374424,0.04685372162618434,5.9483351640045525e-05,0.04709184084050533
0.2951999999999999,0.0002183237369328674,0.046279789967840906,5.808975814959453e-05,0.045988559316528434
0.29591999999999996,0.000215485264394112,0.045678096744884225,5.6714984239383415e-05,0.044900176897139744
0.2966399999999999,0.00021252045933937896,0.04504962383050373,5.5358975434204594e-05,0.043826650455351036
0.29735999999999996,0.0002094345189537009,0.04439547291265657,5.402167603855139e-05,0.042767935898086445
0.2980799999999999,0.0002062331751059418,0.043716859020413196,5.270302914626736e-05,0.04172398817382168
0.29879999999999995,0.00020292266257378584,0.04301510378835983,5.140297665027534e-05,0.040694761280286276
0.29952,0.00019950968615129965,0.04229162848413112,5.012145925239377e-05,0.03968020827223504
0.30023999999999995,0.00019600138675904472,0.04154794682450569,4.885841647323337e-05,0.03868028126928304
0.30096,0.00019240530667812193,0.04078565760579459,4.7613786662175857e-05,0.03769493146380554
0.30167999999999995,0.00018872935403050234,0.04000643717445929,4.638750700743428e-05,0.03672410912890262
0.3024,0.0001849817666286232,0.039212031764027794,4.5179513546188006e-05,0.035767763626422845
0.30311999999999995,0.00018117107531749277,0.038404249724433896,4.39897411748014e-05,0.03482584341505316
0.30384,0.00017730606693240698,0.037584953669874716,4.281812365911292e-05,0.03389829605846464
0.30455999999999994,0.0001733957469949379,0.0367560525711876,4.1664593644805276e-05,0.032985068233522256
0.30528,0.00016944930226898784,0.035919493818564095,4.05290826678442e-05,0.032086105738549156
0.30599999999999994,0.0001654760632975407,0.035077255280172116,3.9411521164994874e-05,0.031201353501652235
0.30672,0.0001614854670392062,0.03423133738193203,3.8311838484406364e-05,0.030330755589101678
0.30743999999999994,0.00015748701972179342,0.03338375523329814,3.7229962896268435e-05,0.029474255213767744
0.30816,0.00015349026002795844,0.032536530823432476,3.6165821603537154e-05,0.028631794743612018
0.30887999999999993,0.00014950472272547672,0.03169168531162921,3.511934075272808e-05,0.027803315710232184
0.3096,0.00014553990285186066,0.03085123143524794,3.409044544477576e-05,0.026988758817459282
0.31031999999999993,0.0001416052205599833,0.030017166057765603,3.307905974596058e-05,0.02618806395000828
0.31104,0.0001377099867279168,0.029191462878824972,3.2085106698896146e-05,0.025401170182176577
0.3117599999999999,0.00013386336943261903,0.028376065327399842,3.110850833358405e-05,0.024628015786595854
0.31248,0.00013007436138313074,0.027572879658355084,3.0149185678526115e-05,0.023868538243029435
0.3131999999999999,0.0001263517484048364,0.026783768271808985,2.9207058771900073e-05,0.023122674247219848
0.31392,0.00012270407906193978,0.0260105432737718,2.8282046672792172e-05,0.022390359719781466
0.3146399999999999,0.00011913963550074794,0.025254960295568632,2.7374067472489255e-05,0.021671529815140242
0.31536,0.00011566640559153987,0.024518712588533463,2.6483038305826088e-05,0.02096611893051717
0.3160799999999999,0.00011229205644187505,0.02380342540941803,2.5608875362588557e-05,0.020274060714955966
0.31679999999999997,0.00010902390934903274,0.02311065071086448,2.475149389897107e-05,0.019595288078393697
0.3175199999999999,0.00010586891625404743,0.02244186215018312,2.3910808249086037e-05,0.018929733200772608
0.31823999999999997,0.00010283363775435484,0.021798450428521035,2.3086731836524597e-05,0.018277327541192524
0.3189599999999999,9.99242227266068e-05,0.021181718971350794,2.2279177185968708e-05,0.017638001847103933
0.31967999999999996,9.714638960555915e-05,0.02059287996000991,2.1488055934850418e-05,0.017011686163538403
0.3203999999999999,9.450540935929763e-05,0.02003305072282631,2.07132788450596e-05,0.016398309842377373
0.32111999999999996,9.200609019528047e-05,0.019503250493138592,1.9954755814697482e-05,0.0157978015516572
0.3218399999999999,8.965276402593948e-05,0.01900439754030363,1.9212395889875635e-05,0.015210089284910201
0.32255999999999996,8.744927471673017e-05,0.018537306678543843,1.8486107276557584e-05,0.014635100370539424
0.3232799999999999,8.539896813373988e-05,0.018102687157260874,1.7775797352443584e-05,0.014072761481227599
0.32399999999999995,8.350468400213482e-05,0.01770114093520691,1.7081372678895852e-05,0.013522998643378125
0.32472,8.176874958096535e-05,0.01733316133968372,1.6402739012903468e-05,0.012985737246587444
0.32543999999999995,8.019297515410369e-05,0.016999132110721422,1.57398013190866e-05,0.012460902053148573
0.32616,7.877865133142372e-05,0.0166993268289885,1.5092463781735511e-05,0.011948417207582149
0.32687999999999995,7.752654814873429e-05,0.01643390872499759,1.4460629816887915e-05,0.011448206246197834
0.3276,7.643691594947206e-05,0.016202930866004828,1.3844202084439108e-05,0.010960192106681694
0.32831999999999995,7.550948802577306e-05,0.01600633671585844,1.3243082500285712e-05,0.010484297137710158
0.32904,7.474348499126029e-05,0.015843961061932726,1.2657172248500523e-05,0.010020443108588616
0.32975999999999994,7.413762085276263e-05,0.015715531302197806,1.2086371793539614e-05,0.009568551218915559
0.33048,7.369011074318755e-05,0.015620669084417114,1.1530580892475861e-05,0.009128542108267615
0.33119999999999994,7.339868027296713e-05,0.015558892288446561,1.0989698607263336e-05,0.008700335865909051
0.33192,7.326057645284161e-05,0.015529617341622384,1.0463623317025129e-05,0.008283852040519797
0.33263999999999994,7.327258013631166e-05,0.01553216185628505,9.952252730369427e-06,0.00787900964994586
0.33336,7.343101992583694e-05,0.015565747577584946,9.45548389772644e-06,0.00748572719096623
0.33407999999999993,7.373178748281332e-05,0.01562950362885796,8.973213223710844e-06,0.00710392264907999
0.3348,7.417035417757975e-05,0.015722470041057663,8.505336479502781e-06,0.0067335135083081265
0.33551999999999993,7.47417890120764e-05,0.01584360155196133,8.051748815250944e-06,0.006374416761012806
0.33624,7.544077774449174e-05,0.01599177166017094,7.61234477249258e-06,0.006026548917730066
0.3369599999999999,7.626164314209288e-05,0.016165776918264017,7.187018296592368e-06,0.00568982601701743
0.33768,7.719836628563362e-05,0.016364341448855627,6.775662749195746e-06,0.005364163635312979
0.3383999999999999,7.824460884613129e-05,0.016586121666780976,6.3781709206983445e-06,0.005049476896807153
0.33912,7.93937362525205e-05,0.016829711190124174,5.994435042727569e-06,0.004745680483324197
0.3398399999999999,8.06388416666216e-05,0.01709364592237978,5.62434680063703e-06,0.004452688644213755
0.34056,8.19727706801371e-05,0.017376409287668322,5.2677973460114046e-06,0.004170415206250735
0.3412799999999999,8.338814664685936e-05,0.017676437600602418,4.9246773091811916e-06,0.0038987735835430007
0.34199999999999997,8.487739656211102e-05,0.017992125552154223,4.594876811744462e-06,0.003637676787444608
0.3427199999999999,8.643277740047664e-05,0.018321831792670336,4.27828547909736e-06,0.003387037436475961
0.34343999999999997,8.804640282226826e-05,0.018663884593050205,3.974792452967884e-06,0.0031467677662465705
0.3441599999999999,8.971027015878152e-05,0.019016587565021878,3.684286403956016e-06,0.002916779639382836
0.34487999999999996,9.141628758634071e-05,0.019378225421436884,3.4066555440753372e-06,0.0026969845554570045
0.3455999999999999,9.315630139929171e-05,0.019747069757539815,3.1417876392972254e-06,0.0024872936609181737
0.34631999999999996,9.492212329260521e-05,0.020121384834275117,2.8895700220947675e-06,0.002287617759023071
0.3470399999999999,9.670555756545819e-05,0.020499433344843,2.6498896039863253e-06,0.0020978673197665533
0.34775999999999996,9.849842815819612e-05,0.02087948214593577,2.4226328880764835e-06,0.0019179524898100412
0.3484799999999999,0.00010029260543631264,0.02125980793534747,2.207685981593849e-06,0.0017477831024074546
0.34919999999999995,0.00010208003263663292,0.02163870285797819,2.0049346084239517e-06,0.001587268687327272
0.3499199999999999,0.00010385275189263697,0.022014480022625394,1.8142641216362119e-06,0.001436318480769896
0.35063999999999995,0.00010560292975787098,0.022385478912381022,1.6355595160034728e-06,0.0012948414352791254
0.35136,0.0001073228821486426,0.0227500706719297,1.468705440513202e-06,0.0011627462296470395
0.35207999999999995,0.00010900509862966305,0.0231066632555662,1.3135862108688383e-06,0.001039941278811075
0.3528,0.00011064226596896756,0.023453706420316165,1.170085821979907e-06,0.0009263347437422149
0.35351999999999995,0.00011222729089134723,0.02378969654915901,1.038087960439956e-06,0.0008218345413235322
0.35424,0.00011375332196260494,0.024113181290004764,9.174760169910631e-07,0.0007263483542181053
0.35495999999999994,0.00011521377054019632,0.02442276399676534,8.081330989732372e-07,0.0006397836407249713
0.35568,0.00011660233072928596,0.024717107959595797,7.099420427579706e-07,0.0005620476446225348
0.35639999999999994,0.00011791299828681094,0.024994940412136544,6.227854261645149e-07,0.0004930474049982967
0.35712,0.00011914008841993077,0.025255056304389973,5.465455808574434e-07,0.00043268976606376986
0.35783999999999994,0.00012027825242909265,0.02549632183068116,4.811046047248758e-07,0.00038088138695408484
0.35856,0.00012132249314997142,0.025717677703006654,4.2634437423521843e-07,0.0003375287515105862
0.35927999999999993,0.0001222681791526631,0.02591814216094856,3.8214655677217315e-07,0.00030253817804622515
0.36,0.00012311105766070192,0.026096813710219623,3.4839262294614024e-07,0.0002758158290922637
