geometry,beta,criterion,branch_id,local_mode_index,eigenvalue,dominant_q,q_family,q_contrast,mean_abs_xyz,field_anisotropy,boundary_ratio,criterion_value,branch_overlap_prev
cubic,0.0,score_q,17,17,5.727495334112622,Z1,"1-axis:(1,)",0.24573912194290295,0.00021638867632598944,0.4171705361544112,3.6784063078637907,5.3175163318735677e-05,1.0
cubic,0.0,score_iso,8,8,2.88220793951544,Z1,"1-axis:(1,)",0.15139921439941528,0.00011271220073669311,0.9999999999999646,3.713972400291809,0.00011271220073668911,1.0
cubic,0.0,q_only,17,17,5.727495334112622,Z1,"1-axis:(1,)",0.24573912194290295,0.00021638867632598944,0.4171705361544112,3.6784063078637907,0.24573912194290295,1.0
cubic,0.0,xyz_only,17,17,5.727495334112622,Z1,"1-axis:(1,)",0.24573912194290295,0.00021638867632598944,0.4171705361544112,3.6784063078637907,0.00021638867632598944,1.0
cubic,0.25,score_q,18,18,6.6119772233501335,Z1,"1-axis:(1,)",0.302958213202752,0.00020189668177759997,0.5140506262374396,3.397147470315307,6.116625796290632e-05,0.7944752065230988
cubic,0.25,score_iso,18,18,6.6119772233501335,Z1,"1-axis:(1,)",0.302958213202752,0.00020189668177759997,0.5140506262374396,3.397147470315307,0.00010378511570303633,0.7944752065230988
cubic,0.25,q_only,5,5,2.646056264393772,Z1,"1-axis:(1,)",0.30935552087105045,1.176693768417413e-05,0.34475651586578965,2.704604988332339,0.30935552087105045,0.9779488800338638
cubic,0.25,xyz_only,16,17,6.611977223350079,Y1,"1-axis:(1,)",0.2365715453567671,0.0002040887664857546,0.396795986024772,3.3971474703153044,0.0002040887664857546,0.9634991329059501
cubic,0.5,score_q,16,18,7.426269501656027,Y1,"1-axis:(1,)",0.26639049040329316,0.0001712600084958219,0.704523791779255,3.1182461058103508,4.562203764967415e-05,0.900111788340574
cubic,0.5,score_iso,16,18,7.426269501656027,Y1,"1-axis:(1,)",0.26639049040329316,0.0001712600084958219,0.704523791779255,3.1182461058103508,0.00012065675056562386,0.900111788340574
cubic,0.5,q_only,6,7,3.2780775014831938,X1,"1-axis:(1,)",0.26919837328260193,1.879255302357543e-05,0.5158978850092434,2.359805371143624,0.26919837328260193,0.8327415129345204
cubic,0.5,xyz_only,18,16,7.426269501655878,X1,"1-axis:(1,)",0.13585436597738823,0.0001915676940937671,0.35010074926834084,3.118246105810352,0.0001915676940937671,0.903767878770094
cubic,0.75,score_q,18,16,8.171907502322862,Z1,"1-axis:(1,)",0.16998339496174256,0.00017184855230857095,0.46385058647279914,2.84895948120206,2.921140034067149e-05,0.847529241084418
cubic,0.75,score_iso,19,20,9.723050245232479,X1+Y1+Z1,"3-axis:(1, 1, 1)",0.12758313046945416,0.00013764962863441047,0.6952510855784424,2.5770110643907143,9.570105373754333e-05,0.40264505941978945
cubic,0.75,q_only,11,9,5.381011673328342,X1+Y1+Z2,"3-axis:(1, 1, 2)",0.17047928947497173,5.098499705480249e-06,0.7247764619373217,1.789958159855068,0.17047928947497173,0.814191589386171
cubic,0.75,xyz_only,16,18,8.171907502323023,Y1,"1-axis:(1,)",0.13998457422896451,0.000176413544242445,0.3942194870551071,2.8489594812020593,0.000176413544242445,0.8864786442674885
cubic,1.0,score_q,16,17,8.85198895688689,Y1,"1-axis:(1,)",0.13116099217936328,0.00015705385070241602,0.5102246627955573,2.5944796550877816,2.0599338883718475e-05,0.8130522648280124
cubic,1.0,score_iso,16,17,8.85198895688689,Y1,"1-axis:(1,)",0.13116099217936328,0.00015705385070241602,0.5102246627955573,2.5944796550877816,8.013274801538402e-05,0.8130522648280124
cubic,1.0,q_only,20,19,10.346181564060927,X1+Y2+Z2,"3-axis:(1, 2, 2)",0.19761499421448467,4.514763503446171e-05,0.842909464198908,2.4077492921143904,0.19761499421448467,0.8676374018511885
cubic,1.0,xyz_only,18,15,8.85198895688598,X1+Z1,"2-axis:(1, 1)",0.10865309324293151,0.00017442207036426103,0.351057582700872,2.5944795215212544,0.00017442207036426103,0.7697670780262383
cubic,1.5,score_q,16,18,10.03257844099598,X1+Y1+Z1,"3-axis:(1, 1, 1)",0.13601105457142065,0.00020752590682997807,0.35885285335214123,2.1407906936084067,2.8225817438835705e-05,0.8224971399534646
cubic,1.5,score_iso,16,18,10.03257844099598,X1+Y1+Z1,"3-axis:(1, 1, 1)",0.13601105457142065,0.00020752590682997807,0.35885285335214123,2.1407906936084067,7.447126381042824e-05,0.8224971399534646
cubic,1.5,q_only,19,20,11.255648301009243,X1+Y2+Z2,"3-axis:(1, 2, 2)",0.29622243699501993,8.955521582430787e-05,0.7291672949637019,1.5148362139307696,0.29622243699501993,4.2207383421644096e-13
cubic,1.5,xyz_only,16,18,10.03257844099598,X1+Y1+Z1,"3-axis:(1, 1, 1)",0.13601105457142065,0.00020752590682997807,0.35885285335214123,2.1407906936084067,0.00020752590682997807,0.8224971399534646
cubic,2.0,score_q,18,15,11.005786730486927,X1+Y2+Z1,"3-axis:(1, 1, 2)",0.19303203950779102,0.00018804655657274968,0.37482189377043396,1.7647058381249272,3.6299010337655075e-05,0.8648744224246028
cubic,2.0,score_iso,8,11,7.656571034224213,X1+Y2+Z2,"3-axis:(1, 2, 2)",0.0486480227731365,8.92639765882585e-05,0.9999999999999781,1.4279593146044147,8.926397658825655e-05,0.995939909114815
cubic,2.0,q_only,15,17,11.966981886204827,X1+Y1+Z1,"3-axis:(1, 1, 1)",0.26875226162883825,0.0001285098979217174,0.6081661548718206,1.3345160152663895,0.26875226162883825,0.11505528819453735
cubic,2.0,xyz_only,17,16,11.005786730486927,X1+Y2+Z2,"3-axis:(1, 2, 2)",0.16223965306115748,0.00019073786779759527,0.38537950793282144,1.7647058381249283,0.00019073786779759527,0.8531053049609233
cubic,3.0,score_q,15,19,13.144628477415626,X1+Y2+Z1,"3-axis:(1, 1, 2)",0.31984774484891954,0.000186958365794737,0.7916278525965506,1.0321857261542011,5.979821168008601e-05,0.09405617569969923
cubic,3.0,score_iso,15,19,13.144628477415626,X1+Y2+Z1,"3-axis:(1, 1, 2)",0.31984774484891954,0.000186958365794737,0.7916278525965506,1.0321857261542011,0.00014800144963904806,0.09405617569969923
cubic,3.0,q_only,15,19,13.144628477415626,X1+Y2+Z1,"3-axis:(1, 1, 2)",0.31984774484891954,0.000186958365794737,0.7916278525965506,1.0321857261542011,0.31984774484891954,0.09405617569969923
cubic,3.0,xyz_only,16,16,12.475793089340284,X1+Y1+Z1,"3-axis:(1, 1, 1)",0.223703199466675,0.0002271095336937252,0.383516429190727,1.2154715525182547,0.0002271095336937252,2.3127697673652747e-12
cubic,4.0,score_q,19,17,14.052756507454074,X1+Y1+Z2,"3-axis:(1, 1, 2)",0.3191770268107384,0.00022851364586897317,0.7418377542923446,0.794273827617332,7.293630607414083e-05,0.5615160105945421
cubic,4.0,score_iso,8,11,9.585987029435724,X1+Y2+Z1,"3-axis:(1, 1, 2)",0.09519600969340401,0.00018134141076413393,0.9999999999999903,0.6394818857514895,0.00018134141076413216,0.9951013232867963
cubic,4.0,q_only,19,17,14.052756507454074,X1+Y1+Z2,"3-axis:(1, 1, 2)",0.3191770268107384,0.00022851364586897317,0.7418377542923446,0.794273827617332,0.3191770268107384,0.5615160105945421
cubic,4.0,xyz_only,17,15,13.501975067937197,X1+Y1+Z2,"3-axis:(1, 1, 2)",0.25936861349634616,0.0002505222818946269,0.3466523268732458,0.86268612291214,0.0002505222818946269,0.7983748218339421
cubic,5.0,score_q,16,16,14.241920273083736,X1+Y1+Z1,"3-axis:(1, 1, 1)",0.2277710911761152,0.000321645494108225,0.3485592685459951,0.6330845939103601,7.326154516491114e-05,0.9636620406764734
cubic,5.0,score_iso,8,11,10.129165589346634,X1+Y1+Z1,"3-axis:(1, 1, 1)",0.10509127349505293,0.00024789725002803947,0.999999999999991,0.46057249896479463,0.00024789725002803724,0.997381977308657
cubic,5.0,q_only,3,3,5.079078561392004,X1+Y2+Z1,"3-axis:(1, 1, 2)",0.3341870483296328,0.0001030225829337774,0.25239471673336694,0.2329686023065433,0.3341870483296328,0.9365875660026138
cubic,5.0,xyz_only,16,16,14.241920273083736,X1+Y1+Z1,"3-axis:(1, 1, 1)",0.2277710911761152,0.000321645494108225,0.3485592685459951,0.6330845939103601,0.000321645494108225,0.9636620406764734
cubic,7.0,score_q,15,18,15.72174402429572,X1+Y2+Z2,"3-axis:(1, 2, 2)",0.3241143168923954,0.0003012554737144806,0.7287275094003322,0.3794571677738393,9.764121207306386e-05,0.8068189669371476
cubic,7.0,score_iso,8,11,10.83169045132679,X1+Y1+Z2,"3-axis:(1, 1, 2)",0.11467422375032212,0.0003589472045255957,0.9999999999999883,0.26705990425237836,0.00035894720452559154,0.9953250384944217
cubic,7.0,q_only,15,18,15.72174402429572,X1+Y2+Z2,"3-axis:(1, 2, 2)",0.3241143168923954,0.0003012554737144806,0.7287275094003322,0.3794571677738393,0.3241143168923954,0.8068189669371476
cubic,7.0,xyz_only,16,15,15.216419179815432,X1+Y1+Z1,"3-axis:(1, 1, 1)",0.19849243666298444,0.000429803274845706,0.34094352916399745,0.37320446845608773,0.000429803274845706,0.9162455698799793
cubic,10.0,score_q,19,17,16.56613290034953,X1+Y1+Z2,"3-axis:(1, 1, 2)",0.3059001368721876,0.0003304349556270691,0.6015019851495786,0.20707666122848467,0.00010108009815367567,0.7938309521894771
cubic,10.0,score_iso,8,11,11.418070123306986,X1+Y1+Z2,"3-axis:(1, 1, 2)",0.12000985280018163,0.0004761534851968112,0.9999999999999845,0.14272587652349647,0.0004761534851968038,0.9965386734487262
cubic,10.0,q_only,4,2,5.727495334112527,X1+Y2+Z2,"3-axis:(1, 2, 2)",0.3357389785947157,0.00015619266797799378,0.25333618468117886,0.07159369166745846,0.3357389785947157,0.7989950741008124
cubic,10.0,xyz_only,8,11,11.418070123306986,X1+Y1+Z2,"3-axis:(1, 1, 2)",0.12000985280018163,0.0004761534851968112,0.9999999999999845,0.14272587652349647,0.0004761534851968112,0.9965386734487262
ortho_1.05_1.20,0.0,score_q,17,17,4.475223622370482,Z1,"1-axis:(1,)",0.41495577852084464,0.00021124003427341488,0.9070294532956915,3.4190503040074485,8.765527287669478e-05,1.0
ortho_1.05_1.20,0.0,score_iso,17,17,4.475223622370482,Z1,"1-axis:(1,)",0.41495577852084464,0.00021124003427341488,0.9070294532956915,3.4190503040074485,0.00019160093280117863,1.0
ortho_1.05_1.20,0.0,q_only,17,17,4.475223622370482,Z1,"1-axis:(1,)",0.41495577852084464,0.00021124003427341488,0.9070294532956915,3.4190503040074485,0.41495577852084464,1.0
ortho_1.05_1.20,0.0,xyz_only,17,17,4.475223622370482,Z1,"1-axis:(1,)",0.41495577852084464,0.00021124003427341488,0.9070294532956915,3.4190503040074485,0.00021124003427341488,1.0
ortho_1.05_1.20,0.25,score_q,17,17,5.294677864929278,Z1,"1-axis:(1,)",0.3447548847084299,0.00018793329092280534,0.8876757345785125,3.1356534595950336,6.479092004496757e-05,0.9956449330465894
ortho_1.05_1.20,0.25,score_iso,17,17,5.294677864929278,Z1,"1-axis:(1,)",0.3447548847084299,0.00018793329092280534,0.8876757345785125,3.1356534595950336,0.00016682382207165852,0.9956449330465894
ortho_1.05_1.20,0.25,q_only,17,17,5.294677864929278,Z1,"1-axis:(1,)",0.3447548847084299,0.00018793329092280534,0.8876757345785125,3.1356534595950336,0.3447548847084299,0.9956449330465894
ortho_1.05_1.20,0.25,xyz_only,17,17,5.294677864929278,Z1,"1-axis:(1,)",0.3447548847084299,0.00018793329092280534,0.8876757345785125,3.1356534595950336,0.00018793329092280534,0.9956449330465894
ortho_1.05_1.20,0.5,score_q,17,18,6.043061557191241,Z1,"1-axis:(1,)",0.2696651959210615,0.0001654897222563721,0.8287863377419792,2.8523273655174717,4.4626818375186624e-05,0.9964354865105653
ortho_1.05_1.20,0.5,score_iso,17,18,6.043061557191241,Z1,"1-axis:(1,)",0.2696651959210615,0.0001654897222563721,0.8287863377419792,2.8523273655174717,0.00013715562084279593,0.9964354865105653
ortho_1.05_1.20,0.5,q_only,17,18,6.043061557191241,Z1,"1-axis:(1,)",0.2696651959210615,0.0001654897222563721,0.8287863377419792,2.8523273655174717,0.2696651959210615,0.9964354865105653
ortho_1.05_1.20,0.5,xyz_only,17,18,6.043061557191241,Z1,"1-axis:(1,)",0.2696651959210615,0.0001654897222563721,0.8287863377419792,2.8523273655174717,0.0001654897222563721,0.9964354865105653
ortho_1.05_1.20,0.75,score_q,17,18,6.721672366085845,Z1,"1-axis:(1,)",0.20084978577313545,0.00014470775173871877,0.7864997574210489,2.5788649688626646,2.906452093643373e-05,0.9970757916301927
ortho_1.05_1.20,0.75,score_iso,17,18,6.721672366085845,Z1,"1-axis:(1,)",0.20084978577313545,0.00014470775173871877,0.7864997574210489,2.5788649688626646,0.00011381261163944768,0.9970757916301927
ortho_1.05_1.20,0.75,q_only,17,18,6.721672366085845,Z1,"1-axis:(1,)",0.20084978577313545,0.00014470775173871877,0.7864997574210489,2.5788649688626646,0.20084978577313545,0.9970757916301927
ortho_1.05_1.20,0.75,xyz_only,17,18,6.721672366085845,Z1,"1-axis:(1,)",0.20084978577313545,0.00014470775173871877,0.7864997574210489,2.5788649688626646,0.00014470775173871877,0.9970757916301927
ortho_1.05_1.20,1.0,score_q,17,18,7.333889631639302,Z1,"1-axis:(1,)",0.14450786072617056,0.00012598419240815022,0.7555487496243533,2.322050074004382,1.8205706130216046e-05,0.997587745143252
ortho_1.05_1.20,1.0,score_iso,17,18,7.333889631639302,Z1,"1-axis:(1,)",0.14450786072617056,0.00012598419240815022,0.7555487496243533,2.322050074004382,9.518719904641183e-05,0.997587745143252
ortho_1.05_1.20,1.0,q_only,17,18,7.333889631639302,Z1,"1-axis:(1,)",0.14450786072617056,0.00012598419240815022,0.7555487496243533,2.322050074004382,0.14450786072617056,0.997587745143252
ortho_1.05_1.20,1.0,xyz_only,19,20,7.9455828572860705,Y1,"1-axis:(1,)",0.13059343870631343,0.00012865383899523898,0.7152190327038078,2.3458733541790195,0.00012865383899523898,0.9976331853881998
ortho_1.05_1.20,1.5,score_q,20,18,8.33828089828336,X1+Y1+Z2,"3-axis:(1, 1, 2)",0.10890315024361726,9.105806144559759e-05,0.36885775005180615,1.27293776006404,9.916509746502446e-06,0.9935314389079627
ortho_1.05_1.20,1.5,score_iso,19,20,9.006523349935753,Y1+Z1,"2-axis:(1, 1)",0.06625171367312015,0.000144166376290912,0.7215422705936838,1.9117620974034797,0.00010402213449220806,0.9928397609221984
ortho_1.05_1.20,1.5,q_only,13,11,6.376746522614495,X1+Y2+Z2,"3-axis:(1, 2, 2)",0.12162610157963967,4.19725882419321e-05,0.5475878358197348,1.2522057779884268,0.12162610157963967,0.9940719401053209
ortho_1.05_1.20,1.5,xyz_only,19,20,9.006523349935753,Y1+Z1,"2-axis:(1, 1)",0.06625171367312015,0.000144166376290912,0.7215422705936838,1.9117620974034797,0.000144166376290912,0.9928397609221984
ortho_1.05_1.20,2.0,score_q,20,18,8.926665676039446,X1+Y2+Z2,"3-axis:(1, 2, 2)",0.10978147509090776,0.00012541069098950542,0.33812999997984705,1.085468641367416,1.376777064899792e-05,0.9956597986999863
ortho_1.05_1.20,2.0,score_iso,19,20,9.870970913636908,X1+Y1+Z1,"3-axis:(1, 1, 1)",0.07096633405881639,0.0001597013284359202,0.725002611942342,1.5590002189595988,0.00011578388024670395,0.9950360767052437
ortho_1.05_1.20,2.0,q_only,13,11,6.947498893418683,X1+Y2+Z1,"3-axis:(1, 1, 2)",0.12128749560361121,5.390178566894553e-05,0.50988458485782,1.0385114538485702,0.12128749560361121,0.9963381348832374
ortho_1.05_1.20,2.0,xyz_only,19,20,9.870970913636908,X1+Y1+Z1,"3-axis:(1, 1, 1)",0.07096633405881639,0.0001597013284359202,0.725002611942342,1.5590002189595988,0.0001597013284359202,0.9950360767052437
ortho_1.05_1.20,3.0,score_q,20,18,9.855180433730014,X1+Y2+Z1,"3-axis:(1, 1, 2)",0.11194696865322498,0.0001794680378287347,0.30815236957502296,0.7871829405650248,2.009090280506916e-05,0.9896881052696671
ortho_1.05_1.20,3.0,score_iso,19,20,11.158813285682744,X1+Y2+Z1,"3-axis:(1, 1, 2)",0.09358194640330618,0.0001823165788979226,0.7262724958118293,1.055897686132502,0.00013241151678406853,0.9882737871602648
ortho_1.05_1.20,3.0,q_only,13,11,7.818994329518383,X1+Y1+Z2,"3-axis:(1, 1, 2)",0.12015556400059241,6.831014781681937e-05,0.4748285349789964,0.7264520415806036,0.12015556400059241,0.9919481454117768
ortho_1.05_1.20,3.0,xyz_only,19,20,11.158813285682744,X1+Y2+Z1,"3-axis:(1, 1, 2)",0.09358194640330618,0.0001823165788979226,0.7262724958118293,1.055897686132502,0.0001823165788979226,0.9882737871602648
ortho_1.05_1.20,4.0,score_q,20,17,10.529265935264663,X1+Y2+Z1,"3-axis:(1, 1, 2)",0.11405189496454633,0.00021691428660024583,0.2968672638339189,0.5735221253984724,2.4739485431640737e-05,0.9944618695700737
ortho_1.05_1.20,4.0,score_iso,19,20,12.045044773277125,X1+Y1+Z2,"3-axis:(1, 1, 2)",0.10376722273973699,0.0002177717506369519,0.7240995144645976,0.7406815969923123,0.0001576884189003223,0.9939603631175818
ortho_1.05_1.20,4.0,q_only,13,10,8.435922483572758,X1+Y2+Z1,"3-axis:(1, 1, 2)",0.11870504521499968,7.465903792972274e-05,0.46263627427572795,0.5215883746153014,0.11870504521499968,0.9959382621833586
ortho_1.05_1.20,4.0,xyz_only,19,20,12.045044773277125,X1+Y1+Z2,"3-axis:(1, 1, 2)",0.10376722273973699,0.0002177717506369519,0.7240995144645976,0.7406815969923123,0.0002177717506369519,0.9939603631175818
ortho_1.05_1.20,5.0,score_q,8,11,8.909438826994434,X1+Y2+Z2,"3-axis:(1, 2, 2)",0.10760881636756682,0.00027173872340569444,0.7210656243238441,0.38494893370328,2.9241482386920404e-05,0.9975284743799876
ortho_1.05_1.20,5.0,score_iso,8,11,8.909438826994434,X1+Y2+Z2,"3-axis:(1, 2, 2)",0.10760881636756682,0.00027173872340569444,0.7210656243238441,0.38494893370328,0.00019594145224549145,0.9975284743799876
ortho_1.05_1.20,5.0,q_only,2,2,4.069240134791206,X1+Y1+Z2,"3-axis:(1, 1, 2)",0.11756080852952643,8.524160750199465e-05,0.3334131794550547,0.17051904231088155,0.11756080852952643,0.9986449871356126
ortho_1.05_1.20,5.0,xyz_only,8,11,8.909438826994434,X1+Y2+Z2,"3-axis:(1, 2, 2)",0.10760881636756682,0.00027173872340569444,0.7210656243238441,0.38494893370328,0.00027173872340569444,0.9975284743799876
ortho_1.05_1.20,7.0,score_q,8,11,9.493851097189522,X1+Y2+Z1,"3-axis:(1, 1, 2)",0.11605141031298147,0.00038388012596479785,0.7155129087414934,0.22116512902515667,4.4549830009339765e-05,0.9956912928893793
ortho_1.05_1.20,7.0,score_iso,8,11,9.493851097189522,X1+Y2+Z1,"3-axis:(1, 1, 2)",0.11605141031298147,0.00038388012596479785,0.7155129087414934,0.22116512902515667,0.0002746711855371234,0.9956912928893793
ortho_1.05_1.20,7.0,q_only,2,2,4.326037251024485,X1+Y1+Z2,"3-axis:(1, 1, 2)",0.12001066261788897,0.00010943031728532715,0.3305149155523318,0.09650303391783384,0.12001066261788897,0.9977511504517415
ortho_1.05_1.20,7.0,xyz_only,8,11,9.493851097189522,X1+Y2+Z1,"3-axis:(1, 1, 2)",0.11605141031298147,0.00038388012596479785,0.7155129087414934,0.22116512902515667,0.00038388012596479785,0.9956912928893793
ortho_1.05_1.20,10.0,score_q,8,10,9.977839059105372,X1+Y1+Z2,"3-axis:(1, 1, 2)",0.12068911531305693,0.0004991376131404989,0.7098446705715653,0.11743330847520192,6.0240476949397666e-05,0.9968791217797186
ortho_1.05_1.20,10.0,score_iso,8,10,9.977839059105372,X1+Y1+Z2,"3-axis:(1, 1, 2)",0.12068911531305693,0.0004991376131404989,0.7098446705715653,0.11743330847520192,0.0003543101745695948,0.9968791217797186
ortho_1.05_1.20,10.0,q_only,2,2,4.536361041142375,X1+Y1+Z2,"3-axis:(1, 1, 2)",0.12131159576231368,0.00013242792911095225,0.32815028715263816,0.05086682426806391,0.12131159576231368,0.9984344043078568
ortho_1.05_1.20,10.0,xyz_only,8,10,9.977839059105372,X1+Y1+Z2,"3-axis:(1, 1, 2)",0.12068911531305693,0.0004991376131404989,0.7098446705715653,0.11743330847520192,0.0004991376131404989,0.9968791217797186
ortho_1.10_1.30,0.0,score_q,15,15,4.006817494335112,Z1,"1-axis:(1,)",0.4149556841858316,0.0002112399709591723,0.8264462809914664,3.2883790649251226,8.765522667675854e-05,1.0
ortho_1.10_1.30,0.0,score_iso,15,15,4.006817494335112,Z1,"1-axis:(1,)",0.4149556841858316,0.0002112399709591723,0.8264462809914664,3.2883790649251226,0.0001745784883959533,1.0
ortho_1.10_1.30,0.0,q_only,19,19,4.674692671315218,Y1,"1-axis:(1,)",0.4149556850534238,0.0002112399688156515,0.5118821777689332,3.283404786031469,0.4149556850534238,1.0
ortho_1.10_1.30,0.0,xyz_only,15,15,4.006817494335112,Z1,"1-axis:(1,)",0.4149556841858316,0.0002112399709591723,0.8264462809914664,3.2883790649251226,0.0002112399709591723,1.0
ortho_1.10_1.30,0.25,score_q,15,16,4.793524360143314,Z1,"1-axis:(1,)",0.3429120565047446,0.00018717044055895237,0.7541094369761394,3.0041011187754285,6.418300068896942e-05,0.9951480709392391
ortho_1.10_1.30,0.25,score_iso,15,16,4.793524360143314,Z1,"1-axis:(1,)",0.3429120565047446,0.00018717044055895237,0.7541094369761394,3.0041011187754285,0.00014114699554848754,0.9951480709392391
ortho_1.10_1.30,0.25,q_only,15,16,4.793524360143314,Z1,"1-axis:(1,)",0.3429120565047446,0.00018717044055895237,0.7541094369761394,3.0041011187754285,0.3429120565047446,0.9951480709392391
ortho_1.10_1.30,0.25,xyz_only,15,16,4.793524360143314,Z1,"1-axis:(1,)",0.3429120565047446,0.00018717044055895237,0.7541094369761394,3.0041011187754285,0.00018717044055895237,0.9951480709392391
ortho_1.10_1.30,0.5,score_q,15,16,5.508828245952412,Z1,"1-axis:(1,)",0.26604057694779126,0.0001639917428781321,0.704116438018621,2.7192671198141167,4.36284578899721e-05,0.9961001107711398
ortho_1.10_1.30,0.5,score_iso,15,16,5.508828245952412,Z1,"1-axis:(1,)",0.26604057694779126,0.0001639917428781321,0.704116438018621,2.7192671198141167,0.00011546928185981594,0.9961001107711398
ortho_1.10_1.30,0.5,q_only,15,16,5.508828245952412,Z1,"1-axis:(1,)",0.26604057694779126,0.0001639917428781321,0.704116438018621,2.7192671198141167,0.26604057694779126,0.9961001107711398
ortho_1.10_1.30,0.5,xyz_only,15,16,5.508828245952412,Z1,"1-axis:(1,)",0.26604057694779126,0.0001639917428781321,0.704116438018621,2.7192671198141167,0.0001639917428781321,0.9961001107711398
ortho_1.10_1.30,0.75,score_q,15,17,6.1540493629878155,Z1,"1-axis:(1,)",0.19619565797624952,0.00014261275659883924,0.6693327624524156,2.445001148629166,2.7980003616715986e-05,0.9968467592420761
ortho_1.10_1.30,0.75,score_iso,15,17,6.1540493629878155,Z1,"1-axis:(1,)",0.19619565797624952,0.00014261275659883924,0.6693327624524156,2.445001148629166,9.545539033525503e-05,0.9968467592420761
ortho_1.10_1.30,0.75,q_only,15,17,6.1540493629878155,Z1,"1-axis:(1,)",0.19619565797624952,0.00014261275659883924,0.6693327624524156,2.445001148629166,0.19619565797624952,0.9968467592420761
ortho_1.10_1.30,0.75,xyz_only,15,17,6.1540493629878155,Z1,"1-axis:(1,)",0.19619565797624952,0.00014261275659883924,0.6693327624524156,2.445001148629166,0.00014261275659883924,0.9968467592420761
ortho_1.10_1.30,1.0,score_q,15,18,6.732841517035389,Z1,"1-axis:(1,)",0.13968885502790102,0.00012346318969263896,0.644572929807676,2.1887706508179305,1.7246431606257286e-05,0.9974279956283617
ortho_1.10_1.30,1.0,score_iso,19,20,7.410041317424607,Y1,"1-axis:(1,)",0.12188180967774591,0.00013076113800281853,0.61814692942331,2.219553863102356,8.082959594433996e-05,0.9974876503965631
ortho_1.10_1.30,1.0,q_only,15,18,6.732841517035389,Z1,"1-axis:(1,)",0.13968885502790102,0.00012346318969263896,0.644572929807676,2.1887706508179305,0.13968885502790102,0.9974279956283617
ortho_1.10_1.30,1.0,xyz_only,19,20,7.410041317424607,Y1,"1-axis:(1,)",0.12188180967774591,0.00013076113800281853,0.61814692942331,2.219553863102356,0.00013076113800281853,0.9974876503965631
ortho_1.10_1.30,1.5,score_q,20,16,7.320207522207036,X1+Y1+Z2,"3-axis:(1, 1, 2)",0.10908158198481611,9.368544370505667e-05,0.31415330182691525,1.1688609092456361,1.0219356408297015e-05,0.9931130659204741
ortho_1.10_1.30,1.5,score_iso,19,20,8.409868003899554,Y1+Z1,"2-axis:(1, 1)",0.0691919762085852,0.0001462424481391577,0.6259038223247636,1.7941878662975062,9.153370727642981e-05,0.9925100058843739
ortho_1.10_1.30,1.5,q_only,14,13,6.296356668249384,X1+Y1+Z2,"3-axis:(1, 1, 2)",0.12164716977956515,4.4988885913550646e-05,0.5923308197264344,1.2152395262650202,0.12164716977956515,0.9940120673175571
ortho_1.10_1.30,1.5,xyz_only,19,20,8.409868003899554,Y1+Z1,"2-axis:(1, 1)",0.0691919762085852,0.0001462424481391577,0.6259038223247636,1.7941878662975062,0.0001462424481391577,0.9925100058843739
ortho_1.10_1.30,2.0,score_q,20,15,7.856441189762202,X1+Y1+Z1,"3-axis:(1, 1, 1)",0.11010297705795162,0.00012839832505799086,0.28913482048044514,0.9813761996039887,1.4137037838139382e-05,0.9954265798438088
ortho_1.10_1.30,2.0,score_iso,19,20,9.218241476226664,X1+Y1+Z2,"3-axis:(1, 1, 2)",0.07314474176877189,0.00016140046444471573,0.6299208222613613,1.4525032183048716,0.00010166951327638093,0.9948958020246658
ortho_1.10_1.30,2.0,q_only,14,13,6.850799366291483,X1+Y1+Z2,"3-axis:(1, 1, 2)",0.1213074119750904,5.712951302762897e-05,0.551471757137509,1.009823167590249,0.1213074119750904,0.9963533556696128
ortho_1.10_1.30,2.0,xyz_only,19,20,9.218241476226664,X1+Y1+Z2,"3-axis:(1, 1, 2)",0.07314474176877189,0.00016140046444471573,0.6299208222613613,1.4525032183048716,0.00016140046444471573,0.9948958020246658
ortho_1.10_1.30,3.0,score_q,20,15,8.68404778825122,X1+Y1+Z2,"3-axis:(1, 1, 2)",0.11248282745187198,0.00018233665996253255,0.2652959810879671,0.6911050863911274,2.05097430607162e-05,0.9893395713504526
ortho_1.10_1.30,3.0,score_iso,19,20,10.411191685036743,X1+Y1+Z1,"3-axis:(1, 1, 1)",0.09494678181855348,0.00018759826520082238,0.6308777556884866,0.9723130449147553,0.00011835157252094834,0.9881801264664017
ortho_1.10_1.30,3.0,q_only,14,12,7.699417906562376,X1+Y2+Z2,"3-axis:(1, 2, 2)",0.120172458026375,7.132783440676893e-05,0.5142548141540438,0.708311878382612,0.120172458026375,0.9920520426623229
ortho_1.10_1.30,3.0,xyz_only,19,20,10.411191685036743,X1+Y1+Z1,"3-axis:(1, 1, 1)",0.09494678181855348,0.00018759826520082238,0.6308777556884866,0.9723130449147553,0.00018759826520082238,0.9881801264664017
ortho_1.10_1.30,4.0,score_q,20,15,9.269066243817825,X1+Y2+Z2,"3-axis:(1, 2, 2)",0.11466471268985859,0.00021918369135972087,0.2564547897318189,0.4919818156637158,2.5132634996065034e-05,0.994456671884243
ortho_1.10_1.30,4.0,score_iso,19,20,11.223886450654573,X1+Y1+Z2,"3-axis:(1, 1, 2)",0.10448638235541118,0.0002214352394381083,0.6277826069455942,0.6764105489196529,0.00013901319188407748,0.9940378636299759
ortho_1.10_1.30,4.0,q_only,14,12,8.301403743483444,X1+Y1+Z2,"3-axis:(1, 1, 2)",0.11871928828262884,7.724672582186204e-05,0.5019304877653645,0.5093064770603892,0.11871928828262884,0.9960052600907449
ortho_1.10_1.30,4.0,xyz_only,19,20,11.223886450654573,X1+Y1+Z2,"3-axis:(1, 1, 2)",0.10448638235541118,0.0002214352394381083,0.6277826069455942,0.6764105489196529,0.0002214352394381083,0.9940378636299759
ortho_1.10_1.30,5.0,score_q,9,10,8.334088783324747,X1+Y2+Z1,"3-axis:(1, 1, 2)",0.1087866015710267,0.00028464726511054367,0.6238332777087793,0.3513482615026932,3.0965808617863124e-05,0.9976139135742013
ortho_1.10_1.30,5.0,score_iso,9,10,8.334088783324747,X1+Y2+Z1,"3-axis:(1, 1, 2)",0.1087866015710267,0.00028464726511054367,0.6238332777087793,0.3513482615026932,0.0001775724363847503,0.9976139135742013
ortho_1.10_1.30,5.0,q_only,2,2,3.6785169533316604,X1+Y1+Z2,"3-axis:(1, 1, 2)",0.11828581307785249,8.863511943105491e-05,0.2884539625166462,0.1481734558481923,0.11828581307785249,0.998715627953252
ortho_1.10_1.30,5.0,xyz_only,9,10,8.334088783324747,X1+Y2+Z1,"3-axis:(1, 1, 2)",0.1087866015710267,0.00028464726511054367,0.6238332777087793,0.3513482615026932,0.00028464726511054367,0.9976139135742013
ortho_1.10_1.30,7.0,score_q,19,20,12.502150133675347,X1+Y2+Z2,"3-axis:(1, 2, 2)",0.1171255816802366,0.0005208156086492792,0.2506344171772186,0.2578198253435282,6.1000831111193287e-05,6.531239742503352e-09
ortho_1.10_1.30,7.0,score_iso,9,10,8.86647270679653,X1+Y1+Z1,"3-axis:(1, 1, 1)",0.1166856446380591,0.0003970470631315475,0.6168916136031602,0.20111289362148765,0.00024493500345161616,0.9958867131784612
ortho_1.10_1.30,7.0,q_only,2,2,3.9009739702526063,X1+Y1+Z1,"3-axis:(1, 1, 1)",0.12037955231552891,0.00011258134219374685,0.2849590511701778,0.08335800135290414,0.12037955231552891,0.9979009819325216
ortho_1.10_1.30,7.0,xyz_only,19,20,12.502150133675347,X1+Y2+Z2,"3-axis:(1, 2, 2)",0.1171255816802366,0.0005208156086492792,0.2506344171772186,0.2578198253435282,0.0005208156086492792,6.531239742503352e-09
ortho_1.10_1.30,10.0,score_q,19,20,13.062732816895473,X1+Y1+Z2,"3-axis:(1, 1, 2)",0.12025912907689754,0.0005853805529446276,0.24936295152114332,0.1347902326999982,7.039735547567362e-05,0.9954116327114314
ortho_1.10_1.30,10.0,score_iso,9,11,9.306000927860767,X1+Y1+Z1,"3-axis:(1, 1, 1)",0.12099984264816714,0.0005110536030303012,0.6099963476511563,0.1065145624444277,0.00031174083130244764,0.9970499711303193
ortho_1.10_1.30,10.0,q_only,2,2,4.082285429627259,X1+Y1+Z1,"3-axis:(1, 1, 1)",0.12148813098650596,0.00013509471070789132,0.2819919412547103,0.043769981484591484,0.12148813098650596,0.99855880436505
ortho_1.10_1.30,10.0,xyz_only,19,20,13.062732816895473,X1+Y1+Z2,"3-axis:(1, 1, 2)",0.12025912907689754,0.0005853805529446276,0.24936295152114332,0.1347902326999982,0.0005853805529446276,0.9954116327114314
ortho_1.20_1.50,0.0,score_q,18,18,4.030801536458142,Y1,"1-axis:(1,)",0.4149556843672618,0.00021123997115871234,0.4444444444397957,3.065338590133157,8.765522679788413e-05,1.0
ortho_1.20_1.50,0.0,score_iso,14,14,3.3194796878088293,Z1,"1-axis:(1,)",0.41495568418199824,0.00021123997096642798,0.621650287165258,3.0712662721284576,0.00013131738861206073,1.0
ortho_1.20_1.50,0.0,q_only,18,18,4.030801536458142,Y1,"1-axis:(1,)",0.4149556843672618,0.00021123997115871234,0.4444444444397957,3.065338590133157,0.4149556843672618,1.0
ortho_1.20_1.50,0.0,xyz_only,18,18,4.030801536458142,Y1,"1-axis:(1,)",0.4149556843672618,0.00021123997115871234,0.4444444444397957,3.065338590133157,0.00021123997115871234,1.0
ortho_1.20_1.50,0.25,score_q,14,14,4.051753512847242,Z1,"1-axis:(1,)",0.3391824915849064,0.0001856310663937686,0.5632863883857578,2.785295260821751,6.29628076150016e-05,0.9940694134654352
ortho_1.20_1.50,0.25,score_iso,14,14,4.051753512847242,Z1,"1-axis:(1,)",0.3391824915849064,0.0001856310663937686,0.5632863883857578,2.785295260821751,0.00010456345296114274,0.9940694134654352
ortho_1.20_1.50,0.25,q_only,14,14,4.051753512847242,Z1,"1-axis:(1,)",0.3391824915849064,0.0001856310663937686,0.5632863883857578,2.785295260821751,0.3391824915849064,0.9940694134654352
ortho_1.20_1.50,0.25,xyz_only,14,14,4.051753512847242,Z1,"1-axis:(1,)",0.3391824915849064,0.0001856310663937686,0.5632863883857578,2.785295260821751,0.0001856310663937686,0.9940694134654352
ortho_1.20_1.50,0.5,score_q,14,15,4.712016424957608,Z1,"1-axis:(1,)",0.25875987685294527,0.00016098417745624962,0.5263862867086598,2.497873767572913,4.165624593385184e-05,0.995404526015859
ortho_1.20_1.50,0.5,score_iso,14,15,4.712016424957608,Z1,"1-axis:(1,)",0.25875987685294527,0.00016098417745624962,0.5263862867086598,2.497873767572913,8.473986339004319e-05,0.995404526015859
ortho_1.20_1.50,0.5,q_only,14,15,4.712016424957608,Z1,"1-axis:(1,)",0.25875987685294527,0.00016098417745624962,0.5263862867086598,2.497873767572913,0.25875987685294527,0.995404526015859
ortho_1.20_1.50,0.5,xyz_only,14,15,4.712016424957608,Z1,"1-axis:(1,)",0.25875987685294527,0.00016098417745624962,0.5263862867086598,2.497873767572913,0.00016098417745624962,0.995404526015859
ortho_1.20_1.50,0.75,score_q,14,16,5.301739815101323,Z1,"1-axis:(1,)",0.18701444307122456,0.00013845011356061122,0.502384538010702,2.2228601482681527,2.5892170880685502e-05,0.9963886104042383
ortho_1.20_1.50,0.75,score_iso,14,16,5.301739815101323,Z1,"1-axis:(1,)",0.18701444307122456,0.00013845011356061122,0.502384538010702,2.2228601482681527,6.95551963386769e-05,0.9963886104042383
ortho_1.20_1.50,0.75,q_only,14,16,5.301739815101323,Z1,"1-axis:(1,)",0.18701444307122456,0.00013845011356061122,0.502384538010702,2.2228601482681527,0.18701444307122456,0.9963886104042383
ortho_1.20_1.50,0.75,xyz_only,14,16,5.301739815101323,Z1,"1-axis:(1,)",0.18701444307122456,0.00013845011356061122,0.502384538010702,2.2228601482681527,0.00013845011356061122,0.9963886104042383
ortho_1.20_1.50,1.0,score_q,14,17,5.8252132453048615,Z1,"1-axis:(1,)",0.1303955297585045,0.0001234135737863635,0.48630426754360406,1.9688936507664365,1.6092578333263154e-05,0.9971181984090565
ortho_1.20_1.50,1.0,score_iso,14,17,5.8252132453048615,Z1,"1-axis:(1,)",0.1303955297585045,0.0001234135737863635,0.48630426754360406,1.9688936507664365,6.001654760511604e-05,0.9971181984090565
ortho_1.20_1.50,1.0,q_only,15,16,5.77493659145439,Y1+Z1,"2-axis:(1, 1)",0.13484592960740477,6.93785134802158e-05,0.7555487494213093,1.7419647909924285,0.13484592960740477,0.997456380533496
ortho_1.20_1.50,1.0,xyz_only,18,19,6.397780358825986,X1+Z1,"2-axis:(1, 1)",0.10512143182920725,0.0001234840648096345,0.26660539721411497,1.6036798950585518,0.0001234840648096345,0.9971725303241975
ortho_1.20_1.50,1.5,score_q,20,20,7.230573608692345,X1+Y1+Z1,"3-axis:(1, 1, 1)",0.12176794647106311,0.0001256286849400052,0.23122865075073276,1.416460170210019,1.5297546983004605e-05,0.990964703133428
ortho_1.20_1.50,1.5,score_iso,14,17,6.697417061041437,Y1+Z1,"2-axis:(1, 1)",0.065940990899396,0.00013487507115372046,0.4673494108566458,1.5372643308465541,6.303378504293943e-05,0.991636061275356
ortho_1.20_1.50,1.5,q_only,20,20,7.230573608692345,X1+Y1+Z1,"3-axis:(1, 1, 1)",0.12176794647106311,0.0001256286849400052,0.23122865075073276,1.416460170210019,0.12176794647106311,0.990964703133428
ortho_1.20_1.50,1.5,xyz_only,18,19,7.120840075428628,X1+Y2+Z2,"3-axis:(1, 2, 2)",0.075921438499898,0.00018095674391018724,0.23636371253021066,1.2984852137608542,0.00018095674391018724,0.9916077485562608
ortho_1.20_1.50,2.0,score_q,18,19,7.705672318940741,X1+Y1+Z2,"3-axis:(1, 1, 2)",0.08841486968876168,0.00022973262770420325,0.21928167526833087,1.0497185599209948,2.0311780341723933e-05,0.9943196112351204
ortho_1.20_1.50,2.0,score_iso,14,17,7.379088072608216,X1+Y1+Z2,"3-axis:(1, 1, 2)",0.07033251981649721,0.00014607283508982373,0.45724707680453874,1.204746170183191,6.679137684537335e-05,0.9944640699590048
ortho_1.20_1.50,2.0,q_only,17,15,6.696167556681137,X1+Y2+Z2,"3-axis:(1, 2, 2)",0.12134260390879867,6.309203452511089e-05,0.6387055191245937,0.9662515145100518,0.12134260390879867,0.9964021826357051
ortho_1.20_1.50,2.0,xyz_only,18,19,7.705672318940741,X1+Y1+Z2,"3-axis:(1, 1, 2)",0.08841486968876168,0.00022973262770420325,0.21928167526833087,1.0497185599209948,0.00022973262770420325,0.9943196112351204
ortho_1.20_1.50,3.0,score_q,18,18,8.563231169107553,X1+Y2+Z2,"3-axis:(1, 2, 2)",0.10262939670329677,0.0003126669849665268,0.20355551148811635,0.6932635180147176,3.208882403615341e-05,0.9870111578453598
ortho_1.20_1.50,3.0,score_iso,9,11,6.556741893839623,X1+Y2+Z1,"3-axis:(1, 1, 2)",0.08882269165424221,0.00015911829838710547,0.4899366721611531,0.635385784380382,7.795788959172384e-05,0.9903222799992453
ortho_1.20_1.50,3.0,q_only,17,15,7.510440739408185,X1+Y2+Z2,"3-axis:(1, 2, 2)",0.12020174949923412,7.67296065287753e-05,0.5974069944036672,0.6813805418262912,0.12020174949923412,0.9922617066354789
ortho_1.20_1.50,3.0,xyz_only,18,18,8.563231169107553,X1+Y2+Z2,"3-axis:(1, 2, 2)",0.10262939670329677,0.0003126669849665268,0.20355551148811635,0.6932635180147176,0.0003126669849665268,0.9870111578453598
ortho_1.20_1.50,4.0,score_q,18,18,9.13735871455431,X1+Y2+Z2,"3-axis:(1, 2, 2)",0.10989322858912319,0.00039370651649129414,0.19763468557165143,0.47268972713338325,4.3265680213805184e-05,0.993620283166541
ortho_1.20_1.50,4.0,score_iso,9,11,7.0777537269221975,X1+Y2+Z2,"3-axis:(1, 2, 2)",0.1030158703452383,0.00023573118392575105,0.485507297247878,0.4259960246018333,0.00011444920998483382,0.9955640817435422
ortho_1.20_1.50,4.0,q_only,17,15,8.090392334143914,X1+Y1+Z2,"3-axis:(1, 1, 2)",0.11874372231806585,8.179557385949393e-05,0.5851058087286182,0.49131377693217665,0.11874372231806585,0.9961259069023514
ortho_1.20_1.50,4.0,xyz_only,18,18,9.13735871455431,X1+Y2+Z2,"3-axis:(1, 2, 2)",0.10989322858912319,0.00039370651649129414,0.19763468557165143,0.47268972713338325,0.00039370651649129414,0.993620283166541
ortho_1.20_1.50,5.0,score_q,18,18,9.536135016799294,X1+Y1+Z1,"3-axis:(1, 1, 1)",0.11405360094125021,0.00045223747977685087,0.19493862907855933,0.33536138457445497,5.157931304914566e-05,0.9967063623145692
ortho_1.20_1.50,5.0,score_iso,9,11,7.436777958814256,X1+Y2+Z1,"3-axis:(1, 1, 2)",0.11060063046611927,0.0003076010616981381,0.4805229161310037,0.30212775295333133,0.0001478093591721821,0.997773273255766
ortho_1.20_1.50,5.0,q_only,2,2,3.0896362916243394,X1+Y2+Z2,"3-axis:(1, 2, 2)",0.11932839959900758,9.454731618007918e-05,0.2221887548979843,0.1169666489924256,0.11932839959900758,0.9988434633641214
ortho_1.20_1.50,5.0,xyz_only,18,18,9.536135016799294,X1+Y1+Z1,"3-axis:(1, 1, 1)",0.11405360094125021,0.00045223747977685087,0.19493862907855933,0.33536138457445497,0.00045223747977685087,0.9967063623145692
ortho_1.20_1.50,7.0,score_q,18,18,10.0402463635934,X1+Y2+Z2,"3-axis:(1, 2, 2)",0.11832928014044744,0.0005277576438742123,0.19232542361372215,0.18842846317518955,6.244918208825417e-05,0.9944256930820665
ortho_1.20_1.50,7.0,score_iso,9,11,7.893533716164998,X1+Y2+Z2,"3-axis:(1, 2, 2)",0.11765049428191492,0.00041993582703368353,0.4722910053673639,0.17217659039480693,0.00019833191393951383,0.9962252912214674
ortho_1.20_1.50,7.0,q_only,2,2,3.264551723080714,X1+Y1+Z1,"3-axis:(1, 1, 1)",0.12090560798945293,0.000117966787259109,0.2181640887928643,0.06530803901613733,0.12090560798945293,0.9981533544218083
ortho_1.20_1.50,7.0,xyz_only,18,18,10.0402463635934,X1+Y2+Z2,"3-axis:(1, 2, 2)",0.11832928014044744,0.0005277576438742123,0.19232542361372215,0.18842846317518955,0.0005277576438742123,0.9944256930820665
ortho_1.20_1.50,10.0,score_q,18,18,10.447013323438266,X1+Y2+Z1,"3-axis:(1, 1, 2)",0.12094631218443119,0.0005892440553170569,0.1901645271260437,0.0972194272089028,7.126689546719701e-05,0.9961832367061536
ortho_1.20_1.50,10.0,score_iso,9,11,8.269252913784126,X1+Y1+Z1,"3-axis:(1, 1, 1)",0.12147025529398947,0.0005314317458713974,0.46445525781934743,0.09092338924396051,0.00024682626854208577,0.997330771301461
ortho_1.20_1.50,10.0,q_only,5,5,5.423965519186925,X1+Y2+Z1,"3-axis:(1, 1, 2)",0.12186216731724303,0.00027428616021699646,0.21471053110851548,0.055357296813965874,0.12186216731724303,0.9981337727240693
ortho_1.20_1.50,10.0,xyz_only,18,18,10.447013323438266,X1+Y2+Z1,"3-axis:(1, 1, 2)",0.12094631218443119,0.0005892440553170569,0.1901645271260437,0.0972194272089028,0.0005892440553170569,0.9961832367061536
tet_1.05,0.0,score_q,18,18,5.373647355990473,Z1,"1-axis:(1,)",0.4149556841819922,0.0002112399709664242,0.7882245212728944,3.6211479884725275,8.765522667895672e-05,1.0
tet_1.05,0.0,score_iso,18,18,5.373647355990473,Z1,"1-axis:(1,)",0.4149556841819922,0.0002112399709664242,0.7882245212728944,3.6211479884725275,0.00016650452498870983,1.0
tet_1.05,0.0,q_only,18,18,5.373647355990473,Z1,"1-axis:(1,)",0.4149556841819922,0.0002112399709664242,0.7882245212728944,3.6211479884725275,0.4149556841819922,1.0
tet_1.05,0.0,xyz_only,18,18,5.373647355990473,Z1,"1-axis:(1,)",0.4149556841819922,0.0002112399709664242,0.7882245212728944,3.6211479884725275,0.0002112399709664242,1.0
tet_1.05,0.25,score_q,18,18,6.243760686628141,Z1,"1-axis:(1,)",0.3465813977567037,0.00018882715985762394,0.8584198809804093,3.3392695431968216,6.544398099788384e-05,0.9962925245077525
tet_1.05,0.25,score_iso,18,18,6.243760686628141,Z1,"1-axis:(1,)",0.3465813977567037,0.00018882715985762394,0.8584198809804093,3.3392695431968216,0.00016209298809085026,0.9962925245077525
tet_1.05,0.25,q_only,18,18,6.243760686628141,Z1,"1-axis:(1,)",0.3465813977567037,0.00018882715985762394,0.8584198809804093,3.3392695431968216,0.3465813977567037,0.9962925245077525
tet_1.05,0.25,xyz_only,20,19,6.507944331311473,X1,"1-axis:(1,)",0.31230497180030375,0.00019951548375109906,0.5521929920822081,3.3385025658266443,0.00019951548375109906,0.9162320660762211
tet_1.05,0.5,score_q,18,18,7.043417420090131,Z1,"1-axis:(1,)",0.27327625781698167,0.00016728136944655137,0.919008091878757,3.058964819725548,4.571402664485353e-05,0.9968836465220468
tet_1.05,0.5,score_iso,18,18,7.043417420090131,Z1,"1-axis:(1,)",0.27327625781698167,0.00016728136944655137,0.919008091878757,3.058964819725548,0.00015373293214194058,0.9968836465220468
tet_1.05,0.5,q_only,18,18,7.043417420090131,Z1,"1-axis:(1,)",0.27327625781698167,0.00016728136944655137,0.919008091878757,3.058964819725548,0.27327625781698167,0.9968836465220468
tet_1.05,0.5,xyz_only,20,19,7.307681944832134,Y1,"1-axis:(1,)",0.14191170147923196,0.00019096078279723776,0.3511942938523945,3.060564664576341,0.00019096078279723776,0.8738282790837756
tet_1.05,0.75,score_q,18,18,7.774036758637087,Z1,"1-axis:(1,)",0.20554583848129476,0.00014725851107428954,0.9704569507084037,2.788105389057562,3.0268374132271874e-05,0.9973880938998938
tet_1.05,0.75,score_iso,18,18,7.774036758637087,Z1,"1-axis:(1,)",0.20554583848129476,0.00014725851107428954,0.9704569507084037,2.788105389057562,0.00014290804562301472,0.9973880938998938
tet_1.05,0.75,q_only,18,18,7.774036758637087,Z1,"1-axis:(1,)",0.20554583848129476,0.00014725851107428954,0.9704569507084037,2.788105389057562,0.20554583848129476,0.9973880938998938
tet_1.05,0.75,xyz_only,20,20,8.03908737142061,Y1,"1-axis:(1,)",0.18555823410843109,0.00015962180651166736,0.5793515661382729,2.7928806191316573,0.00015962180651166736,0.8850109562533295
tet_1.05,1.0,score_q,18,18,8.438732152512937,Z1,"1-axis:(1,)",0.14945148710278286,0.00012910386870679344,0.9865219726778288,2.532314012267361,1.9294765168952713e-05,0.9978097328153148
tet_1.05,1.0,score_iso,18,18,8.438732152512937,Z1,"1-axis:(1,)",0.14945148710278286,0.00012910386870679344,0.9865219726778288,2.532314012267361,0.00012736380323696527,0.9978097328153148
tet_1.05,1.0,q_only,18,18,8.438732152512937,Z1,"1-axis:(1,)",0.14945148710278286,0.00012910386870679344,0.9865219726778288,2.532314012267361,0.14945148710278286,0.9978097328153148
tet_1.05,1.0,xyz_only,20,19,8.705407286614061,X1+Y1,"2-axis:(1, 1)",0.11661284220316287,0.00016407197726627624,0.3565587681315977,2.5405457266196714,0.00016407197726627624,0.9389914151958907
tet_1.05,1.5,score_q,17,16,8.249884612930318,X1+Y1+Z2,"3-axis:(1, 1, 2)",0.15063445805974285,9.667665445405709e-05,0.32636236765453863,1.717744372399212,1.4562835450715914e-05,0.9858469954741071
tet_1.05,1.5,score_iso,18,18,9.587884602919834,Z1,"1-axis:(1,)",0.07511322205422173,0.00013726246961623604,0.9264514873169626,2.0776062421427697,0.00012716701912876126,0.9932562693147414
tet_1.05,1.5,q_only,10,10,6.504300152007586,X1+Y2+Z1,"3-axis:(1, 1, 2)",0.17252909234583322,1.4956388901584241e-05,0.6664184775057017,1.3128211274701143,0.17252909234583322,0.8212916627632957
tet_1.05,1.5,xyz_only,19,19,9.8603267034657,X1+Y1,"2-axis:(1, 1)",0.07276985625619833,0.00014851874582932112,0.739257514578365,2.092217892206085,0.00014851874582932112,0.7105557134807037
tet_1.05,2.0,score_q,19,20,10.810720065935447,X1+Y1+Z1,"3-axis:(1, 1, 1)",0.13308168349710223,0.000202226098988564,0.3262214351336122,1.7220336576569804,2.691258970044974e-05,0.769448263704601
tet_1.05,2.0,score_iso,18,18,10.52974077517894,X1+Y2+Z2,"3-axis:(1, 2, 2)",0.06525220837877214,0.0001521852158507147,0.8898386279392168,1.7028440067967199,0.00013542028366523353,0.9952097175171056
tet_1.05,2.0,q_only,12,13,8.600454786629154,X1+Y1+Z1,"3-axis:(1, 1, 1)",0.1731383008729985,0.00011708536129274151,0.21911538902327318,1.3708503828761747,0.1731383008729985,0.9947185555112449
tet_1.05,2.0,xyz_only,19,20,10.810720065935447,X1+Y1+Z1,"3-axis:(1, 1, 1)",0.13308168349710223,0.000202226098988564,0.3262214351336122,1.7220336576569804,0.000202226098988564,0.769448263704601
tet_1.05,3.0,score_q,19,19,12.17423162227462,X1+Y1+Z1,"3-axis:(1, 1, 1)",0.1111411882130785,0.0001763380195082065,0.39674690632415105,0.9642745580160982,1.959841701528309e-05,7.896786142092688e-09
tet_1.05,3.0,score_iso,20,20,12.243647007069256,X1+Y2+Z1,"3-axis:(1, 1, 2)",0.10013428985512188,0.00017752945413484036,0.8733037335307346,1.183600454194857,0.0001550371351076294,0.7029993699981577
tet_1.05,3.0,q_only,4,3,4.349358697551393,X1+Y2+Z1,"3-axis:(1, 1, 2)",0.20293415585013128,5.292559341629261e-05,0.2258912633065396,0.4725898193390162,0.20293415585013128,0.9181608042045468
tet_1.05,3.0,xyz_only,20,20,12.243647007069256,X1+Y2+Z1,"3-axis:(1, 1, 2)",0.10013428985512188,0.00017752945413484036,0.8733037335307346,1.183600454194857,0.00017752945413484036,0.7029993699981577
tet_1.05,4.0,score_q,20,20,13.242259393080007,X1+Y1+Z1,"3-axis:(1, 1, 1)",0.1858959330668048,0.0002499763133703221,0.33606743159257924,0.838967823891127,4.646958001857602e-05,0.5708938727808844
tet_1.05,4.0,score_iso,8,11,9.326271354578491,X1+Y2+Z1,"3-axis:(1, 1, 2)",0.09600052452558525,0.0001858267161045975,0.9174879324528379,0.6157635867291473,0.00017049376955330763,0.9951262263021818
tet_1.05,4.0,q_only,16,16,11.045741164382191,X1+Y2+Z1,"3-axis:(1, 1, 2)",0.20779788638751112,0.00012920543426012072,0.3197423141262417,0.6993966349726742,0.20779788638751112,0.8535712533387753
tet_1.05,4.0,xyz_only,20,20,13.242259393080007,X1+Y1+Z1,"3-axis:(1, 1, 1)",0.1858959330668048,0.0002499763133703221,0.33606743159257924,0.838967823891127,0.0002499763133703221,0.5708938727808844
tet_1.05,5.0,score_q,20,20,13.961538642257311,X1+Y2+Z2,"3-axis:(1, 2, 2)",0.19784397190169253,0.0002438354966012382,0.32961119007166256,0.6151303606642549,4.824138313821062e-05,0.03936064360989148
tet_1.05,5.0,score_iso,8,11,9.848783958520169,X1+Y1+Z2,"3-axis:(1, 1, 2)",0.10567284228574926,0.00025297870539947446,0.9165518990165156,0.4426182657176618,0.00023186811284462797,0.9974112831162134
tet_1.05,5.0,q_only,4,4,5.00858526631699,X1+Y2+Z1,"3-axis:(1, 1, 2)",0.21854663962761728,9.082866947103216e-05,0.2538086702367097,0.22818837432951772,0.21854663962761728,0.9562143336238036
tet_1.05,5.0,xyz_only,8,11,9.848783958520169,X1+Y1+Z2,"3-axis:(1, 1, 2)",0.10567284228574926,0.00025297870539947446,0.9165518990165156,0.4426182657176618,0.00025297870539947446,0.9974112831162134
tet_1.05,7.0,score_q,6,6,7.823858158148887,X1+Y1+Z1,"3-axis:(1, 1, 1)",0.2140140501517025,0.00023376735366969028,0.2663056198161575,0.18963417839353094,5.002949815209587e-05,0.9962003548794348
tet_1.05,7.0,score_iso,8,11,10.523124562461508,X1+Y1+Z1,"3-axis:(1, 1, 1)",0.11499526530184989,0.0003643351716184827,0.9146984586733249,0.2560558243196805,0.0003332568199199074,0.9954028878178836
tet_1.05,7.0,q_only,12,13,11.833339579833725,X1+Y2+Z2,"3-axis:(1, 2, 2)",0.21942168645251964,0.00015791256315413527,0.23316681410123105,0.2830965668745097,0.21942168645251964,0.9370074740065489
tet_1.05,7.0,xyz_only,8,11,10.523124562461508,X1+Y1+Z1,"3-axis:(1, 1, 1)",0.11499526530184989,0.0003643351716184827,0.9146984586733249,0.2560558243196805,0.0003643351716184827,0.9954028878178836
tet_1.05,10.0,score_q,6,6,8.23957611730632,X1+Y1+Z1,"3-axis:(1, 1, 1)",0.22072081603161264,0.000289963668371962,0.265128442458213,0.10105213408685627,6.400101750257937e-05,0.9974107341194715
tet_1.05,10.0,score_iso,8,11,11.08486351190343,X1+Y1+Z1,"3-axis:(1, 1, 1)",0.12016882225866295,0.0004811708687138875,0.9127060585952304,0.13661822651508704,0.0004391675670946953,0.996613938222805
tet_1.05,10.0,q_only,5,5,8.239576117306292,X1+Y2+Z2,"3-axis:(1, 2, 2)",0.22549852412866042,0.0002743637456089969,0.2651284424582136,0.10105213408685637,0.22549852412866042,0.9974107341194693
tet_1.05,10.0,xyz_only,8,11,11.08486351190343,X1+Y1+Z1,"3-axis:(1, 1, 1)",0.12016882225866295,0.0004811708687138875,0.9127060585952304,0.13661822651508704,0.0004811708687138875,0.996613938222805
tet_1.10,0.0,score_q,18,18,5.0669458228469155,Z1,"1-axis:(1,)",0.4149556841819929,0.00021123997096642624,0.8650808804899882,3.569094970843511,8.765522667895772e-05,1.0
tet_1.10,0.0,score_iso,18,18,5.0669458228469155,Z1,"1-axis:(1,)",0.4149556841819929,0.00021123997096642624,0.8650808804899882,3.569094970843511,0.00018273966007831556,1.0
tet_1.10,0.0,q_only,18,18,5.0669458228469155,Z1,"1-axis:(1,)",0.4149556841819929,0.00021123997096642624,0.8650808804899882,3.569094970843511,0.4149556841819929,1.0
tet_1.10,0.0,xyz_only,20,20,5.560756031826596,X1,"1-axis:(1,)",0.3315744785028136,0.0002224304644360274,0.4488906393894256,3.5658616896621327,0.0002224304644360274,1.0
tet_1.10,0.25,score_q,18,18,5.92399226390598,Z1,"1-axis:(1,)",0.34658239978525895,0.0001886911993783725,0.9436477649035947,3.2866024888577376,6.539704869891511e-05,0.9961120748872172
tet_1.10,0.25,score_iso,18,18,5.92399226390598,Z1,"1-axis:(1,)",0.34658239978525895,0.0001886911993783725,0.9436477649035947,3.2866024888577376,0.0001780580285503798,0.9961120748872172
tet_1.10,0.25,q_only,18,18,5.92399226390598,Z1,"1-axis:(1,)",0.34658239978525895,0.0001886911993783725,0.9436477649035947,3.2866024888577376,0.34658239978525895,0.9961120748872172
tet_1.10,0.25,xyz_only,19,19,6.417152257289895,Y1,"1-axis:(1,)",0.3094253721504199,0.00019925107201314505,0.5218459919604256,3.285217675889992,0.00019925107201314505,0.7082281701666479
tet_1.10,0.5,score_q,18,18,6.710319954276955,Z1,"1-axis:(1,)",0.2732746467763602,0.0001669818203862818,0.9896347793114443,3.0049321855944227,4.563189798413478e-05,0.9967606590173113
tet_1.10,0.5,score_iso,18,18,6.710319954276955,Z1,"1-axis:(1,)",0.2732746467763602,0.0001669818203862818,0.9896347793114443,3.0049321855944227,0.0001652510169670012,0.9967606590173113
tet_1.10,0.5,q_only,18,18,6.710319954276955,Z1,"1-axis:(1,)",0.2732746467763602,0.0001669818203862818,0.9896347793114443,3.0049321855944227,0.2732746467763602,0.9967606590173113
tet_1.10,0.5,xyz_only,19,20,7.203675421671073,X1,"1-axis:(1,)",0.19744494000995066,0.00018491486294851833,0.40595928439602846,3.008244595738493,0.00018491486294851833,0.7473881318093819
tet_1.10,0.75,score_q,18,18,7.427242627093623,Z1,"1-axis:(1,)",0.20553703364745607,0.00014680791658107842,0.937762680988404,2.732587012906473,3.017446369003804e-05,0.9973035762759597
tet_1.10,0.75,score_iso,18,18,7.427242627093623,Z1,"1-axis:(1,)",0.20553703364745607,0.00014680791658107842,0.937762680988404,2.732587012906473,0.00013767098544339407,0.9973035762759597
tet_1.10,0.75,q_only,18,18,7.427242627093623,Z1,"1-axis:(1,)",0.20553703364745607,0.00014680791658107842,0.937762680988404,2.732587012906473,0.20553703364745607,0.9973035762759597
tet_1.10,0.75,xyz_only,19,20,7.922188155739613,X1,"1-axis:(1,)",0.14098281311980115,0.00017244844718101714,0.3854849291590091,2.7421572750230863,0.00017244844718101714,0.9969792948982099
tet_1.10,1.0,score_q,18,18,8.077901586616717,Z1,"1-axis:(1,)",0.14943347929274667,0.00012853192975909126,0.8987738379721444,2.4756160402716323,1.9206973464111934e-05,0.9977500328539968
tet_1.10,1.0,score_iso,18,18,8.077901586616717,Z1,"1-axis:(1,)",0.14943347929274667,0.00012853192975909126,0.8987738379721444,2.4756160402716323,0.00011552113581154453,0.9977500328539968
tet_1.10,1.0,q_only,18,18,8.077901586616717,Z1,"1-axis:(1,)",0.14943347929274667,0.00012853192975909126,0.8987738379721444,2.4756160402716323,0.14943347929274667,0.9977500328539968
tet_1.10,1.0,xyz_only,20,20,8.576082854517498,Y1,"1-axis:(1,)",0.13471660973708816,0.00013705324361064722,0.6506776964497565,2.491942671887975,0.00013705324361064722,0.931492235246208
tet_1.10,1.5,score_q,20,20,9.707968331885642,X1+Y2,"2-axis:(1, 2)",0.10453255628348528,0.00014511957027175755,0.34190729918383733,2.048836180850415,1.5169719647267692e-05,0.8892857600220806
tet_1.10,1.5,score_iso,18,18,9.198430944918305,Z1,"1-axis:(1,)",0.07508247722742097,0.0001362684582035571,0.846259987286018,2.020214447117877,0.00011531854370682751,0.9931070699977848
tet_1.10,1.5,q_only,10,10,6.471003254304976,X1+Y2+Z2,"3-axis:(1, 2, 2)",0.12564059254770765,3.142248470927053e-05,0.5275821983730467,1.296884534611292,0.12564059254770765,0.9481411196704176
tet_1.10,1.5,xyz_only,20,20,9.707968331885642,X1+Y2,"2-axis:(1, 2)",0.10453255628348528,0.00014511957027175755,0.34190729918383733,2.048836180850415,0.00014511957027175755,0.8892857600220806
tet_1.10,2.0,score_q,16,17,8.990890698591011,X1+Y1+Z2,"3-axis:(1, 1, 2)",0.17420424404974746,0.00011624488047188558,0.3400565536639802,1.4056585454385464,2.025035152725808e-05,0.7449876057755013
tet_1.10,2.0,score_iso,18,18,10.111905861227646,X1+Y2+Z1,"3-axis:(1, 1, 2)",0.06519749489119535,0.00015067598635827128,0.814779281179393,1.6470551197630054,0.0001227676718559883,0.9951280291295791
tet_1.10,2.0,q_only,16,17,8.990890698591011,X1+Y1+Z2,"3-axis:(1, 1, 2)",0.17420424404974746,0.00011624488047188558,0.3400565536639802,1.4056585454385464,0.17420424404974746,0.7449876057755013
tet_1.10,2.0,xyz_only,20,20,10.638079430401103,X1+Y1+Z2,"3-axis:(1, 1, 2)",0.10494520594467605,0.00017971280613464287,0.569379257644097,1.6842810133946717,0.00017971280613464287,0.3603189766707474
tet_1.10,3.0,score_q,20,20,12.038471270589461,X1+Y1+Z2,"3-axis:(1, 1, 2)",0.17768160545868605,0.0002225668844747297,0.3258889922997176,1.1558686937821934,3.954604135540788e-05,0.8400510952291151
tet_1.10,3.0,score_iso,18,19,11.471036860165617,X1+Y2+Z2,"3-axis:(1, 2, 2)",0.08914989135891953,0.0001665419102929358,0.7835191338042735,1.1127259948778563,0.00013048877329483008,0.9882376710476595
tet_1.10,3.0,q_only,13,13,9.26760053996076,X1+Y2+Z2,"3-axis:(1, 2, 2)",0.19133722169683545,0.00011861802754513212,0.23517211031030646,0.8883585735078775,0.19133722169683545,0.9799425570231867
tet_1.10,3.0,xyz_only,20,20,12.038471270589461,X1+Y1+Z2,"3-axis:(1, 1, 2)",0.17768160545868605,0.0002225668844747297,0.3258889922997176,1.1558686937821934,0.0002225668844747297,0.8400510952291151
tet_1.10,4.0,score_q,20,20,13.013241840050645,X1+Y2+Z1,"3-axis:(1, 1, 2)",0.17344896755425182,0.00023699040173537586,0.42814161811545326,0.81858053152855,4.110574050126831e-05,0.2777098549258361
tet_1.10,4.0,score_iso,8,11,9.09725380154917,X1+Y1+Z2,"3-axis:(1, 1, 2)",0.09670812296081517,0.00019004087156581506,0.845015901089034,0.595376294365471,0.0001605875583299326,0.9951550837708344
tet_1.10,4.0,q_only,3,4,4.681086619014181,X1+Y2+Z2,"3-axis:(1, 2, 2)",0.21439478076873147,7.465030783420691e-05,0.24179375328825797,0.3138814714404745,0.21439478076873147,0.8966092080888072
tet_1.10,4.0,xyz_only,20,20,13.013241840050645,X1+Y2+Z1,"3-axis:(1, 1, 2)",0.17344896755425182,0.00023699040173537586,0.42814161811545326,0.81858053152855,0.00023699040173537586,0.2777098549258361
tet_1.10,5.0,score_q,20,20,13.71483446752699,X1+Y2+Z1,"3-axis:(1, 1, 2)",0.14194378683725822,0.00024934106380900597,0.648329053461021,0.5998296033201849,3.5392414811080744e-05,0.611199282893656
tet_1.10,5.0,score_iso,8,11,9.602079783789913,X1+Y2+Z2,"3-axis:(1, 2, 2)",0.10618005615939172,0.0002577161152344924,0.8432691682447705,0.42731750837266474,0.00021732405413706386,0.9974408141446574
tet_1.10,5.0,q_only,3,3,4.946507953796815,X1+Y2+Z1,"3-axis:(1, 1, 2)",0.22484199817782075,9.102316224259136e-05,0.23677443459693856,0.22414270272349357,0.22484199817782075,0.9978897161049128
tet_1.10,5.0,xyz_only,8,11,9.602079783789913,X1+Y2+Z2,"3-axis:(1, 2, 2)",0.10618005615939172,0.0002577161152344924,0.8432691682447705,0.42731750837266474,0.0002577161152344924,0.9974408141446574
tet_1.10,7.0,score_q,20,20,14.637258967865847,X1+Y2+Z1,"3-axis:(1, 1, 2)",0.1843919603200517,0.00026618135153798106,0.37504169113371105,0.35292046363066765,4.9081701210729137e-05,0.9375823806292038
tet_1.10,7.0,score_iso,8,11,10.2525302393772,X1+Y1+Z1,"3-axis:(1, 1, 1)",0.11527322003817653,0.0003693124877884921,0.8399098402469216,0.24677589942575276,0.0003101891926196256,0.9954769511805627
tet_1.10,7.0,q_only,13,13,11.233855457710087,X1+Y2+Z1,"3-axis:(1, 1, 2)",0.21934639534560596,0.00015935427676476273,0.2130000154485631,0.2630067684110835,0.21934639534560596,0.9778407041158164
tet_1.10,7.0,xyz_only,8,11,10.2525302393772,X1+Y1+Z1,"3-axis:(1, 1, 1)",0.11527322003817653,0.0003693124877884921,0.8399098402469216,0.24677589942575276,0.0003693124877884921,0.9954769511805627
tet_1.10,10.0,score_q,8,11,10.793571711492861,X1+Y1+Z2,"3-axis:(1, 1, 2)",0.12030603697536607,0.00048577583516945673,0.8363663756193849,0.1315070887677511,5.8441765587635996e-05,0.9966828474146601
tet_1.10,10.0,score_iso,8,11,10.793571711492861,X1+Y1+Z2,"3-axis:(1, 1, 2)",0.12030603697536607,0.00048577583516945673,0.8363663756193849,0.1315070887677511,0.00040628657462415827,0.9966828474146601
tet_1.10,10.0,q_only,5,5,7.948284316895647,X1+Y2+Z2,"3-axis:(1, 2, 2)",0.20289193743228448,0.00027668370083365663,0.2993690058499678,0.09594099633932783,0.20289193743228448,0.9934452946520603
tet_1.10,10.0,xyz_only,8,11,10.793571711492861,X1+Y1+Z2,"3-axis:(1, 1, 2)",0.12030603697536607,0.00048577583516945673,0.8363663756193849,0.1315070887677511,0.00048577583516945673,0.9966828474146601
tet_1.20,0.0,score_q,16,16,4.5645437474795125,Z1,"1-axis:(1,)",0.4149556841819935,0.0002112399709664248,0.9713285736957156,3.4780021899913764,8.765522667895725e-05,1.0
tet_1.20,0.0,score_iso,16,16,4.5645437474795125,Z1,"1-axis:(1,)",0.4149556841819935,0.0002112399709664248,0.9713285736957156,3.4780021899913764,0.00020518341970634176,1.0
tet_1.20,0.0,q_only,16,16,4.5645437474795125,Z1,"1-axis:(1,)",0.4149556841819935,0.0002112399709664248,0.9713285736957156,3.4780021899913764,0.4149556841819935,1.0
tet_1.20,0.0,xyz_only,16,16,4.5645437474795125,Z1,"1-axis:(1,)",0.4149556841819935,0.0002112399709664248,0.9713285736957156,3.4780021899913764,0.0002112399709664248,1.0
tet_1.20,0.25,score_q,16,16,5.3987107569678585,Z1,"1-axis:(1,)",0.3465841838705143,0.00018841420909491,0.8876757388824997,3.1942983812372843,6.530138488876782e-05,0.995731065682498
tet_1.20,0.25,score_iso,16,16,5.3987107569678585,Z1,"1-axis:(1,)",0.3465841838705143,0.00018841420909491,0.8876757388824997,3.1942983812372843,0.00016725072227428603,0.995731065682498
tet_1.20,0.25,q_only,16,16,5.3987107569678585,Z1,"1-axis:(1,)",0.3465841838705143,0.00018841420909491,0.8876757388824997,3.1942983812372843,0.3465841838705143,0.995731065682498
tet_1.20,0.25,xyz_only,19,20,6.266937246681954,Y1,"1-axis:(1,)",0.2629289612534375,0.0002022171374475189,0.37774016851424275,3.1920482081222152,0.0002022171374475189,0.9157868075430606
tet_1.20,0.5,score_q,16,18,6.161649114015061,Z1,"1-axis:(1,)",0.2732702408784565,0.00016637093821798683,0.8287863372594305,2.9100088146331187,4.546422636200407e-05,0.9965078630288657
tet_1.20,0.5,score_iso,16,18,6.161649114015061,Z1,"1-axis:(1,)",0.2732702408784565,0.00016637093821798683,0.8287863372594305,2.9100088146331187,0.0001378859605121003,0.9965078630288657
tet_1.20,0.5,q_only,16,18,6.161649114015061,Z1,"1-axis:(1,)",0.2732702408784565,0.00016637093821798683,0.8287863372594305,2.9100088146331187,0.2732702408784565,0.9965078630288657
tet_1.20,0.5,xyz_only,20,20,7.030382113759366,X1,"1-axis:(1,)",0.2385667791192657,0.0001744216356680693,0.4715615071825669,2.9170076006616443,0.0001744216356680693,0.9752759994088225
tet_1.20,0.75,score_q,16,18,6.8544924969882155,Z1,"1-axis:(1,)",0.20551661605741622,0.00014589237655531994,0.7864997574834235,2.634943832457917,2.998330753822368e-05,0.9971337411935087
tet_1.20,0.75,score_iso,16,18,6.8544924969882155,Z1,"1-axis:(1,)",0.20551661605741622,0.00014589237655531994,0.7864997574834235,2.634943832457917,0.00011474431877943943,0.9971337411935087
tet_1.20,0.75,q_only,15,14,6.331010520119191,X1+Y2,"2-axis:(1, 2)",0.21753420127345502,1.1908665709892207e-05,0.4946744829143114,2.1245916867687162,0.21753420127345502,0.978320378291712
tet_1.20,0.75,xyz_only,16,18,6.8544924969882155,Z1,"1-axis:(1,)",0.20551661605741622,0.00014589237655531994,0.7864997574834235,2.634943832457917,0.00014589237655531994,0.9971337411935087
tet_1.20,1.0,score_q,16,18,7.480471301911229,Z1,"1-axis:(1,)",0.14939303383950386,0.00012737589620792595,0.7555487494213047,2.37598386775205,1.9029071572527812e-05,0.9976321491379511
tet_1.20,1.0,score_iso,16,18,7.480471301911229,Z1,"1-axis:(1,)",0.14939303383950386,0.00012737589620792595,0.7555487494213047,2.37598386775205,9.623869908631635e-05,0.9976321491379511
tet_1.20,1.0,q_only,16,18,7.480471301911229,Z1,"1-axis:(1,)",0.14939303383950386,0.00012737589620792595,0.7555487494213047,2.37598386775205,0.14939303383950386,0.9976321491379511
tet_1.20,1.0,xyz_only,20,20,8.358839661654793,Y1,"1-axis:(1,)",0.10765003182060398,0.00014631486659982408,0.4242644421942072,2.4080388828770407,0.00014631486659982408,0.36420268675475087
tet_1.20,1.5,score_q,11,12,6.805268392258467,X1+Y1+Z1,"3-axis:(1, 1, 1)",0.13166898814587244,8.99531053860575e-05,0.2396702440442588,1.5151380809623118,1.1844034366761219e-05,0.7671539483661747
tet_1.20,1.5,score_iso,16,19,8.550852853181292,Z1,"1-axis:(1,)",0.07501535585153253,0.00013428323448359879,0.7151503055635863,1.9200613258999428,9.603269617301238e-05,0.9928194904460169
tet_1.20,1.5,q_only,12,10,6.4138558897573175,X1+Y2+Z2,"3-axis:(1, 2, 2)",0.14090913339160183,2.115464903208103e-05,0.65105306864965,1.27032885427038,0.14090913339160183,0.7422632037652136
tet_1.20,1.5,xyz_only,20,20,9.45121718800945,X1+Y1+Z2,"3-axis:(1, 1, 2)",0.07214652159325483,0.00015901686386798346,0.5763040813607185,1.9749467106655068,0.00015901686386798346,0.8032486082465746
tet_1.20,2.0,score_q,20,20,10.34701686894251,X1+Y1+Z2,"3-axis:(1, 1, 2)",0.14159097965223333,0.00020971542448173567,0.3240695846775366,1.6208620429025427,2.9693812400552912e-05,0.8186817356359389
tet_1.20,2.0,score_iso,16,19,9.415064130734326,X1+Y1+Z1,"3-axis:(1, 1, 1)",0.06508054326377342,0.00014769993248484186,0.6917062310209159,1.5507831146466085,0.0001021649636211337,0.9949780750946519
tet_1.20,2.0,q_only,17,16,8.922003090661777,X1+Y1+Z2,"3-axis:(1, 1, 2)",0.17642452798499747,0.00012184468370822191,0.3287064732458352,1.3849675938760477,0.17642452798499747,0.8145390777464067
tet_1.20,2.0,xyz_only,20,20,10.34701686894251,X1+Y1+Z2,"3-axis:(1, 1, 2)",0.14159097965223333,0.00020971542448173567,0.3240695846775366,1.6208620429025427,0.00020971542448173567,0.8186817356359389
tet_1.20,3.0,score_q,11,13,8.481540057417075,X1+Y1+Z1,"3-axis:(1, 1, 1)",0.19642363956442307,0.00013342256220366222,0.18795518897318955,0.8071304452892006,2.6207345268053963e-05,0.7608634927059812
tet_1.20,3.0,score_iso,20,20,11.69338891078104,X1+Y1+Z2,"3-axis:(1, 1, 2)",0.12699837450387122,0.00020018467109500263,0.6079085728694834,1.1103625193083557,0.00012169397771570998,0.8098758981226194
tet_1.20,3.0,q_only,10,12,8.481540057417023,X1+Y2+Z1,"3-axis:(1, 1, 2)",0.1968840587689184,0.00011508928862191488,0.1879551889731767,0.8071304452891529,0.1968840587689184,0.7608634927059752
tet_1.20,3.0,xyz_only,20,20,11.69338891078104,X1+Y1+Z2,"3-axis:(1, 1, 2)",0.12699837450387122,0.00020018467109500263,0.6079085728694834,1.1103625193083557,0.00020018467109500263,0.8098758981226194
tet_1.20,4.0,score_q,20,20,12.629363000351415,X1+Y2+Z1,"3-axis:(1, 1, 2)",0.13120453829455622,0.00023352300614041011,0.6333980834210614,0.7856770228990808,3.063927820180933e-05,0.9346588711079384
tet_1.20,4.0,score_iso,20,20,12.629363000351415,X1+Y2+Z1,"3-axis:(1, 1, 2)",0.13120453829455622,0.00023352300614041011,0.6333980834210614,0.7856770228990808,0.00014791302452406052,0.9346588711079384
tet_1.20,4.0,q_only,18,18,10.89215638712876,X1+Y2+Z2,"3-axis:(1, 2, 2)",0.20111999049496024,0.00013873421500255821,0.35263834741520805,0.6848778189238804,0.20111999049496024,0.9145322345603237
tet_1.20,4.0,xyz_only,20,20,12.629363000351415,X1+Y2+Z1,"3-axis:(1, 1, 2)",0.13120453829455622,0.00023352300614041011,0.6333980834210614,0.7856770228990808,0.00023352300614041011,0.9346588711079384
tet_1.20,5.0,score_q,20,20,13.302575141557966,X1+Y2+Z1,"3-axis:(1, 1, 2)",0.16299191147099065,0.00026355029979820203,0.5142895351810901,0.5754152619006726,4.2956567132861595e-05,0.4729954733866889
tet_1.20,5.0,score_iso,8,11,9.18982045782094,X1+Y1+Z2,"3-axis:(1, 1, 2)",0.1070160461551306,0.00026628044503599637,0.7210656243238436,0.40290316695151257,0.00019200567534511162,0.9974991651291308
tet_1.20,5.0,q_only,3,4,4.842678790631006,X1+Y2+Z1,"3-axis:(1, 1, 2)",0.2098931731915042,9.382736374137964e-05,0.2775430927837895,0.21774206299703602,0.2098931731915042,0.895566646714105
tet_1.20,5.0,xyz_only,8,11,9.18982045782094,X1+Y1+Z2,"3-axis:(1, 1, 2)",0.1070160461551306,0.00026628044503599637,0.7210656243238436,0.40290316695151257,0.00026628044503599637,0.9974991651291308
tet_1.20,7.0,score_q,6,6,7.103150581742179,X1+Y1+Z2,"3-axis:(1, 1, 2)",0.22510938365831815,0.00024844607218327275,0.2010049281568431,0.16574756303137328,5.592754218150655e-05,0.7917700693322354
tet_1.20,7.0,score_iso,8,11,9.80241698605479,X1+Y2+Z2,"3-axis:(1, 2, 2)",0.11572734050407837,0.00037820311850728257,0.7155129087414932,0.23216920895851126,0.00027060921341824943,0.9956134210100851
tet_1.20,7.0,q_only,5,5,7.103150581742143,X1+Y2+Z2,"3-axis:(1, 2, 2)",0.23024556203654775,0.0002241144936044705,0.20100492815684243,0.16574756303137334,0.23024556203654775,0.791770069332237
tet_1.20,7.0,xyz_only,8,11,9.80241698605479,X1+Y2+Z2,"3-axis:(1, 2, 2)",0.11572734050407837,0.00037820311850728257,0.7155129087414932,0.23216920895851126,0.00037820311850728257,0.9956134210100851
tet_1.20,10.0,score_q,8,11,10.31104567050891,X1+Y2+Z1,"3-axis:(1, 1, 2)",0.12052944848943514,0.0004939328823561492,0.7098446705715644,0.1235409584839692,5.9533457901183714e-05,0.996803836978846
tet_1.20,10.0,score_iso,8,11,10.31104567050891,X1+Y2+Z1,"3-axis:(1, 1, 2)",0.12052944848943514,0.0004939328823561492,0.7098446705715644,0.1235409584839692,0.000350615624160564,0.996803836978846
tet_1.20,10.0,q_only,11,13,10.742303919510338,X1+Y2+Z1,"3-axis:(1, 1, 2)",0.20473142426760313,0.00020189746098292835,0.20301241398323341,0.12238123713293153,0.20473142426760313,0.9964471876386355
tet_1.20,10.0,xyz_only,8,11,10.31104567050891,X1+Y2+Z1,"3-axis:(1, 1, 2)",0.12052944848943514,0.0004939328823561492,0.7098446705715644,0.1235409584839692,0.0004939328823561492,0.996803836978846
tet_1.35,0.0,score_q,14,14,4.00982497719996,Z1,"1-axis:(1,)",0.41495568418199447,0.0002112399709664249,0.7674694903274606,3.3666665689475384,8.765522667895749e-05,1.0
tet_1.35,0.0,score_iso,14,14,4.00982497719996,Z1,"1-axis:(1,)",0.41495568418199447,0.0002112399709664249,0.7674694903274606,3.3666665689475384,0.00016212023285438971,1.0
tet_1.35,0.0,q_only,14,14,4.00982497719996,Z1,"1-axis:(1,)",0.41495568418199447,0.0002112399709664249,0.7674694903274606,3.3666665689475384,0.41495568418199447,1.0
tet_1.35,0.0,xyz_only,14,14,4.00982497719996,Z1,"1-axis:(1,)",0.41495568418199447,0.0002112399709664249,0.7674694903274606,3.3666665689475384,0.0002112399709664249,1.0
tet_1.35,0.25,score_q,14,14,4.816001321713225,Z1,"1-axis:(1,)",0.34658630105508514,0.00018798650884170254,0.6982786024444609,3.081187712484974,6.515354874770474e-05,0.9951112337989529
tet_1.35,0.25,score_iso,14,14,4.816001321713225,Z1,"1-axis:(1,)",0.34658630105508514,0.00018798650884170254,0.6982786024444609,3.081187712484974,0.00013126695667239733,0.9951112337989529
tet_1.35,0.25,q_only,14,14,4.816001321713225,Z1,"1-axis:(1,)",0.34658630105508514,0.00018798650884170254,0.6982786024444609,3.081187712484974,0.34658630105508514,0.9951112337989529
tet_1.35,0.25,xyz_only,20,20,6.098331505569085,Y1,"1-axis:(1,)",0.24629384702546386,0.00020067830580074053,0.29104265642504806,3.0783509963613778,0.00020067830580074053,0.795032967176797
tet_1.35,0.5,score_q,14,14,5.550219753852307,Z1,"1-axis:(1,)",0.27326061908315286,0.0001654275434152604,0.6520659286098741,2.793242951268352,4.52048329270592e-05,0.9961144226724202
tet_1.35,0.5,score_iso,14,14,5.550219753852307,Z1,"1-axis:(1,)",0.27326061908315286,0.0001654275434152604,0.6520659286098741,2.793242951268352,0.00010786966471472205,0.9961144226724202
tet_1.35,0.5,q_only,14,14,5.550219753852307,Z1,"1-axis:(1,)",0.27326061908315286,0.0001654275434152604,0.6520659286098741,2.793242951268352,0.27326061908315286,0.9961144226724202
tet_1.35,0.5,xyz_only,14,14,5.550219753852307,Z1,"1-axis:(1,)",0.27326061908315286,0.0001654275434152604,0.6520659286098741,2.793242951268352,0.0001654275434152604,0.9961144226724202
tet_1.35,0.75,score_q,14,17,6.213416818804607,Z1,"1-axis:(1,)",0.20547889161260488,0.00014448824705155382,0.6204316199110393,2.5146912078283217,2.9689284855201503e-05,0.9968787707135185
tet_1.35,0.75,score_iso,14,17,6.213416818804607,Z1,"1-axis:(1,)",0.20547889161260488,0.00014448824705155382,0.6204316199110393,2.5146912078283217,8.964507717630198e-05,0.9968787707135185
tet_1.35,0.75,q_only,14,17,6.213416818804607,Z1,"1-axis:(1,)",0.20547889161260488,0.00014448824705155382,0.6204316199110393,2.5146912078283217,0.20547889161260488,0.9968787707135185
tet_1.35,0.75,xyz_only,14,17,6.213416818804607,Z1,"1-axis:(1,)",0.20547889161260488,0.00014448824705155382,0.6204316199110393,2.5146912078283217,0.00014448824705155382,0.9968787707135185
tet_1.35,1.0,score_q,14,17,6.809029159147169,Z1,"1-axis:(1,)",0.14932131432801307,0.00012561900522695504,0.5982374128515353,2.2535822554313376,1.875759496506647e-05,0.997460027721472
tet_1.35,1.0,score_iso,14,17,6.809029159147169,Z1,"1-axis:(1,)",0.14932131432801307,0.00012561900522695504,0.5982374128515353,2.2535822554313376,7.514998869195708e-05,0.997460027721472
tet_1.35,1.0,q_only,14,17,6.809029159147169,Z1,"1-axis:(1,)",0.14932131432801307,0.00012561900522695504,0.5982374128515353,2.2535822554313376,0.14932131432801307,0.997460027721472
tet_1.35,1.0,xyz_only,20,20,7.858745816094503,Y1+Z2,"2-axis:(1, 2)",0.11852186598808401,0.00012810636265901752,0.32216464960643526,1.887047270361642,0.00012810636265901752,0.6233671431915793
tet_1.35,1.5,score_q,20,20,8.720397662699074,Y1+Z2,"2-axis:(1, 2)",0.08604438731988139,0.0001772003670758079,0.28755468773039305,1.568281383029168,1.5247097017895972e-05,0.9804114889859622
tet_1.35,1.5,score_iso,14,17,7.81817151020522,Z1,"1-axis:(1,)",0.0749012407058518,0.00013132698239468952,0.5706623865290645,1.7986794067439595,7.494336918901396e-05,0.9924171217257929
tet_1.35,1.5,q_only,19,18,8.091834115344907,X1+Y1+Z2,"3-axis:(1, 1, 2)",0.13510280473390623,0.00010500700603149448,0.42564582228736275,1.6453326197519527,0.13510280473390623,0.9891957820047621
tet_1.35,1.5,xyz_only,20,20,8.720397662699074,Y1+Z2,"2-axis:(1, 2)",0.08604438731988139,0.0001772003670758079,0.28755468773039305,1.568281383029168,0.0001772003670758079,0.9804114889859622
tet_1.35,2.0,score_q,20,20,9.435372161727669,X1+Y2+Z2,"3-axis:(1, 2, 2)",0.14160521571869866,0.00024035535697989666,0.18053450464474757,1.2996297675510844,3.4035572174283094e-05,0.5157364620678613
tet_1.35,2.0,score_iso,14,17,8.623244247334634,X1+Y2+Z1,"3-axis:(1, 1, 2)",0.0648884947331044,0.00014336178838102813,0.5553756161995379,1.4363964225294876,7.961964156158126e-05,0.9947873656096459
tet_1.35,2.0,q_only,6,6,4.732700149340637,X1+Y1+Z1,"3-axis:(1, 1, 1)",0.144518656082807,7.440784815082521e-05,0.15544381672399873,0.8798412609418299,0.144518656082807,0.9144742552712131
tet_1.35,2.0,xyz_only,20,20,9.435372161727669,X1+Y2+Z2,"3-axis:(1, 2, 2)",0.14160521571869866,0.00024035535697989666,0.18053450464474757,1.2996297675510844,0.00024035535697989666,0.5157364620678613
tet_1.35,3.0,score_q,20,20,10.519035917538652,X1+Y2+Z1,"3-axis:(1, 1, 2)",0.16006331328864684,0.0003350157851871389,0.1908692112221137,0.8948334624194919,5.362373658105103e-05,0.9825832035334003
tet_1.35,3.0,score_iso,14,17,9.78930823079872,X1+Y1+Z1,"3-axis:(1, 1, 1)",0.08830495235463848,0.00015538797429665225,0.5403540903787358,0.9389400147689766,8.39645275068619e-05,0.9879046495885621
tet_1.35,3.0,q_only,12,13,7.777296656232654,X1+Y2+Z2,"3-axis:(1, 2, 2)",0.18112029941017355,4.007938563023341e-05,0.7535751102562436,0.7218560552098441,0.18112029941017355,0.9026923700068119
tet_1.35,3.0,xyz_only,20,20,10.519035917538652,X1+Y2+Z1,"3-axis:(1, 1, 2)",0.16006331328864684,0.0003350157851871389,0.1908692112221137,0.8948334624194919,0.0003350157851871389,0.9825832035334003
tet_1.35,4.0,score_q,20,20,11.27124092053886,X1+Y1+Z1,"3-axis:(1, 1, 1)",0.16953163272449057,0.0004338957687082103,0.19355407461484625,0.6286036087544544,7.355905810135082e-05,0.03678925941517677
tet_1.35,4.0,score_iso,9,11,8.27501097296732,X1+Y1+Z1,"3-axis:(1, 1, 1)",0.09921257255495683,0.0002077239264568398,0.5867797535097707,0.5272039160212816,0.00012188819436442622,0.9953312932745175
tet_1.35,4.0,q_only,3,4,4.4746254547648325,X1+Y2+Z2,"3-axis:(1, 2, 2)",0.21898949333272522,7.766405888535932e-05,0.22889331729851806,0.29555600084540246,0.21898949333272522,0.706436283610654
tet_1.35,4.0,xyz_only,20,20,11.27124092053886,X1+Y1+Z1,"3-axis:(1, 1, 1)",0.16953163272449057,0.0004338957687082103,0.19355407461484625,0.6286036087544544,0.0004338957687082103,0.03678925941517677
tet_1.35,5.0,score_q,20,20,11.806998273499024,X1+Y1+Z1,"3-axis:(1, 1, 1)",0.19708272649055467,0.0005180044505332117,0.16607925427940534,0.4550888552722047,0.00010208972944532702,0.7275768816070818
tet_1.35,5.0,score_iso,9,11,8.721289871996117,X1+Y1+Z2,"3-axis:(1, 1, 2)",0.10794384819784178,0.0002772268310720419,0.5824853442599065,0.377162931519394,0.00016148056613508128,0.9975817558990091
tet_1.35,5.0,q_only,10,10,8.58714894527466,X1+Y2+Z1,"3-axis:(1, 1, 2)",0.20971220601069593,0.00013090675591014497,0.15345391677793732,0.3466235448237689,0.20971220601069593,0.9127287080818082
tet_1.35,5.0,xyz_only,20,20,11.806998273499024,X1+Y1+Z1,"3-axis:(1, 1, 1)",0.19708272649055467,0.0005180044505332117,0.16607925427940534,0.4550888552722047,0.0005180044505332117,0.7275768816070818
tet_1.35,7.0,score_q,20,20,12.499227087260186,X1+Y1+Z2,"3-axis:(1, 1, 2)",0.18537732885566177,0.0005615157181613578,0.1906285073785451,0.26163718827045723,0.00010409228394322111,0.9833887748953691
tet_1.35,7.0,score_iso,9,11,9.294371179794956,X1+Y1+Z2,"3-axis:(1, 1, 2)",0.11622581873377102,0.000389377228729473,0.5750691579469656,0.21706416808959636,0.00022391883504918107,0.9957900501714577
tet_1.35,7.0,q_only,10,10,9.112019439261257,X1+Y2+Z2,"3-axis:(1, 2, 2)",0.20321981880577664,0.00016920047139830935,0.16441227502950923,0.19798642641291864,0.20321981880577664,0.990930321716848
tet_1.35,7.0,xyz_only,20,20,12.499227087260186,X1+Y1+Z2,"3-axis:(1, 1, 2)",0.18537732885566177,0.0005615157181613578,0.1906285073785451,0.26163718827045723,0.0005615157181613578,0.9833887748953691
tet_1.35,10.0,score_q,20,20,13.068421855907728,X1+Y1+Z2,"3-axis:(1, 1, 2)",0.21713416747768596,0.0006636928184342714,0.15752362420130947,0.13700216734949222,0.00014411038759164452,0.9790841318822742
tet_1.35,10.0,score_iso,9,11,9.769717424142385,X1+Y2+Z1,"3-axis:(1, 1, 2)",0.12077373457636088,0.0005040680658000101,0.5677902736493937,0.11541506248387759,0.0002862049450185083,0.996950644171583
tet_1.35,10.0,q_only,6,7,6.924430029545149,X1+Y2+Z2,"3-axis:(1, 2, 2)",0.23792010251411075,0.0002822156611991987,0.15873309311342632,0.079848970054706,0.23792010251411075,0.8824874407176472
tet_1.35,10.0,xyz_only,20,20,13.068421855907728,X1+Y1+Z2,"3-axis:(1, 1, 2)",0.21713416747768596,0.0006636928184342714,0.15752362420130947,0.13700216734949222,0.0006636928184342714,0.9790841318822742
tet_1.50,0.0,score_q,12,12,3.6130379038705756,Z1,"1-axis:(1,)",0.41495568418199175,0.00021123997096642367,0.6216502871652635,3.2775980721106004,8.765522667895641e-05,1.0
tet_1.50,0.0,score_iso,12,12,3.6130379038705756,Z1,"1-axis:(1,)",0.41495568418199175,0.00021123997096642367,0.6216502871652635,3.2775980721106004,0.0001313173886120592,1.0
tet_1.50,0.0,q_only,12,12,3.6130379038705756,Z1,"1-axis:(1,)",0.41495568418199175,0.00021123997096642367,0.6216502871652635,3.2775980721106004,0.41495568418199175,1.0
tet_1.50,0.0,xyz_only,12,12,3.6130379038705756,Z1,"1-axis:(1,)",0.41495568418199175,0.00021123997096642367,0.6216502871652635,3.2775980721106004,0.00021123997096642367,1.0
tet_1.50,0.25,score_q,12,15,4.396793489515384,Z1,"1-axis:(1,)",0.3465877335850306,0.00018754486426408873,0.5632863883857548,2.9903945230794333,6.500074945080271e-05,0.9944364490665969
tet_1.50,0.25,score_iso,12,15,4.396793489515384,Z1,"1-axis:(1,)",0.3465877335850306,0.00018754486426408873,0.5632863883857548,2.9903945230794333,0.00010564146925161516,0.9944364490665969
tet_1.50,0.25,q_only,12,15,4.396793489515384,Z1,"1-axis:(1,)",0.3465877335850306,0.00018754486426408873,0.5632863883857548,2.9903945230794333,0.3465877335850306,0.9944364490665969
tet_1.50,0.25,xyz_only,12,15,4.396793489515384,Z1,"1-axis:(1,)",0.3465877335850306,0.00018754486426408873,0.5632863883857548,2.9903945230794333,0.00018754486426408873,0.9944364490665969
tet_1.50,0.5,score_q,12,15,5.107903812854218,Z1,"1-axis:(1,)",0.27324730555728205,0.00016445523492743586,0.5263862867086577,2.6991122727544155,4.493694982871167e-05,0.995707833046638
tet_1.50,0.5,score_iso,12,15,5.107903812854218,Z1,"1-axis:(1,)",0.27324730555728205,0.00016445523492743586,0.5263862867086577,2.6991122727544155,8.656698044325291e-05,0.995707833046638
tet_1.50,0.5,q_only,12,15,5.107903812854218,Z1,"1-axis:(1,)",0.27324730555728205,0.00016445523492743586,0.5263862867086577,2.6991122727544155,0.27324730555728205,0.995707833046638
tet_1.50,0.5,xyz_only,12,15,5.107903812854218,Z1,"1-axis:(1,)",0.27324730555728205,0.00016445523492743586,0.5263862867086577,2.6991122727544155,0.00016445523492743586,0.995707833046638
tet_1.50,0.75,score_q,12,15,5.747188882807798,Z1,"1-axis:(1,)",0.20543256648241814,0.00014305444029848465,0.5023845380106982,2.4177272818198507,2.9388040817223564e-05,0.9966257758879068
tet_1.50,0.75,score_iso,12,15,5.747188882807798,Z1,"1-axis:(1,)",0.20543256648241814,0.00014305444029848465,0.5023845380106982,2.4177272818198507,7.186833889973321e-05,0.9966257758879068
tet_1.50,0.75,q_only,12,15,5.747188882807798,Z1,"1-axis:(1,)",0.20543256648241814,0.00014305444029848465,0.5023845380106982,2.4177272818198507,0.20543256648241814,0.9966257758879068
tet_1.50,0.75,xyz_only,12,15,5.747188882807798,Z1,"1-axis:(1,)",0.20543256648241814,0.00014305444029848465,0.5023845380106982,2.4177272818198507,0.00014305444029848465,0.9966257758879068
tet_1.50,1.0,score_q,12,15,6.318362540536045,Z1,"1-axis:(1,)",0.14923647142353558,0.00012384531093825423,0.4863042675339791,2.155334289504186,1.8482237206775656e-05,0.997294655043969
tet_1.50,1.0,score_iso,12,15,6.318362540536045,Z1,"1-axis:(1,)",0.14923647142353558,0.00012384531093825423,0.4863042675339791,2.155334289504186,6.022650322334561e-05,0.997294655043969
tet_1.50,1.0,q_only,12,15,6.318362540536045,Z1,"1-axis:(1,)",0.14923647142353558,0.00012384531093825423,0.4863042675339791,2.155334289504186,0.14923647142353558,0.997294655043969
tet_1.50,1.0,xyz_only,18,18,6.890929654055319,X1+Y1+Z1,"3-axis:(1, 1, 1)",0.09591504636031116,0.00016493541110056503,0.13858549545562404,1.7901207978277256,0.00016493541110056503,0.7415407940984204
tet_1.50,1.5,score_q,18,18,7.702201328415066,X1+Y1+Z1,"3-axis:(1, 1, 1)",0.11988345021314674,0.00022486026067560568,0.1576260181380715,1.4643291771326188,2.695702386561917e-05,0.8679874353944778
tet_1.50,1.5,score_iso,20,20,8.039851994263,X1+Y2+Z1,"3-axis:(1, 1, 2)",0.10044245514791879,9.300705395770886e-05,0.7090610859386423,1.6236335919409144,6.594768267920694e-05,0.5870601508559925
tet_1.50,1.5,q_only,3,4,3.1151621899383426,X1+Y1+Z1,"3-axis:(1, 1, 1)",0.12697613237463828,2.9923237880498677e-05,0.3087160213570844,0.8797059025326149,0.12697613237463828,0.9826818985705568
tet_1.50,1.5,xyz_only,18,18,7.702201328415066,X1+Y1+Z1,"3-axis:(1, 1, 1)",0.11988345021314674,0.00022486026067560568,0.1576260181380715,1.4643291771326188,0.00022486026067560568,0.8679874353944778
tet_1.50,2.0,score_q,18,19,8.364442180485204,X1+Y1+Z1,"3-axis:(1, 1, 1)",0.15150476474637728,0.0002940021915741344,0.13493493920338198,1.1935623456326028,4.454273286935858e-05,0.988978668693311
tet_1.50,2.0,score_iso,12,17,8.037857934152678,X1+Y2+Z2,"3-axis:(1, 2, 2)",0.06468017829401332,0.00013919805783938608,0.457247076825452,1.3485899653808526,6.364790504683948e-05,0.9946376159620329
tet_1.50,2.0,q_only,20,20,8.779951196506339,X1+Y1+Z2,"3-axis:(1, 1, 2)",0.1679373032705206,0.00013055053376018175,0.37381911138261503,1.345989758779864,0.1679373032705206,0.37000738719176374
tet_1.50,2.0,xyz_only,18,19,8.364442180485204,X1+Y1+Z1,"3-axis:(1, 1, 1)",0.15150476474637728,0.0002940021915741344,0.13493493920338198,1.1935623456326028,0.0002940021915741344,0.988978668693311
tet_1.50,3.0,score_q,18,18,9.345635347667008,X1+Y1+Z1,"3-axis:(1, 1, 1)",0.16309152246390568,0.00036721274693886233,0.15551452990183973,0.7983725611403281,5.988928596641198e-05,0.9722220379008316
tet_1.50,3.0,score_iso,8,8,6.244241427646027,X1+Y2+Z2,"3-axis:(1, 2, 2)",0.09000162005691974,8.447726853562951e-05,0.9448654513103599,0.651885740957286,7.981965246038405e-05,0.9923384972513847
tet_1.50,3.0,q_only,11,9,6.922691563374461,X1+Y2+Z1,"3-axis:(1, 1, 2)",0.1983046749112643,0.00010466226085149388,0.12036182053688564,0.646938897062108,0.1983046749112643,0.7082400421754516
tet_1.50,3.0,xyz_only,18,18,9.345635347667008,X1+Y1+Z1,"3-axis:(1, 1, 1)",0.16309152246390568,0.00036721274693886233,0.15551452990183973,0.7983725611403281,0.00036721274693886233,0.9722220379008316
tet_1.50,4.0,score_q,18,18,10.009970782140126,X1+Y1+Z1,"3-axis:(1, 1, 1)",0.16036696084942922,0.0004176870258387619,0.17015005527765648,0.5496988285362232,6.698319891999925e-05,0.9875054186884126
tet_1.50,4.0,score_iso,8,8,6.784222976451899,X1+Y2+Z2,"3-axis:(1, 2, 2)",0.10309667483161902,0.00011816362910098759,0.9515109479704822,0.44591780012898197,0.00011243398674151315,0.9963003962707718
tet_1.50,4.0,q_only,16,16,9.47500352297913,X1+Y2+Z2,"3-axis:(1, 2, 2)",0.1928303416396511,9.046879393452977e-05,0.3542039588605096,0.5694954311604851,0.1928303416396511,0.7792576720635984
tet_1.50,4.0,xyz_only,18,18,10.009970782140126,X1+Y1+Z1,"3-axis:(1, 1, 1)",0.16036696084942922,0.0004176870258387619,0.17015005527765648,0.5496988285362232,0.0004176870258387619,0.9875054186884126
tet_1.50,5.0,score_q,18,19,10.475480148335265,X1+Y1+Z2,"3-axis:(1, 1, 2)",0.20785681486874397,0.0005275122714286334,0.12588097773984702,0.39303081580484633,0.00010964702054333208,0.7479367353055448
tet_1.50,5.0,score_iso,8,8,7.162527742744611,X1+Y2+Z2,"3-axis:(1, 2, 2)",0.11017112837532256,0.00015208829593314153,0.9613826944573882,0.32041187433246576,0.00014621505573963624,0.9980661701189696
tet_1.50,5.0,q_only,4,3,4.637484228767274,X1+Y2+Z1,"3-axis:(1, 1, 2)",0.21669305350795193,9.798774237071107e-05,0.25902693819786166,0.20660992599859837,0.21669305350795193,0.9780146979495316
tet_1.50,5.0,xyz_only,18,19,10.475480148335265,X1+Y1+Z2,"3-axis:(1, 1, 2)",0.20785681486874397,0.0005275122714286334,0.12588097773984702,0.39303081580484633,0.0005275122714286334,0.7479367353055448
tet_1.50,7.0,score_q,19,19,11.06951982886541,X1+Y2+Z2,"3-axis:(1, 2, 2)",0.17777802998493528,0.0005501625159576696,0.16522104641010352,0.2233191585393646,9.780680825851001e-05,0.9523609839570839
tet_1.50,7.0,score_iso,8,8,7.650673775987679,X1+Y1+Z1,"3-axis:(1, 1, 1)",0.11680369411166651,0.0002048760947470382,0.9789407932111241,0.18536701144748816,0.000200561566701663,0.9965961420736532
tet_1.50,7.0,q_only,4,3,4.951407371675006,X1+Y2+Z1,"3-axis:(1, 1, 2)",0.23045588920150475,0.00012198340764014427,0.24287722158999256,0.11894536551896645,0.23045588920150475,0.9950701352177574
tet_1.50,7.0,xyz_only,19,19,11.06951982886541,X1+Y2+Z2,"3-axis:(1, 2, 2)",0.17777802998493528,0.0005501625159576696,0.16522104641010352,0.2233191585393646,0.0005501625159576696,0.9523609839570839
tet_1.50,10.0,score_q,17,20,14.399325170833103,X1+Y2+Z1,"3-axis:(1, 1, 2)",0.12003765988205124,0.0011005705071489577,0.4113580960215042,0.15197043207121683,0.00013210990821336323,1.6691796176314649e-09
tet_1.50,10.0,score_iso,17,20,14.399325170833103,X1+Y2+Z1,"3-axis:(1, 1, 2)",0.12003765988205124,0.0011005705071489577,0.4113580960215042,0.15197043207121683,0.00045272858835821654,1.6691796176314649e-09
tet_1.50,10.0,q_only,5,6,6.530989971985,X1+Y2+Z2,"3-axis:(1, 2, 2)",0.23814155877745782,0.00028695233579078313,0.12997790661260358,0.07454221485625967,0.23814155877745782,0.9406925354221669
tet_1.50,10.0,xyz_only,17,20,14.399325170833103,X1+Y2+Z1,"3-axis:(1, 1, 2)",0.12003765988205124,0.0011005705071489577,0.4113580960215042,0.15197043207121683,0.0011005705071489577,1.6691796176314649e-09
